N	Stage	Well	1-Pentene	2-Methyl-1-butene	Pentane	Pentane, 2-methyl-	Pentane, 3-methyl-	1-Hexene	n-Hexane	Cyclopentane, methyl-	Pentane, 2,4-dimethyl-	Benzene	Cyclohexane	Hexane, 2-methyl-	Hexane, 3-methyl-	Cyclopentane, 1,3-dimethyl-, cis-	Cyclopentane, 1,3-dimethyl-, trans-	Cyclopentane, 1,2-dimethyl-, trans-	1-Heptene	Heptane	Cyclohexane, methyl-	Hexane, 2,5-dimethyl-	Toluene	Heptane, 3-methyl-	Cyclohexane, 1,4-dimethyl-, trans-	1-Octene	Cyclohexane, 1,2-dimethyl-, trans-	Octane	Ethylbenzene	Benzene, 1,3-dimethyl-	p-Xylene	o-Xylene	1-Nonene	Nonane	Benzene, propyl-	Benzene, 1-ethyl-3-methyl-	Benzene, 1-ethyl-4-methyl-	Mesitylene	Benzene, 1-ethyl-2-methyl-	Benzene, 1,2,4-trimethyl-	1-Decene	Decane	Benzene, n-butyl-	Undecane	Benzene, 1,2,4,5-tetramethyl-	Dodecane	Tridecane	Tetradecane	Pentadecane	Hexadecane	Heptadecane	Pentadecane, 2,6,10,14-tetramethyl-	Octadecane	Hexadecane, 2,6,10,14-tetramethyl-
305	1	1_IRG	1.14439	0.41799	3.62561	0.14722	0.12235	0.17032	0.59553	0.07772	0.02524	6.99812	0.04465	0.03803	0.0353	0.00001	0.00001	0.01185	0.34179	0.08324	0.02253	0.00001	0.41161	0.00001	0.00001	0.09124	0.00001	0.11038	0.05097	0.12348	0.04219	0.59459	0.05518	0.57994	0.09162	0.07149	0.02881	0.06235	0.02817	0.17048	0.01926	0.71269	0.02591	16.80996	0.02376	0.49857	0.31866	0.68138	0.28075	3.61245	0.15142	0.14501	0.35421	0.18729
307	1	1_IRG	1.19145	0.32019	3.01192	0.08768	0.08694	0.08347	0.25766	0.06364	0.0103	5.48045	0.03541	0.02315	0.0172	0.00001	0.00001	0.01175	0.15008	0.00001	0.01764	0.00936	0.18217	0.00001	0.00001	0.04113	0.00001	0.06275	0.02177	0.04869	0.01731	0.16397	0.01882	0.04713	0.01695	0.02067	0.00886	0.01537	0.009	0.06363	0.00001	0.12288	0.00826	0.58157	0.01049	0.30598	0.24326	0.3072	0.29848	0.77273	0.07295	0.12226	0.15769	0.08091
309	1	1_IRG	1.75789	0.5692	6.09804	0.27038	0.19443	0.19636	4.81742	0.08808	0.03199	8.71271	0.06481	0.06407	0.04258	0.00001	0.00608	0.01245	0.30896	0.16084	0.02392	0.02049	1.04997	0.02099	0.00001	0.11255	0.00001	0.19627	0.10937	0.28895	0.09659	1.22097	0.05671	0.33574	0.05284	0.10667	0.0388	0.0625	0.05401	0.23358	0.02332	0.68474	0.04858	1.40911	0.02676	0.37675	0.30123	0.38224	0.36728	1.28087	0.19745	0.15827	0.19138	0.14592
311	1	1_IRG	1.33527	0.38051	4.05918	0.16417	0.12823	0.18966	1.17131	0.0778	0.01963	5.44584	0.05565	0.03007	0.02377	0.00001	0.00001	0.0102	0.30553	0.14969	0.01803	0.00001	0.5901	0.01814	0.00001	0.06548	0.00001	0.13516	0.07964	0.20713	0.07151	0.87743	0.04781	0.27653	0.02825	0.09124	0.04175	0.05203	0.03786	0.2074	0.02807	0.54607	0.03443	1.23047	0.02226	0.37203	0.26871	0.40706	0.29403	1.59077	0.13326	0.15257	0.14768	0.13513
313	1	1_IRG	1.11061	0.30472	2.5948	0.10739	0.09627	0.13471	1.02949	0.0597	0.0186	7.29179	0.03042	0.04498	0.03832	0.00001	0.00001	0.00789	0.2844	0.0605	0.01922	0.00001	0.31077	0.00833	0.00001	0.09113	0.00001	0.07194	0.03882	0.15653	0.02794	0.40347	0.04661	0.07829	0.01934	0.04253	0.01711	0.05028	0.01863	0.10236	0.01987	0.1684	0.01209	0.70374	0.01293	0.27459	0.25592	0.34398	0.20478	0.81332	0.04308	0.0793	0.05133	0.03776
317	1	1_IRG	1.76128	0.32664	8.91921	0.23145	0.1334	0.16675	9.27058	0.07264	0.02232	3.97994	0.03185	0.08326	0.07883	0.00001	0.00001	0.00001	0.24972	0.32788	0.00783	0.00001	2.30192	0.09596	0.00001	0.07583	0.00001	0.28811	0.19388	0.47285	0.18456	2.51189	0.03697	0.35737	0.05477	0.10215	0.03886	0.05538	0.05857	0.19971	0.00001	0.42108	0.008	5.06449	0.01135	0.13707	0.12192	0.22964	0.16204	1.24742	0.05917	0.06398	0.1933	0.07266
319	1	1_IRG	1.06842	0.51607	3.91039	0.14616	0.10343	0.18728	0.63189	0.06479	0.01641	4.64427	0.02329	0.01465	0.01906	0.00001	0.00001	0.00669	0.20763	0.05124	0.00632	0.00001	0.22789	0.00001	0.00001	0.04168	0.00001	0.06043	0.0308	0.08871	0.0255	0.32333	0.02862	0.13828	0.01454	0.02749	0.01264	0.02197	0.00869	0.07519	0.00001	0.14311	0.01144	0.51941	0.00925	0.19003	0.19152	0.27737	0.20708	0.97781	0.04419	0.07053	0.08838	0.03855
327	1	1_IRG	1.22965	0.50299	4.86714	0.21117	0.13271	0.22403	0.8752	0.09002	0.02999	9.65614	0.04873	0.03888	0.05381	0.00001	0.00748	0.0255	0.46438	0.13774	0.03793	0.01548	0.76013	0.03297	0.01323	0.20794	0.01455	0.26964	0.13857	0.35928	0.13227	1.54577	0.243	1.10166	1.83968	0.23574	0.09633	0.42209	0.11212	0.566	0.07256	1.1334	0.08078	5.09126	0.09873	1.56311	1.56207	2.90703	1.85609	10.18455	0.47399	0.86483	0.97564	0.3907
329	1	1_IRG	1.40637	0.39911	4.43492	0.19617	0.12867	0.19016	0.86969	0.08036	0.02505	9.72465	0.08625	0.07825	0.08122	0.01112	0.01694	0.04274	0.5122	0.15547	0.07298	0.04923	1.28341	0.03275	0.01464	0.68941	0.01517	0.27624	0.21311	0.55641	0.19712	1.68258	0.1608	0.9324	6.60815	0.33477	0.15461	0.34066	0.13258	0.81436	0.08202	1.38585	0.14701	5.49722	0.18918	2.50182	2.27328	4.3086	2.78661	14.94872	1.23483	1.15146	0.57835	0.77083
265	1	3_IRG	1.82574	0.46238	5.44642	0.22914	0.16999	0.20623	0.6457	0.13349	0.03262	13.52031	0.10914	0.06989	0.11491	0.01816	0.01603	0.05739	0.84829	0.18714	0.11563	0.03225	1.24858	0.04165	0.01671	2.10916	0.0218	0.31116	0.32063	0.83696	0.38853	1.73927	0.22181	0.60648	2.74667	0.63362	0.22919	0.36752	0.34652	1.6871	0.07943	1.16906	0.1426	11.74534	0.48539	3.72398	3.94622	5.27526	5.02374	15.91346	1.15413	1.70261	1.82793	0.85214
267	1	3_IRG	3.11337	0.64048	18.25824	0.61409	0.4176	0.31336	13.63858	0.25883	0.06014	15.36797	0.19622	0.3041	0.25345	0.03257	0.02264	0.05111	1.16213	0.99608	0.1398	0.06972	5.95558	0.10256	0.02941	0.48712	0.03756	1.1722	0.84083	1.93062	0.98849	6.44404	0.39401	2.1521	0.46115	1.06034	0.424	0.42712	0.44663	2.26441	0.1796	5.41198	0.34393	61.23244	0.30946	3.44353	5.53048	4.13896	5.94316	20.13886	1.07383	1.12183	0.80484	0.67087
269	1	3_IRG	2.19423	0.58265	19.06677	0.53919	0.4341	0.17101	2.38971	0.28218	0.05369	7.53494	0.13349	0.18619	0.18676	0.04093	0.03439	0.05634	0.83797	0.22208	0.15453	0.07839	1.98785	0.07629	0.02044	0.19609	0.0245	0.50246	0.34604	0.79922	0.38909	2.32027	0.16231	0.5302	0.16955	0.42716	0.16018	0.24862	0.18311	0.96655	0.06245	2.20121	0.19749	11.3482	0.19974	3.63548	3.64339	4.62745	6.76434	19.51975	1.25558	1.29703	0.94887	0.78603
271	1	3_IRG	2.8716	0.91896	10.95609	0.5385	0.37506	0.40174	5.16717	0.24149	0.08106	13.0487	0.25606	0.22193	0.21169	0.04923	0.0432	0.06899	1.03776	0.5938	0.19311	0.09595	5.43007	0.09557	0.03042	0.44273	0.00002	0.93617	0.82742	2.09082	0.98123	6.25482	0.3325	1.38308	0.40524	0.88572	0.35872	0.39316	0.35626	1.79033	0.15778	4.6566	0.4051	11.99053	0.26728	4.96834	3.91837	5.2472	6.65008	11.87094	1.14406	1.80569	1.43565	0.89715
273	1	3_IRG	1.76851	0.46947	9.76997	0.38378	0.27273	0.31128	10.43939	0.12665	0.04898	9.94767	0.06327	0.22607	0.20691	0.01372	0.01615	0.03387	0.89974	0.51001	0.08826	0.04538	3.22364	0.07374	0.01987	1.17576	0.03183	0.53111	0.38745	0.92491	0.29932	3.39289	0.24223	0.70111	0.94902	0.38396	0.12789	0.30488	0.18836	0.76817	0.07398	1.93649	0.10339	63.4501	0.12524	2.17617	4.4026	3.58478	3.70777	14.8493	1.00888	1.48155	1.59203	0.81596
275	1	3_IRG	2.00866	0.48227	9.99967	0.25952	0.23054	0.08987	1.25868	0.15118	0.0301	8.05673	0.06541	0.05694	0.06978	0.01094	0.00985	0.02142	0.63581	0.11516	0.06125	0.02908	0.63626	0.02207	0.01149	0.21318	0.01244	0.21156	0.10642	0.24538	0.05563	1.05566	0.1168	0.20972	0.52878	0.15915	0.04874	0.13964	0.08592	0.38375	0.03442	0.53309	0.05049	2.54772	0.07617	1.5519	1.76285	3.54323	4.21018	18.21433	0.85195	0.97369	1.16956	0.56787
277	1	3_IRG	1.92177	0.49397	8.77343	0.38187	0.26961	0.28876	2.04385	0.16638	0.0565	10.67854	0.05805	0.12168	0.13611	0.01538	0.01465	0.03996	0.9897	0.28272	0.08228	0.04123	1.40117	0.08071	0.02776	0.29356	0.02362	0.68772	0.2996	0.78715	0.31357	4.25587	0.32151	2.69929	0.45	0.68872	0.25285	0.30886	0.39655	1.72475	0.08716	4.62689	0.37889	6.76718	0.19768	2.21629	1.98338	2.90067	2.74576	9.28663	0.67574	0.92314	1.19333	0.55497
279	1	3_IRG	2.36401	0.52334	11.85904	0.70364	0.45591	0.24258	1.33652	0.2926	0.08579	10.6468	0.39423	0.28387	0.32603	0.06964	0.0605	0.1211	0.96155	0.36966	0.27581	0.09217	2.7501	0.13274	0.03136	0.46496	0.03635	0.4769	0.42538	1.14034	0.43433	2.22672	0.15257	0.31686	0.14997	0.41434	0.15121	0.2299	0.17867	0.79155	0.08183	0.71936	0.08127	2.9065	0.11374	1.636	1.81439	3.85022	3.90082	19.55927	0.99259	0.93577	1.86544	0.62006
322	1	3_IRG	1.58604	0.63339	2.8671	0.25907	0.14945	0.20955	1.34897	0.13545	0.05079	8.09108	0.13731	0.09853	0.14703	0.02204	0.03768	0.0834	0.71417	0.3079	0.29069	0.02973	2.3031	0.04858	0.03184	0.42211	0.04384	0.7155	0.54001	1.39281	0.70886	5.0195	0.38384	2.20326	0.4928	0.96045	0.42897	0.69865	0.37004	1.94895	0.14832	6.48191	0.35181	112.92331	0.29294	3.4807	6.01007	4.65956	3.95306	18.47246	2.02784	0.82538	1.94379	0.72119
324	1	3_IRG	0.97579	0.32029	2.11601	0.1458	0.08845	0.16119	0.75964	0.0805	0.03047	14.15519	0.05035	0.0398	0.05468	0.00878	0.01046	0.01944	0.4618	0.14846	0.06843	0.00001	1.13954	0.02917	0.01263	0.34184	0.01228	0.36671	0.22768	0.60183	0.23467	2.12182	0.25737	0.41737	0.13975	0.3713	0.13009	0.42821	0.18625	0.90719	0.07888	1.3774	0.12779	5.46908	0.16445	3.40376	2.9148	6.46349	3.09011	18.78928	0.87304	0.97482	0.67838	0.59055
229	1	30_BUG	1.85908	0.60991	5.61791	0.26171	0.20913	0.28712	1.03513	0.1192	0.0561	7.46384	0.11125	0.08928	0.22468	0.02317	0.03228	0.13551	0.6699	0.22013	0.25567	0.0677	1.17145	0.05176	0.02203	0.64234	0.03096	0.58025	0.20627	0.45185	0.16195	1.62925	0.24512	0.61898	3.28144	0.27535	0.10778	0.18387	0.12202	0.55375	0.09397	0.91804	0.10859	3.52666	0.11073	1.65362	1.72169	2.2921	4.35527	6.51662	1.2167	1.36448	1.62671	0.85527
231	1	30_BUG	1.93844	0.59618	4.43779	0.34578	0.28485	0.3762	0.7117	0.17052	0.09575	8.28712	0.36686	0.1004	0.32087	0.07933	0.11054	0.56497	0.56211	0.21158	1.4036	0.0458	1.01939	0.03807	0.02185	0.45788	0.12607	0.40752	0.2025	0.36436	0.10787	1.74231	0.24871	0.36919	0.17267	0.28596	0.089	0.33468	0.13204	0.58651	0.11757	0.98291	0.13112	4.58322	0.15954	2.4375	2.47242	3.56807	2.69342	12.94384	0.94508	0.86688	0.91648	0.51781
233	1	30_BUG	1.66599	0.64628	18.93826	0.74943	0.51423	0.28544	31.64948	0.21173	0.17797	8.60023	0.08083	0.48023	0.55742	0.03263	0.04254	0.10108	4.39987	0.77611	0.22836	0.10595	5.93867	0.17482	0.07115	0.27588	0.08905	0.73707	0.54996	1.1123	0.46166	5.12405	0.22725	1.0323	0.36523	0.51993	0.18192	0.44373	0.31605	0.99752	0.06116	2.31526	0.17924	5.53697	0.15106	2.37367	2.31074	4.75058	3.47196	28.16104	2.11654	1.50329	0.7117	1.29118
235	1	30_BUG	1.81099	0.56644	7.02491	0.34525	0.2332	0.30151	2.10937	0.13234	0.07465	9.90196	0.09708	0.18008	0.24849	0.02946	0.03592	0.13598	0.89625	0.33861	0.24394	0.062	1.57982	0.10379	0.03514	0.3753	0.03699	0.78238	0.33196	0.80698	0.36093	5.13242	0.4166	2.65526	0.42069	0.75245	0.3039	0.44838	0.44318	1.7783	0.10953	5.22989	0.41306	9.21152	0.24574	3.22733	2.83104	3.58156	2.38162	5.47663	0.47712	0.93531	1.15371	0.59775
237	1	30_BUG	1.67617	0.63753	6.42792	0.26974	0.17704	0.25062	1.01607	0.12402	0.071	10.0433	0.10897	0.07336	0.19618	0.03096	0.03796	0.21755	0.6074	0.18706	0.27087	0.04805	1.22613	0.04432	0.01963	0.31517	0.03644	0.26886	0.20296	0.38934	0.14812	1.59224	0.2204	0.42656	1.34952	0.27436	0.10093	0.43934	0.13126	0.64324	0.10574	1.21823	0.12051	6.27542	0.15943	3.21224	3.39314	5.49205	3.57547	18.44723	1.34278	1.48213	1.35481	0.93093
239	1	30_BUG	3.174	0.60834	7.58001	0.34201	0.24943	0.45337	1.24196	0.16362	0.08315	10.88161	0.27505	0.14816	0.33727	0.04896	0.06424	0.23398	0.87921	0.37745	0.47468	0.07671	1.9199	0.09074	0.04458	0.61919	0.09227	0.51805	0.40601	0.7581	0.29289	2.41878	0.26225	0.56674	0.27328	0.59833	0.22337	0.43161	0.31247	1.6034	0.14352	1.83021	0.22376	7.30984	0.30605	3.82065	3.32579	5.14465	4.81296	12.96953	1.58165	1.4144	1.27538	1.10514
282	1	30_BUG	2.00335	0.44516	8.42693	0.52917	0.51129	0.25399	1.58566	0.2442	0.0733	11.15724	0.30958	0.14125	0.30099	0.06205	0.075	0.26615	0.76839	0.24659	0.59196	0.05864	1.37793	0.07341	0.05631	0.23769	0.11133	0.36067	0.31442	0.54535	0.23508	2.02323	0.1565	0.37062	0.14429	0.32367	0.12669	0.24518	0.16069	0.70811	0.07046	0.88799	0.08878	3.91171	0.14708	2.40155	2.54561	3.9877	2.57996	6.95589	0.57528	1.16318	1.21241	0.62969
284	1	30_BUG	1.45888	0.45262	7.4776	0.31998	0.21959	0.17126	1.55172	0.17124	0.0636	11.09993	0.13737	0.15761	0.32851	0.03548	0.04111	0.15289	0.72728	0.2312	0.30287	0.0574	1.77964	0.05633	0.03286	0.35919	0.05768	0.42121	0.34856	0.90453	0.39853	2.97805	0.30908	0.68468	0.2219	0.56217	0.19713	0.37466	0.24742	1.27566	0.09234	2.22096	0.20029	7.28969	0.21809	3.31688	3.23334	4.78686	3.78149	14.91148	0.84747	1.08363	0.9985	0.66954
286	1	30_BUG	1.4108	0.48688	5.73471	0.39266	0.34205	0.1854	0.93132	0.16863	0.03296	7.98335	0.12237	0.07478	0.292	0.02504	0.02732	0.10597	0.4944	0.1993	0.23356	0.07612	0.75578	0.06422	0.02591	0.30758	0.04229	0.39948	0.17479	0.4314	0.12065	1.41641	0.23713	0.38147	0.09753	0.21449	0.06683	0.15923	0.10211	0.46472	0.06831	0.85365	0.05573	5.74367	0.08129	1.59741	1.38937	2.50741	2.09823	11.50814	1.05867	1.29516	1.27572	0.98037
288	1	30_BUG	3.62243	0.93148	21.63131	2.57277	2.28578	0.42262	52.34141	0.45095	0.37154	8.58659	0.32395	0.65817	0.71213	0.10627	0.11888	0.34148	5.73841	1.00447	1.51907	0.15656	6.40206	0.20801	0.24159	1.03473	0.38522	1.74568	0.96306	2.26632	0.95629	15.69374	0.6219	5.98694	1.3447	2.01683	0.86543	0.81596	1.03724	3.79367	0.14589	7.95287	0.78197	16.43891	0.46795	3.73787	3.55709	10.71492	4.39818	66.82967	2.22035	2.31594	1.05735	1.16983
306	2	1_IRG	1.42274	0.44148	4.68151	0.06663	0.0885	0.21878	0.50512	0.05878	0.0135	6.45699	0.03878	0.02005	0.01886	0.00496	0.00705	0.01248	0.26986	0.08756	0.02475	0.05311	0.37127	0.01154	0.00292	0.13471	0.00001	0.13606	0.04327	0.07856	0.02303	0.23538	0.09399	0.10305	0.03163	0.04626	0.01706	0.06256	0.02134	0.10643	0.042	0.20696	0.02363	1.18492	0.0273	0.73215	0.79396	1.26571	1.22578	4.90145	0.56896	0.48453	0.25989	0.35997
308	2	1_IRG	2.54914	0.38687	15.44519	0.24147	0.21343	0.23227	1.35822	0.11448	0.04218	7.29461	0.04382	0.1471	0.17593	0.01359	0.01445	0.02711	0.69824	0.24907	0.06468	0.06718	0.86095	0.053	0.01793	0.33425	0.01719	0.46196	0.19138	0.49201	0.23965	1.70996	0.23563	0.73806	2.11611	0.24923	0.08846	0.23553	0.12777	0.5766	0.07462	1.25735	0.09486	2.96968	0.08839	1.67871	1.71605	3.81968	2.99153	11.44497	0.83293	0.86907	0.92131	0.58411
310	2	1_IRG	1.27715	0.52749	2.54477	0.06546	0.09855	0.20246	0.55943	0.0498	0.02542	6.85535	0.03396	0.04295	0.04786	0.00744	0.0114	0.01944	0.41431	0.13796	0.03575	0.0301	0.54805	0.03001	0.01081	0.18824	0.00614	0.27548	0.13226	0.33841	0.10084	1.26447	0.21303	0.33326	0.08569	0.17258	0.06382	0.14729	0.07905	0.35558	0.0615	0.4898	0.06818	1.49106	0.05848	0.71716	0.81263	1.14976	1.09228	2.66367	0.35091	0.44993	0.52646	0.3018
312	2	1_IRG	1.33025	0.39948	5.59341	0.17232	0.13534	0.16576	0.72775	0.07986	0.02193	5.50806	0.12981	0.04073	0.06082	0.00856	0.01185	0.03978	0.3915	0.09664	0.05	0.03165	0.4382	0.02658	0.00843	0.13732	0.01499	0.17275	0.07829	0.16351	0.06263	0.73531	0.09822	0.16963	0.03545	0.1007	0.03296	0.09724	0.05535	0.2244	0.04742	0.37868	0.03005	1.45378	0.04654	0.76136	0.78818	1.26823	1.43117	4.04411	0.49686	0.53815	0.2268	0.38751
314	2	1_IRG	3.61786	1.27672	14.68853	0.44506	0.41574	0.33756	2.77509	0.20067	0.05964	9.10324	0.13637	0.11994	0.14263	0.01631	0.01465	0.04707	0.67563	0.29661	0.09098	0.0379	3.04619	0.05169	0.01119	0.25376	0.01916	0.45326	0.37256	1.03703	0.46573	2.48861	0.20044	0.69066	0.24113	0.42066	0.16804	0.22416	0.18122	0.96396	0.10315	1.46047	0.12428	3.24743	0.12077	1.42743	1.68784	2.90152	1.45833	9.4404	0.41746	0.39482	0.13559	0.19999
316	2	1_IRG	1.03877	0.29957	1.92206	0.09587	0.04961	0.13734	0.41398	0.02793	0.01681	11.92339	0.04482	0.04601	0.05643	0.00843	0.00728	0.03061	0.3379	0.11954	0.04266	0.03669	0.81348	0.02511	0.00905	0.14975	0.01431	0.23312	0.12549	0.23504	0.14655	0.76044	0.12294	1.43147	25.83848	0.15138	0.0629	0.1431	0.06103	0.32216	0.05303	0.5028	0.05078	1.82997	0.06111	0.96148	1.02062	3.51737	2.21029	21.81985	1.03424	0.78193	1.72719	0.73649
318	2	1_IRG	3.78159	0.7077	21.25704	1.87907	1.58793	0.5668	6.47484	0.40045	0.29414	11.26931	0.07613	0.76604	0.79015	0.09091	0.07813	0.11003	2.57061	1.89844	0.37766	0.31781	4.35107	0.81621	0.17805	0.56379	0.14693	2.14481	1.74458	4.33489	2.2983	5.96135	0.35182	2.27789	0.73619	2.09177	0.96844	0.79086	0.70288	3.08052	0.12799	1.88	0.15001	2.2825	0.12162	1.09209	0.996	1.91158	1.80426	6.06176	0.72369	0.6943	0.45741	0.45966
326	2	1_IRG	1.5083	0.55788	0.85433	0.1209	0.06341	0.2903	0.23676	0.02887	0.01598	6.72006	0.03604	0.02192	0.03375	0.00538	0.00697	0.01448	0.33628	0.11081	0.0239	0.01331	0.4483	0.02136	0.00001	0.2032	0.01215	0.25495	0.10467	0.25355	0.04875	1.01468	0.17612	0.57463	3.29664	0.14496	0.05555	0.30616	0.07114	0.34771	0.12075	0.53656	0.04534	3.51339	0.06994	1.12761	1.29388	2.58316	1.91607	11.26543	0.72514	0.64957	0.59879	0.4552
328	2	1_IRG	0.99113	0.35942	2.64885	0.10812	0.07901	0.2156	0.80743	0.02844	0.02677	6.99169	0.02087	0.04812	0.07163	0.00594	0.00852	0.01491	0.43392	0.20049	0.04062	0.0357	0.892	0.03313	0.01005	0.22173	0.01363	0.31658	0.15951	0.36793	0.16109	1.3386	0.11735	0.35828	0.4004	0.19122	0.07038	0.24067	0.08357	0.40216	0.1047	0.59947	0.04863	2.30483	0.06641	1.0394	1.03553	1.6727	1.81734	4.37682	0.47241	0.50531	0.23412	0.31631
330	2	1_IRG	2.12681	0.64076	1.56372	0.13108	0.06914	0.33965	0.43352	0.02819	0.02101	9.52508	0.01651	0.04219	0.07281	0.00001	0.00001	0.0222	0.46899	0.14569	0.03139	0.02375	0.68599	0.02561	0.0054	0.16934	0.00997	0.27958	0.02541	0.32503	0.14726	1.31614	0.12902	0.23154	0.06549	0.16504	0.06557	0.13019	0.08133	0.3947	0.06547	0.56598	0.05141	2.6158	0.06865	1.54123	1.6154	2.52813	2.63721	6.76654	0.8521	0.90807	0.43318	0.6215
266	2	3_IRG	1.47423	0.43926	2.41543	0.06331	0.08967	0.2836	0.65675	0.05188	0.02855	5.44143	0.05272	0.04732	0.06023	0.00953	0.00524	0.02144	0.56785	0.21391	0.04748	0.02837	0.75321	0.02682	0.00933	0.46203	0.04427	0.30437	0.19991	0.47792	0.15696	1.44669	0.23277	0.39407	0.23132	0.25036	0.09784	0.17191	0.11043	0.53017	0.07851	1.05807	0.05985	20.01441	0.09562	1.70325	1.64247	2.90485	2.40996	10.77014	0.85861	0.72589	0.40277	0.60744
268	2	3_IRG	2.00291	0.58228	7.96042	0.48087	0.29198	0.26986	2.8802	0.1255	0.04844	6.54776	0.07057	0.15246	0.16074	0.01395	0.01348	0.02711	0.67596	0.35883	0.07086	0.05817	1.90416	0.08797	0.01363	0.2017	0.01152	0.51752	0.39056	0.95572	0.3491	2.64641	0.13261	0.44964	0.05547	0.26411	0.08829	0.15865	0.12073	0.49528	0.0305	1.11848	0.06359	18.7994	0.05946	1.1389	1.00075	1.71478	1.40004	3.23246	0.37425	0.4716	0.40455	0.28909
270	2	3_IRG	0.85202	0.27912	5.3062	0.16015	0.11455	0.12628	0.78564	0.06213	0.018	5.85832	0.01731	0.03301	0.04031	0.00697	0.01142	0.01082	0.40247	0.08956	0.03424	0.02321	0.38655	0.02232	0.00931	0.46496	0.01537	0.1846	0.10226	0.25792	0.10698	1.02342	0.1266	0.19229	0.06737	0.13409	0.04628	0.08956	0.06107	0.2817	0.04998	0.37825	0.04009	1.46331	0.0451	0.80309	0.85064	1.21124	1.43929	2.47121	0.31931	0.37497	0.45198	0.23397
272	2	3_IRG	1.65139	0.45345	5.40528	0.30474	0.20103	0.25885	1.88813	0.10867	0.03874	5.78461	0.05235	0.13589	0.12394	0.01624	0.01249	0.02498	0.49464	0.29294	0.06777	0.07321	1.27635	0.05921	0.01702	0.29202	0.03402	0.34966	0.21647	0.51787	0.202	1.59244	0.20367	0.38045	0.10827	0.24151	0.09695	0.15462	0.10899	0.46866	0.0485	0.58879	0.07647	2.31839	0.08442	1.36107	0.96655	4.21957	2.38138	19.69739	0.73468	0.6501	1.35978	0.51052
274	2	3_IRG	1.44148	0.45952	13.33097	0.41849	0.25365	0.20489	8.37286	0.14498	0.04618	6.04083	0.0796	0.16658	0.13725	0.02116	0.01603	0.02535	0.54807	0.29628	0.0645	0.06111	1.85823	0.06185	0.01265	0.26781	0.01305	0.33692	0.28437	0.70332	0.29654	1.5964	0.10513	0.2539	0.1873	0.21916	0.07058	0.12432	0.09548	0.41268	0.02939	0.41506	0.04506	1.42163	0.04446	0.74512	0.79608	1.15034	1.56953	3.688	0.34428	0.39089	0.52148	0.25684
276	2	3_IRG	2.23819	0.73036	6.53954	0.36894	0.26076	0.33479	1.65477	0.14383	0.04775	8.4698	0.11521	0.13921	0.17184	0.02831	0.03284	0.06839	0.89061	0.35865	0.15338	0.08205	2.25766	0.06874	0.01902	0.71901	0.02908	0.50417	0.37208	0.85907	0.37889	2.31447	0.24678	0.39198	0.15329	0.34241	0.12192	0.22594	0.1503	0.69368	0.10534	0.78695	0.0828	3.05692	0.11572	2.06341	2.53594	4.38695	5.02239	11.67567	0.97236	0.96353	0.91614	0.562
278	2	3_IRG	2.50946	0.45943	10.10483	0.73021	0.48598	0.32358	1.70103	0.26552	0.06678	9.04697	0.27998	0.32728	0.40353	0.07388	0.06078	0.09086	1.22736	0.50593	0.26847	0.11212	3.93096	0.16295	0.04217	0.37981	0.04088	0.64066	0.64302	1.43916	0.63526	2.43996	0.19203	0.39447	0.15621	0.43225	0.15531	0.22224	0.18872	0.80097	0.08907	0.58427	0.06224	2.24617	0.08605	1.20771	1.46963	2.60056	3.19317	9.09333	0.78838	0.78317	0.74924	0.58629
321	2	3_IRG	2.29719	0.7822	7.99074	0.31293	0.19257	0.32809	1.25016	0.11045	0.03674	7.02664	0.08017	0.09893	0.1017	0.01428	0.01259	0.03853	0.50202	0.24225	0.08254	0.02264	1.39988	0.04909	0.01356	0.44933	0.02021	0.39456	0.23709	0.50358	0.19037	1.49924	0.28445	0.81424	0.0971	0.22722	0.09106	0.28283	0.1042	0.49301	0.08528	0.84239	0.07752	5.1524	0.09131	2.11462	1.45785	6.2703	3.80376	20.30092	1.29799	1.00725	1.70249	0.87078
323	2	3_IRG	2.16532	0.64674	8.25076	0.39822	0.30267	0.31356	1.81764	0.11776	0.0679	7.14488	0.06187	0.4086	0.39615	0.02226	0.01989	0.0478	0.52321	1.051	0.11038	0.09834	4.61504	0.35717	0.02957	0.57953	0.02834	1.57955	0.94713	2.09943	1.1068	4.71215	0.34506	2.14867	0.31063	0.80646	0.34286	0.54573	0.30443	1.10742	0.07579	2.44925	0.11413	4.81267	0.10447	2.05574	1.46147	2.61703	1.86153	9.90711	1.20325	0.48878	0.58183	0.3321
325	2	3_IRG	1.78828	0.38005	4.88914	0.34237	0.24959	0.20786	1.44208	0.09418	0.05444	6.46841	0.0938	0.00001	0.34032	0.03332	0.032	0.0486	0.57262	0.49705	0.16075	0.12757	4.46874	0.12293	0.02648	0.41184	0.01878	0.56584	0.43872	0.93306	0.4315	1.82805	0.18288	0.43835	0.39175	0.27637	0.10561	0.21918	0.11818	0.56935	0.04514	1.43748	0.04728	47.1981	0.07385	1.15239	0.96479	3.14031	2.10871	25.11647	1.01629	0.82926	3.31044	0.8427
226	2	30_BUG	1.9023	0.59904	3.58128	0.09782	0.22849	0.25786	1.24975	0.09411	0.04031	5.64158	0.04525	0.0713	0.04456	0.00938	0.00522	0.01603	0.5215	0.247	0.05594	0.02864	1.07023	0.04467	0.00982	0.57051	0.02186	0.51146	0.23781	0.63472	0.26772	1.54579	0.39548	0.50244	0.10502	0.26013	0.10393	0.1443	0.10426	0.55837	0.09927	0.91033	0.06314	16.72669	0.08118	1.33258	1.25474	2.02806	2.11514	5.50962	0.59872	0.62236	0.35783	0.4517
230	2	30_BUG	1.45431	0.37674	7.62978	0.38723	0.29444	0.36559	3.58094	0.08244	0.09121	5.72248	0.06794	0.13828	0.18619	0.02955	0.02506	0.10296	0.83942	0.14148	0.23023	0.04289	1.09612	0.03617	0.0199	0.69979	0.04278	0.42492	0.16808	0.35163	0.1622	1.15951	0.16126	0.30673	0.41048	0.17108	0.0659	0.10021	0.07383	0.36537	0.04899	0.38225	0.04758	1.47274	0.05977	0.76797	0.82391	1.01919	1.66538	3.28233	0.38511	0.36411	0.18183	0.24634
232	2	30_BUG	1.17581	0.35675	7.30886	0.21949	0.13946	0.21997	1.96804	0.07713	0.02258	4.58964	0.03615	0.05712	0.07895	0.01456	0.01346	0.05739	0.29801	0.39266	0.09968	0.03192	3.24174	0.0241	0.0116	0.33278	0.01686	0.87371	1.05083	3.25165	1.6377	4.91973	0.21113	1.97438	0.36678	1.15873	0.44008	0.26151	0.29782	1.95736	0.07358	2.53084	0.0871	2.44989	0.08169	0.81448	0.68339	0.94445	0.85221	3.36913	0.28273	0.22292	0.23276	0.1715
234	2	30_BUG	1.44561	0.44672	8.04179	0.23798	0.14534	0.19641	1.04023	0.09121	0.03124	5.12141	0.05141	0.05861	0.10331	0.01587	0.01453	0.05719	0.42393	0.14438	0.10941	0.04597	0.73812	0.03169	0.01073	0.20383	0.01473	0.26822	0.15922	0.29541	0.12744	1.14101	0.12908	0.28852	0.16156	0.13292	0.0519	0.08863	0.06232	0.274	0.05931	0.43119	0.04626	1.49534	0.04964	0.6802	0.77467	0.8397	1.51444	2.08469	0.39519	0.44749	0.57764	0.30858
236	2	30_BUG	1.94803	0.42453	5.63454	0.21284	0.1324	0.25602	2.17901	0.06592	0.03036	5.14301	0.0353	0.03886	0.04804	0.01706	0.01315	0.0364	0.40409	0.21447	0.07419	0.03876	1.42246	0.026	0.01044	0.21916	0.01909	0.40947	0.25957	0.73381	0.43729	2.32556	0.30484	0.60973	0.07404	0.28497	0.12994	0.13083	0.10476	0.62471	0.2011	1.45143	0.11754	5.13056	0.07262	1.38853	1.18297	1.02493	1.44478	1.73185	0.37472	0.504	0.19381	0.30892
238	2	30_BUG	2.40251	0.71774	5.61452	0.34407	0.26229	0.34594	1.32959	0.11211	0.05577	7.03777	0.09605	0.13196	0.21488	0.02635	0.02463	0.15657	0.70342	0.33138	0.2506	0.11172	2.00088	0.06761	0.02315	0.38036	0.0374	0.49405	0.35817	0.71921	0.35801	1.94595	0.25866	0.34346	0.09798	0.33498	0.15493	0.26597	0.1352	0.72633	0.13144	0.85255	0.10331	4.86395	0.12512	1.65852	1.48115	3.03721	2.11115	8.64615	0.79967	0.80187	0.36911	0.5624
281	2	30_BUG	1.42245	0.36504	5.09351	0.29812	0.21642	0.20286	1.32778	0.11448	0.03528	6.80719	0.09434	0.08688	0.1233	0.02213	0.02468	0.07598	0.45251	0.19314	0.20579	0.03602	0.91835	0.04064	0.01902	0.19106	0.03602	0.277	0.19612	0.36023	0.1731	1.20396	0.13519	0.25436	0.07263	0.1608	0.05515	0.10176	0.07263	0.29561	0.02973	0.35796	0.0339	1.27243	0.04395	0.60078	0.55046	0.97076	0.65229	4.49175	0.19735	0.24064	0.26594	0.18904
283	2	30_BUG	1.33837	0.24256	4.19862	0.28385	0.17694	0.17136	0.75464	0.09465	0.03629	5.47475	0.04297	0.06521	0.12039	0.01858	0.0158	0.04016	0.38055	0.17203	0.11285	0.06706	0.5532	0.04318	0.01714	0.17121	0.02094	0.27738	0.13933	0.31046	0.12429	1.00524	0.12798	0.38411	0.07603	0.15021	0.056	0.1251	0.07179	0.31578	0.0493	2.8368	0.0441	89.90077	0.05592	0.81024	0.75487	1.02669	0.98056	3.61435	0.39389	0.4742	0.61671	0.36251
285	2	30_BUG	1.94051	0.49083	6.89033	0.28259	0.18824	0.33399	1.60277	0.09239	0.03255	7.46927	0.06968	0.0811	0.11234	0.01364	0.01516	0.07207	0.56705	0.54572	0.13297	0.05538	1.0034	0.23278	0.01478	0.28142	0.0243	0.43719	0.28071	0.6693	0.28339	2.13077	0.20106	0.56655	0.13163	0.26375	0.09725	0.1538	0.12355	0.4985	0.04572	1.13704	0.08467	2.47708	0.06675	0.92492	0.77029	1.24875	1.08451	3.27321	0.33221	0.40656	0.53256	0.2807
1	1	field	1.68045	0.43945	5.76139	0.41338	0.38521	0.26545	2.90141	0.16138	0.05279	6.66384	0.0459	0.07806	0.08452	0.01536	0.01488	0.02816	0.57856	0.19129	0.08501	0.01928	4.01409	0.03543	0.01771	0.26011	0.02239	0.24857	1.35874	4.40222	2.08253	4.36228	0.15641	0.2058	0.54067	2.73407	0.74313	1.54069	1.36654	6.28745	0.03799	0.43362	0.11598	3.09631	1.08603	0.7724	0.67836	1.78955	0.71583	9.0706	0.42448	0.3311	0.24819	0.24156
2	2	field	1.24912	0.30445	1.78735	0.13578	0.09139	0.18917	1.05477	0.03734	0.02176	3.58782	0.01363	0.04427	0.08627	0.01024	0.01168	0.02377	0.24758	0.13514	0.05014	0.02225	2.34085	0.04306	0.01149	0.23175	0.0136	0.20029	0.95837	2.51108	1.62545	3.06163	0.07176	0.21572	0.44694	1.71572	0.65922	0.8276	0.8821	4.68138	0.03817	0.53619	0.13118	1.74966	0.78396	0.6498	0.42581	0.51402	0.23692	1.77631	0.13605	0.10958	0.08087	0.08489
3	2	field	2.84844	1.02348	4.20029	0.35393	0.15554	0.45174	0.9995	0.06981	0.03361	7.22188	0.01856	0.04302	0.04424	0.01026	0.00796	0.01466	0.4803	0.16448	0.03444	0.02918	0.70663	0.02598	0.00957	0.21392	0.00956	0.25656	0.1633	0.33366	0.15841	0.99919	0.12521	0.20287	0.06807	0.1691	0.0675	0.13374	0.08481	0.33571	0.04659	0.42094	0.04543	1.61271	0.0761	1.04007	1.01628	1.95663	1.78595	9.23904	1.41788	0.60268	1.69902	0.5644
4	1	field	5.73626	10.10346	12.19365	19.20791	17.27142	0.78102	55.18965	5.80265	1.6529	10.60549	0.3621	1.34999	0.64701	0.04155	0.03389	0.07105	0.84908	0.68887	0.14807	0.16992	4.45863	0.18386	0.02207	0.27691	0.02299	0.55039	0.49609	1.48213	0.48167	2.55378	0.08745	10.95609	0.17487	0.30895	0.10937	0.22821	0.12861	0.41007	0.03697	0.54941	0.05575	1.4247	0.01089	0.48592	0.16722	0.24267	0.07894	0.51551	0.1073	0.03467	0.04073	0.0076
5	2	field	0.90262	0.30656	1.91247	0.10995	0.08093	0.17419	0.67851	0.03748	0.0301	2.836	0.01083	0.02326	0.03766	0.00631	0.00895	0.00852	0.17925	0.06579	0.02289	0.00001	0.36186	0.01438	0.00001	0.26007	0.00001	0.11122	0.08584	0.20571	0.10007	0.57581	0.09816	0.12812	0.03556	0.09628	0.03392	0.11321	0.04105	0.19246	0.0326	0.20831	0.02437	0.86284	0.03813	0.41926	0.37219	0.8327	0.34269	3.19788	0.16906	0.11021	0.13389	0.10494
6	1	field	1.56509	0.55907	5.50674	0.27326	0.15672	0.23673	0.92201	0.08788	0.03049	3.17531	0.01793	0.04104	0.04979	0.00717	0.00804	0.00634	0.3852	0.08493	0.0303	0.03731	0.54215	0.02245	0.0051	0.18196	0.01424	0.15676	0.1142	0.29257	0.12842	1.14538	0.33287	0.2591	0.10399	0.1422	0.05399	0.15934	0.05801	0.25159	0.05256	0.31493	0.04258	1.43496	0.03419	0.578	0.43118	0.82842	0.51187	3.63685	0.31198	0.14093	0.42866	0.1693
7	2	field	1.13111	0.5367	1.65001	0.14803	0.07512	0.26877	0.55794	0.02955	0.0186	3.45899	0.03487	0.02078	0.03046	0.00591	0.00539	0.01027	0.2397	0.12282	0.02362	0.07654	0.63457	0.01844	0.01232	0.23567	0.00001	0.25145	0.20006	0.51194	0.25171	1.19914	0.104	0.34833	0.08079	0.18812	0.07185	0.18883	0.05678	0.29831	0.05179	0.64971	0.03546	2.14047	0.03157	0.48345	0.33053	1.01875	0.55066	5.05172	0.33895	0.16787	0.25845	0.14024
8	1	field	1.44104	0.46358	8.11823	0.64167	0.51894	0.22081	13.62247	0.12956	0.03993	2.87386	0.02116	0.0654	0.11825	0.01381	0.00977	0.0232	0.43313	0.15406	0.04334	0.00001	1.11591	0.02396	0.00891	0.30728	0.00001	0.22255	0.17101	0.43987	0.22304	1.27254	0.11462	0.35923	0.09276	0.18717	0.08227	0.12486	0.06933	0.36167	0.03839	0.86836	0.07259	1.74926	0.05073	0.61302	0.40758	0.56325	0.26229	1.64413	0.12354	0.09961	0.06032	0.08884
9	2	field	1.22375	0.29478	3.49288	0.1215	0.10453	0.16149	0.80693	0.04648	0.02221	4.11206	0.01232	0.02867	0.02461	0.00878	0.00618	0.00704	0.28727	0.11318	0.02418	0.0102	0.59235	0.02408	0.00001	0.15225	0.00804	0.15144	0.13678	0.2871	0.12339	0.85243	0.07676	0.13907	0.05386	0.10377	0.04139	0.08372	0.0486	0.20434	0.04757	0.33304	0.03835	1.22084	0.03487	0.53351	0.40188	0.88688	0.31091	3.85181	0.18652	0.10245	0.37304	0.10864
10	2	field	3.02501	0.9929	8.80868	0.15419	0.19924	0.46533	1.27458	0.08201	0.02671	8.81119	0.00001	0.04212	0.02846	0.01267	0.01671	0.00471	0.39061	0.16629	0.03083	0.00001	0.73541	0.02354	0.00735	0.33263	0.00001	0.36828	0.15556	0.34464	0.15607	1.09791	0.32384	0.24816	0.07066	0.16132	0.06721	0.24342	0.07308	0.33988	0.06652	0.55408	0.06296	1.93958	0.04768	1.10711	0.98097	1.51218	0.96639	4.57133	0.45215	0.35312	0.23474	0.34659
11	2	field	1.40932	0.53762	2.20703	0.15363	0.07344	0.19517	0.42541	0.03697	0.01812	4.6766	0.03809	0.03325	0.05297	0.01218	0.0084	0.00882	0.19583	0.07992	0.0215	0.00001	0.36846	0.01307	0.00001	0.12294	0.0148	0.07964	0.06993	0.14809	0.08098	0.49251	0.07639	0.06707	0.01866	0.0457	0.00988	0.0667	0.01639	0.07931	0.03879	0.07978	0.0095	0.24393	0.00842	0.14574	0.11903	0.24374	0.14937	0.71474	0.02513	0.02046	0.00001	0.00001
12	1	field	1.7042	0.73625	3.45111	0.26661	0.16165	0.29883	1.26635	0.07704	0.04556	3.69027	0.04405	0.05982	0.10456	0.01549	0.01694	0.02969	0.35029	0.14329	0.0863	0.02207	0.54661	0.03102	0.00943	0.12114	0.03104	0.17288	0.1052	0.21903	0.09522	0.00001	0.06952	0.12053	0.03933	0.09658	0.03753	0.11634	0.04029	0.18496	0.04187	0.23338	0.03267	0.81461	0.03253	0.48267	0.39435	0.5909	0.37611	1.8879	0.17245	0.11709	0.07778	0.06481
13	2	field	1.48721	0.60079	8.28038	1.10011	0.72357	0.26252	31.91661	0.12134	0.15018	9.36023	0.03886	0.24206	0.21383	0.01701	0.0172	0.02064	2.50001	0.35777	0.0621	0.05303	1.5188	0.11924	0.01629	0.1784	0.01196	0.32463	0.18008	0.42697	0.20536	1.42097	0.11871	0.48868	0.07308	0.125	0.04888	0.0957	0.06186	0.27672	0.04434	0.93714	0.05038	1.13285	0.01897	0.42264	0.29496	0.46924	0.17651	1.45668	0.09365	0.0696	0.0623	0.05123
14	1	field	2.53055	0.61571	23.71808	0.64573	0.47874	0.3024	3.27698	0.27219	0.04726	5.58307	0.04607	0.09323	0.10301	0.01951	0.01374	0.01947	0.65104	0.19377	0.06753	0.01662	1.31593	0.04237	0.00947	0.29617	0.01147	0.33064	0.27496	0.79609	0.44214	1.63725	0.10593	0.59701	0.17114	0.38892	0.15048	0.25857	0.13713	0.74145	0.03999	0.83584	0.06604	1.59289	0.0609	0.73803	0.51355	1.23304	0.48601	4.77778	0.26322	0.24978	0.12759	0.19745
15	2	field	1.16062	0.76913	13.78667	0.2937	0.20062	0.22165	1.66826	0.10122	0.02219	3.16893	0.01762	0.03051	0.06512	0.02048	0.00702	0.01328	0.38039	0.10672	0.03454	0.0237	0.59928	0.02341	0.00888	0.11556	0.01011	0.12154	0.10273	0.22043	0.08457	0.65768	0.07268	0.09813	0.03219	0.07533	0.02868	0.09383	0.03283	0.1257	0.03386	0.15694	0.02022	0.603	0.02191	0.34585	0.37271	0.70479	0.48072	2.6585	0.7583	0.14247	0.65201	0.10138
16	1	field	16.81213	0.83718	109.79019	36.07033	38.08626	3.87999	113.56494	6.59669	11.33955	10.16949	0.62987	17.8185	17.16419	1.7652	1.5717	2.29542	7.12089	6.23396	6.41008	0.51202	12.30196	0.70268	0.12672	0.4544	0.11151	0.83579	0.77404	1.3515	0.58641	4.97232	0.17603	0.55885	0.10228	0.24077	0.10095	0.20451	0.11955	0.54267	0.09191	1.69958	0.1098	2.53132	0.07308	0.97543	0.67159	1.34906	0.57951	4.89772	0.37957	0.18311	0.37699	0.15614
17	2	field	1.3571	0.48559	4.97447	0.18931	0.11174	0.26475	0.8949	0.06083	0.03305	5.07896	0.02945	0.03629	0.051	0.00966	0.00995	0.01461	0.30161	0.1189	0.03188	0.00001	0.60111	0.00652	0.00001	0.67363	0.00524	0.16369	0.21487	0.53761	0.27073	1.04814	0.08238	0.15613	0.14532	0.47237	0.18473	0.3128	0.21487	1.15321	0.0529	0.29875	0.06146	0.89889	0.16534	0.4685	0.38562	0.66761	0.27867	2.83933	0.17691	0.09482	0.15387	0.09079
18	1	field	2.13596	0.63541	6.24318	0.32274	0.17254	0.35968	0.95362	0.09442	0.05792	4.82421	0.02432	0.06412	0.08009	0.01022	0.01038	0.0358	0.32719	0.14343	0.03696	0.00001	0.54015	0.03258	0.00001	0.40747	0.00001	0.20531	0.12404	0.2929	0.10264	0.81686	0.09856	0.25673	0.04737	0.11865	0.04606	0.21918	0.05801	0.2853	0.0448	1.09573	0.0301	20.17899	0.03742	0.50038	0.37437	0.74927	0.26878	2.7976	0.10714	0.11102	0.05752	0.0488
19	2	field	1.0165	0.33345	1.69946	0.15561	0.07755	0.22845	0.5024	0.03097	0.02376	3.31941	0.02361	0.04484	0.07122	0.00651	0.0129	0.01791	0.09411	0.10775	0.03615	0.02227	0.50687	0.03285	0.00513	0.26836	0.00746	0.17774	0.13668	0.2788	0.1277	0.82472	0.0794	0.77909	0.04994	0.13457	0.05018	0.15305	0.05886	0.28381	0.06211	5.05187	0.03021	371.58139	0.05464	0.88947	4.10433	0.6118	0.30873	1.47348	0.11533	0.07965	0.08228	0.07269
20	2	field	5.37958	2.8043	45.48801	1.01981	0.50027	0.9005	5.39481	0.25998	0.05803	11.15223	0.06224	0.1968	0.25986	0.01002	0.01577	0.04427	1.08872	0.56999	0.10737	0.03859	2.2725	0.24678	0.00001	0.5792	0.01477	0.64473	0.41338	0.70844	0.3263	2.03398	0.82071	0.36936	0.1117	0.2718	0.09671	0.21788	0.14633	0.54727	0.18299	0.53488	0.0649	2.27432	0.07549	1.2745	0.9819	3.82376	1.80029	35.19248	1.47759	0.60301	3.24594	0.61766
21	1	field	1.75332	0.73294	9.60743	0.42831	0.2593	0.28583	10.41617	0.10377	0.04586	4.33705	0.02281	0.19704	0.14619	0.00783	0.01191	0.02122	0.53719	0.48446	0.03688	0.04044	2.01013	0.03654	0.00883	0.15537	0.01011	0.21521	0.19355	0.43948	0.15127	1.3983	0.06522	0.17609	0.05239	0.1105	0.04598	0.11075	0.05802	0.23897	0.01464	0.27017	0.03456	0.63448	0.02427	0.32626	0.23955	0.54565	0.20962	1.37094	0.07577	0.11641	0.08389	0.07229
22	2	field	1.29618	0.43798	5.54774	0.25368	0.15915	0.25627	1.25279	0.07307	0.03066	3.9865	0.02768	0.06669	0.07183	0.01326	0.00817	0.01528	0.32844	0.14166	0.03654	0.03378	0.57651	0.02766	0.00684	0.53954	0.00909	0.29705	0.116	0.26812	0.11743	1.03151	0.14477	0.32874	0.09038	0.11819	0.03974	0.15989	0.0562	0.24934	0.06449	0.68389	0.04551	3.34779	0.02776	0.50547	0.31218	0.49405	0.15334	0.43783	0.02865	0.07063	0.0688	0.05335
23	1	field	2.26223	0.7054	6.5167	0.66313	0.46856	0.61486	8.43959	0.12361	0.14335	7.44633	0.039	0.42157	0.47244	0.03354	0.02625	0.05384	1.2766	0.82978	0.1256	0.05064	4.92632	0.16772	0.03624	0.74972	0.03501	0.82888	0.62504	1.20437	0.44542	5.19834	0.30748	0.57378	0.14628	0.32553	0.11138	0.30083	0.16165	0.50783	0.04039	0.67924	0.05895	1.76143	0.05179	0.68341	0.64487	0.81563	0.47203	1.09358	0.08194	0.21816	0.08991	0.05693
24	1	field	1.43145	0.61442	5.94292	2.852	2.56173	0.30617	9.82203	1.01414	0.25171	7.65991	0.07729	0.53379	0.60348	0.02736	0.0229	0.05797	0.64758	0.69398	0.09892	0.03787	1.98656	0.04727	0.01252	0.25123	0.00931	0.34209	0.28016	0.65766	0.18218	2.03831	0.11956	0.49461	1.32917	0.29385	0.10343	0.30946	0.10057	0.49697	0.05118	0.66278	0.07146	1.51732	0.04691	0.57272	0.39599	0.7957	0.31163	3.62271	0.11108	0.14995	0.08841	0.12451
25	2	field	1.7601	0.56948	4.48833	0.12641	0.16104	0.29476	1.18322	0.07902	0.02722	6.54642	0.02429	0.05135	0.07813	0.00878	0.01188	0.02187	0.56699	0.19894	0.0687	0.04839	1.08328	0.02576	0.00866	0.57994	0.00889	0.36185	0.21844	0.52837	0.23527	1.28891	0.14999	2.5841	0.13729	0.22123	0.08176	0.21269	0.11441	0.48218	0.09339	0.41348	0.0551	1.39835	0.0753	0.84011	0.6792	1.82139	0.86926	7.01343	0.63748	0.40639	0.44799	0.33862
26	2	field	3.70828	1.26328	12.34659	0.54166	0.24488	0.56651	1.99328	0.11848	0.06309	10.93508	0.06598	0.15865	0.35626	0.01798	0.02595	0.08042	0.92269	0.3117	0.0977	0.00001	1.4562	0.02789	0.01206	0.71219	0.00951	0.46651	0.30678	0.67829	0.34878	1.78117	0.25488	0.44096	0.12028	0.40255	0.15768	0.36436	0.20423	1.22985	0.11982	4.18746	0.18735	8.18692	0.24227	11.41059	7.63616	5.66354	2.14719	11.32001	1.0896	0.45273	1.12389	0.40934
27	1	field	2.13139	0.49047	11.16769	0.58299	0.24892	0.32829	1.81425	0.1678	0.05216	6.11137	0.04753	0.14952	0.12128	0.0137	0.01308	0.02545	0.6462	0.63193	0.06006	0.02306	0.93128	0.02197	0.00001	0.42413	0.00625	0.45081	0.2213	0.52869	0.10009	1.14231	0.28881	0.29174	0.07907	0.20719	0.0767	0.33727	0.08477	0.46763	0.04893	0.67813	0.05576	1.74891	0.04615	0.84314	0.5495	1.34889	0.90771	5.61466	0.50388	0.29723	0.50481	0.29415
28	1	field	1.60876	0.48853	7.3008	0.38593	0.19333	0.31296	1.31474	0.09467	0.03655	3.58775	0.02925	0.0985	0.10063	0.00666	0.00776	0.0234	0.55486	0.27211	0.04564	0.01911	0.56238	0.03896	0.00871	0.58386	0.01761	0.59411	0.15223	0.3744	0.12465	1.75137	0.24119	0.73525	0.12308	0.18575	0.07145	0.14508	0.10191	0.44831	0.05678	1.15261	0.09796	1.66327	0.05507	0.65164	0.39161	0.70135	0.24091	2.15956	0.05715	0.08983	0.05611	0.08997
29	1	field	1.57512	0.5261	2.8893	0.19207	0.13941	0.24253	1.97472	0.06294	0.02556	7.57932	0.02997	0.03777	0.11379	0.00001	0.033	0.014	0.32966	0.18811	0.02691	0.00001	1.66093	0.02823	0.00001	0.28762	0.00001	0.28526	0.25225	0.74519	0.33754	2.76292	0.42161	0.8739	0.20758	0.46654	0.15518	0.35533	0.22196	0.90559	0.05866	1.29391	0.08994	2.78969	0.06776	0.89744	0.59927	1.65596	0.48316	5.98651	0.0902	0.23293	0.17716	0.2127
30	2	field	1.43469	0.4354	12.58327	0.32968	0.25017	0.24789	2.3727	0.1429	0.03481	5.7187	0.01599	0.04013	0.0529	0.01158	0.00885	0.02392	0.38345	0.13446	0.0516	0.03716	0.6267	0.02862	0.01126	0.24679	0.02226	0.19334	0.14816	0.27713	0.11745	0.89641	0.15359	0.17741	0.05943	0.11642	0.04582	0.10629	0.05553	0.25359	0.07767	0.35677	0.03566	1.21449	0.03663	0.56756	0.44571	0.79603	0.37485	1.74051	0.10634	0.18878	0.12665	0.14148
31	1	field	1.67101	0.8183	2.60932	0.37287	0.08957	0.31014	0.59294	0.04941	0.01505	3.47934	0.01329	0.02767	0.0282	0.00001	0.00001	0.01167	0.30487	0.08219	0.01478	0.00001	0.34928	0.01841	0.00001	0.32746	0.00966	0.13421	0.0874	0.23089	0.08549	0.61784	0.13602	0.13538	0.04378	0.1073	0.03911	0.25701	0.04927	0.24632	0.03959	0.39152	0.03162	7.56851	0.03251	0.53787	0.62451	0.80825	0.61804	4.04358	0.35612	0.11755	0.15639	0.10336
32	1	field	1.1736	0.52666	5.23481	0.34383	0.21115	0.19155	1.19889	0.11525	0.03797	4.04632	0.02999	0.11343	0.18633	0.0175	0.01654	0.05183	0.45053	0.16764	0.07459	0.01884	0.79181	0.01901	0.00561	0.24466	0.00856	0.23585	0.17198	0.34244	0.10415	1.08176	0.12116	0.15829	0.05953	0.13341	0.04791	0.15928	0.04967	0.28804	0.02739	0.33579	0.03784	1.16341	0.01944	0.66452	0.44759	1.01154	0.39544	4.35394	0.22615	0.18311	0.22335	0.1201
33	1	field	2.12254	1.02035	7.34366	0.39558	0.20566	0.40006	1.28161	0.10711	0.03961	8.07972	0.04759	0.07406	0.06325	0.01185	0.00817	0.02726	0.49249	0.2054	0.0558	0.03405	1.7696	0.07853	0.01379	0.46907	0.01306	0.36096	0.89174	2.49362	1.49357	2.74387	0.23689	0.60522	1.89035	3.25808	1.31506	1.43569	1.23942	8.27412	0.0823	0.73059	0.29387	1.93781	1.18571	0.97499	0.56315	2.14335	0.9453	9.99946	0.53697	0.3599	1.34206	0.37483
34	1	field	11.60411	0.79786	67.05433	5.59405	4.86781	1.10211	25.7632	0.69524	0.86291	8.41293	0.07467	0.94831	0.99684	0.20825	0.18736	0.27755	12.25256	0.53791	0.8439	0.11143	2.85338	0.1413	0.07657	0.376	0.10854	0.62378	0.44152	1.2822	0.5847	3.26471	0.16602	0.90138	0.23635	0.61973	0.24078	0.25535	0.21049	1.11505	0.03808	2.13386	0.08851	1.73813	0.12318	1.04112	0.52216	0.95522	0.52444	1.49948	0.09113	0.16968	0.12507	0.06814
35	2	field	1.95895	0.73229	2.2726	0.18858	0.10563	0.3757	0.56485	0.04273	0.02015	6.03266	0.03627	0.03967	0.05816	0.00759	0.00957	0.01478	0.40211	0.14862	0.03062	0.04128	0.71766	0.02522	0.00854	0.31756	0.014	0.23538	0.18574	0.44823	0.2266	0.98016	0.15359	0.20645	0.09493	0.24452	0.09239	0.20089	0.10524	0.5478	0.07182	0.46818	0.05861	1.19634	0.1343	0.95582	0.51974	1.10453	0.43191	3.06235	0.17442	0.16043	0.10322	0.11228
36	1	field	1.47083	0.39801	4.43658	0.28924	0.13179	0.24075	0.88508	0.08903	0.02776	4.16862	0.02446	0.05213	0.08491	0.00797	0.01234	0.02029	0.47136	0.13071	0.04562	0.03143	0.50181	0.01962	0.00367	0.37156	0.00001	0.23279	0.15984	0.33666	0.15362	1.26095	0.19719	0.2125	0.06933	0.17266	0.06451	0.15519	0.07807	0.37668	0.04979	0.35833	0.04425	1.52428	0.06711	0.7622	0.64553	1.05319	0.89158	3.78043	0.43386	0.23897	0.40695	0.27966
37	2	field	1.20207	0.60245	1.4631	0.1793	0.07996	0.25687	0.63886	0.0333	0.02301	4.23937	0.03028	0.05428	0.0968	0.0124	0.01198	0.02425	0.27698	0.20894	0.0427	0.04523	1.07284	0.01644	0.00766	0.57135	0.0208	0.45158	0.25718	0.63257	0.30313	1.50324	0.34211	0.43543	0.08874	0.24402	0.09584	0.19513	0.09709	0.42331	0.06489	0.71268	0.04587	1.36176	0.05018	0.96976	0.54214	1.21166	0.54638	3.96544	0.27957	0.17122	0.28395	0.16427
38	1	field	1.33675	1.12846	2.20991	0.38447	0.17372	0.27219	1.08054	0.07369	0.03387	7.25144	0.02461	0.04609	0.09726	0.01101	0.01287	0.03395	0.54273	0.20822	0.06066	0.00001	0.71353	0.02131	0.00945	0.21696	0.01041	0.21149	0.14545	0.33314	0.09794	1.11274	0.15435	0.22681	0.07371	0.14646	0.0502	0.23393	0.06015	0.30031	0.05789	0.53345	0.04667	1.85291	0.0469	0.83128	0.7482	2.0532	0.99991	9.82213	0.51655	0.30779	0.51628	0.26596
39	2	field	1.7809	0.7997	5.8851	0.24309	0.13726	1.40873	1.48455	0.06532	0.03518	4.66204	0.02754	0.06622	0.15367	0.01425	0.01628	0.03668	0.35135	0.15533	0.07255	0.02558	0.64735	0.01392	0.00693	0.31385	0.03873	0.21583	0.17006	0.4391	0.19438	1.0693	0.19639	0.2066	0.06624	0.19098	0.06936	0.23022	0.07705	0.34787	0.04283	0.40847	0.04607	1.33795	0.04119	0.74769	0.50482	1.35695	0.63183	6.09293	0.34646	0.23552	0.18403	0.20544
41	1	field	1.56908	0.3632	3.27898	0.20862	0.10668	0.21873	0.60713	0.05943	0.02154	5.1095	0.01197	0.03239	0.0389	0.00477	0.00224	0.01345	0.25671	0.07762	0.02033	0.01035	0.30999	0.00001	0.00001	0.23817	0.00001	0.18644	0.07956	0.30271	0.08549	0.78574	0.09408	0.11406	0.04802	0.14414	0.03659	0.16327	0.08594	0.42358	0.03349	0.19175	0.02596	0.73106	0.03331	0.3737	0.29231	1.01647	0.4091	4.80856	0.32058	0.16966	0.60744	0.18127
42	2	field	2.07548	0.71664	5.48652	0.29865	0.16367	0.37422	0.89341	0.08792	0.04685	5.62569	0.04864	0.08555	0.19361	0.02048	0.02699	0.11687	0.52905	0.26201	0.1443	0.04555	0.57652	0.10165	0.0098	0.71931	0.01114	0.33815	0.12997	0.2711	0.13268	1.21301	0.35262	0.25286	0.06954	0.1291	0.05783	0.1061	0.07349	0.30683	0.06809	0.26934	0.03835	0.83882	0.04015	0.55797	0.41976	1.25231	0.37113	3.48102	0.1424	0.13226	0.09955	0.07063
43	1	field	1.39634	0.48743	3.53158	0.27241	0.18512	0.26465	1.4709	0.072	0.05648	3.75674	0.01206	0.06112	0.05834	0.00788	0.006	0.01536	0.50528	0.14716	0.0277	0.02328	0.44192	0.02798	0.00778	0.21527	0.00806	0.26534	0.11299	0.37731	0.17176	2.19818	0.22412	0.40256	0.07029	0.13109	0.04861	0.07046	0.06092	0.2403	0.01762	0.48129	0.05122	1.02219	0.02913	0.45026	0.36898	0.86134	0.31093	3.06539	0.16463	0.14605	0.14248	0.10974
44	2	field	1.24573	0.28704	13.40191	0.32457	0.17137	0.21486	19.24339	0.07432	0.04487	6.86077	0.03974	0.22633	0.37041	0.02171	0.01923	0.06964	0.69178	0.45382	0.09595	0.00001	1.66628	0.12657	0.00948	0.52028	0.01378	0.46662	0.24924	0.59448	0.28387	1.87299	0.15825	0.21655	0.08307	0.18686	0.06545	0.12573	0.07992	0.37021	0.04434	0.30343	0.03838	0.94719	0.03557	0.47744	0.3322	0.89926	0.36361	3.28712	0.13839	0.10999	0.12911	0.07145
45	1	field	1.05928	0.21742	2.87484	0.16831	0.08576	0.13515	0.62347	0.06308	0.03174	2.46798	0.02124	0.05694	0.14868	0.01238	0.0172	0.05644	0.40738	0.0867	0.07724	0.03183	0.92801	0.01503	0.00001	0.37669	0.00001	0.16755	0.11827	0.23283	0.04404	0.98718	0.10538	0.00001	7.1553	0.17835	0.07313	0.1328	0.06881	0.3962	0.04643	0.29764	0.28922	2.34109	0.07534	0.88504	0.82425	1.82369	1.21819	6.27536	0.61771	0.4589	0.44944	0.32801
46	1	field	3.32475	0.80642	5.82893	0.48026	0.17433	0.57062	0.96182	0.09154	0.06597	7.37093	0.04952	0.09417	0.19568	0.0199	0.02409	0.0975	0.61782	0.00001	0.127	0.03918	0.70048	0.16735	0.00925	0.63563	0.01321	0.35254	0.13315	0.27879	0.11572	1.12369	0.16903	0.23345	0.09867	0.15223	0.05689	0.15242	0.08011	0.40757	0.08048	0.37383	0.05816	1.2888	0.05079	0.8216	0.86559	1.74124	1.50368	7.61141	0.59391	0.32908	0.54539	0.27271
47	2	field	0.87976	0.34239	2.66298	0.12982	0.07566	0.13019	0.47541	0.04312	0.01886	3.95169	0.01657	0.02846	0.02413	0.00001	0.00001	0.00001	0.2492	0.05677	0.0168	0.00001	0.32601	0.01574	0.00001	0.116	0.00465	0.10301	0.06015	0.13834	0.06168	0.52731	0.05628	0.09158	0.03092	0.06772	0.02716	0.04928	0.02704	0.14581	0.03201	0.19278	0.02614	0.73982	0.02551	0.45517	0.39326	0.66781	0.60975	4.265	0.34713	0.14436	0.39104	0.13953
48	1	field	1.52615	0.32332	4.68215	0.22083	0.12634	0.24253	3.20588	0.06401	0.02885	5.38964	0.04479	0.04895	0.06367	0.00929	0.01303	0.05356	0.42716	0.17056	0.05824	0.0218	1.13777	0.01879	0.00001	0.13842	0.00001	0.24498	0.19808	0.51145	0.25568	1.48107	0.07587	0.32822	0.09197	0.15807	0.06422	0.06857	0.07122	0.35492	0.02576	0.91144	0.06504	2.04967	0.0414	0.61829	0.44456	0.67694	0.36337	1.64056	0.15256	0.1462	0.07965	0.06433
49	2	field	1.50889	0.37443	6.75939	0.21677	0.22294	0.15564	1.03453	0.11442	0.04464	3.53122	0.03159	0.07356	0.18858	0.02555	0.02989	0.08718	0.40936	0.10123	0.11389	0.01995	0.44512	0.02677	0.00795	0.27867	0.0081	0.21423	0.11301	0.34263	0.12207	1.27433	0.06083	0.11358	0.08435	0.17919	0.05182	0.16451	0.12878	0.52416	0.01824	0.22893	0.03231	0.70866	0.05016	0.40514	0.3452	0.80473	0.34699	2.72615	0.13919	0.10263	0.07872	0.07837
50	1	field	0.91988	0.31292	3.0606	0.15294	0.09443	0.15271	0.5157	0.05532	0.03023	2.73354	0.01782	0.03423	0.04972	0.00713	0.00384	0.0229	0.23753	0.08956	0.03214	0.0223	0.32464	0.01778	0.00001	0.21711	0.00724	0.16032	0.07345	0.17743	0.05572	0.6458	0.08551	0.10648	0.06221	0.07457	0.02584	0.1032	0.03156	0.16606	0.02542	0.19168	0.02332	0.76249	0.02114	0.46475	0.38418	0.85793	0.3318	3.15934	0.15497	0.10286	0.16594	0.08466
51	2	field	0.92622	0.38677	1.5286	0.0556	0.08589	0.11437	0.36061	0.04098	0.01426	3.0878	0.02703	0.01365	0.03853	0.00594	0.01272	0.01045	0.27903	0.05249	0.02937	0.01351	0.36806	0.0127	0.00818	0.1083	0.03439	0.11777	0.0722	0.17004	0.0503	0.7976	0.12392	0.12957	0.03478	0.07474	0.03038	0.04934	0.03665	0.15754	0.05435	0.19751	0.02972	0.72837	0.02728	0.49029	0.41485	1.33719	0.66416	7.09643	0.62214	0.30038	0.47383	0.27491
52	1	field	2.29394	0.72861	13.85505	1.29206	1.17838	0.30418	7.61572	0.44158	0.11479	6.00975	0.06053	0.2687	0.28295	0.02657	0.01961	0.04346	1.11123	0.28375	0.08305	0.02311	1.0279	0.02875	0.00682	0.50576	0.01218	0.29764	0.12158	0.32351	0.07627	1.05866	0.15758	0.00001	25.16043	0.18328	0.07086	0.09031	0.06056	0.29452	0.05413	0.44556	0.04213	1.19489	0.0467	0.84672	0.6654	1.57982	1.25942	7.08153	0.47104	0.45172	0.43039	0.28822
53	1	field	1.33498	0.4587	3.65382	0.48359	0.37206	0.22061	2.36782	0.13217	0.05048	5.01662	0.01608	0.12863	0.14455	0.0115	0.0131	0.01583	0.76664	0.25585	0.05061	0.01427	0.70455	0.03443	0.00727	0.35659	0.00001	0.27876	0.11474	0.29738	0.09715	1.03865	0.12282	0.15549	0.13141	0.10786	0.03688	0.06462	0.04666	0.23507	0.02939	0.282	0.02909	1.06904	0.03481	0.83613	0.75572	2.26973	1.63977	12.47371	0.54261	0.63022	0.40749	0.40245
54	2	field	0.9159	0.30841	2.64904	0.09673	0.09021	0.15856	0.45733	0.03878	0.01591	2.89924	0.00001	0.02734	0.0391	0.00741	0.00745	0.011	0.30856	0.05921	0.02112	0.00778	0.27792	0.0171	0.00357	0.20911	0.00001	0.11935	0.05816	0.1267	0.04517	0.52652	0.0969	0.09665	0.11973	0.05569	0.0166	0.03418	0.02416	0.09951	0.03851	0.13867	0.02121	0.50037	0.01897	0.32072	0.25207	0.33609	0.25293	1.1914	0.12028	0.09943	0.07487	0.06662
55	2	field	2.48541	0.42241	5.37957	0.09904	0.1191	0.26232	0.60424	0.04518	0.03062	6.43742	0.01389	0.03519	0.08712	0.00622	0.00761	0.02362	0.54002	0.08215	0.04154	0.00743	0.60186	0.03026	0.00964	0.1101	0.00821	0.14363	0.09201	0.23408	0.07294	0.81992	0.03758	0.10848	0.0264	0.07112	0.02552	0.08721	0.03334	0.15129	0.01346	0.20238	0.01276	0.78451	0.02255	0.47501	0.32251	0.42949	0.13259	0.21048	0.00001	0.00001	0.00001	0.00001
56	1	field	1.24853	0.37499	1.6653	0.11842	0.08983	0.22602	0.56456	0.04249	0.02249	3.09096	0.01326	0.01966	0.03492	0.00001	0.00001	0.00198	0.36578	0.06239	0.01833	0.01672	0.31441	0.0091	0.00001	0.21597	0.00001	0.13164	0.06615	0.15438	0.03635	0.53227	0.0666	0.19742	1.21455	0.0663	0.02502	0.04531	0.0251	0.13414	0.02391	0.19051	0.02376	0.68518	0.02114	0.42439	0.42493	0.8371	0.58447	2.54395	0.25872	0.16449	0.12357	0.1395
57	1	field	1.07757	0.35583	2.13903	0.1357	0.14153	0.21198	0.58537	0.06049	0.03472	4.30208	0.01682	0.05484	0.09408	0.0083	0.00906	0.02352	0.42317	0.08434	0.04264	0.00001	0.43333	0.02138	0.00001	0.17103	0.00001	0.21831	0.10119	0.23906	0.07872	0.91333	0.06681	0.18261	0.07923	0.11524	0.03707	0.06511	0.05302	0.26781	0.00001	0.30378	0.038	1.12595	0.04107	0.65699	0.75601	1.42864	0.9949	4.73886	0.33983	0.32812	0.13649	0.17438
58	1	field	2.11664	0.80956	5.7729	0.27691	0.24386	0.39678	1.0243	0.10662	0.03281	5.11113	0.02979	0.03563	0.07611	0.00616	0.00916	0.02575	0.57869	0.19157	0.04619	0.02304	0.4966	0.02902	0.00652	0.19814	0.00845	0.25905	0.08701	0.18787	0.07938	0.75844	0.09497	0.17179	0.07132	0.08704	0.03736	0.05493	0.03662	0.19507	0.0542	0.27354	0.03349	1.05942	0.03834	0.7441	0.81421	2.80286	1.73968	10.19717	0.90793	0.6377	0.84749	0.58318
59	2	field	0.88005	0.28925	6.63638	0.24021	0.18543	0.17086	0.93382	0.09972	0.01692	3.58139	0.0404	0.05257	0.08384	0.01006	0.00616	0.02174	0.34429	0.11558	0.0367	0.04148	0.38209	0.09401	0.00789	0.41738	0.00628	0.22555	0.07129	0.13992	0.0656	0.64077	0.21303	0.18453	0.03453	0.06835	0.02681	0.04194	0.03142	0.14174	0.03016	0.1891	0.02246	0.55042	0.01884	0.33602	0.2603	0.48236	0.34767	1.58697	0.11427	0.11034	0.07174	0.09506
60	1	field	1.13628	0.4086	1.95955	0.13898	0.08527	0.20127	0.57235	0.03137	0.0161	3.71006	0.01614	0.02843	0.05573	0.00836	0.00001	0.01155	0.40102	0.09757	0.02192	0.00001	0.2993	0.01149	0.00001	0.25082	0.00001	0.18836	0.05944	0.14648	0.05462	0.59349	0.15435	2.37928	0.03094	0.05873	0.02542	0.0383	0.03183	0.1352	0.02431	0.13826	0.0213	0.57576	0.0233	0.36809	0.34645	0.7686	0.49203	3.23908	0.2197	0.17207	0.19412	0.15504
61	2	field	0.71499	0.22617	2.79079	0.08618	0.07221	0.11477	0.3469	0.0382	0.02643	3.44624	0.02061	0.0419	0.08686	0.00691	0.00786	0.02533	0.32264	0.07857	0.04159	0.01891	0.2727	0.01562	0.00001	0.55191	0.00001	0.22288	0.05609	0.14796	0.0591	0.65146	0.07593	0.10394	0.03671	0.0776	0.02646	0.0594	0.04301	0.25027	0.04215	0.48432	0.04521	1.94324	0.06125	0.57812	0.39394	1.33551	0.39096	4.28013	0.15484	0.134	0.13609	0.09308
62	1	field	1.4819	0.54185	4.33685	1.12858	1.00461	0.22914	5.49751	0.36913	0.12963	3.7349	0.04599	0.10883	0.228	0.02597	0.02844	0.12381	0.77112	0.2953	0.13495	0.04271	1.19124	0.04912	0.01345	0.61438	0.01215	0.50865	0.2577	0.63811	0.29436	2.18436	0.20431	0.4566	0.11804	0.22087	0.08472	0.10893	0.11009	0.47283	0.04289	0.69365	0.06774	1.38475	0.04455	0.68134	0.51704	0.74285	0.48879	1.95197	0.19095	0.21002	0.18725	0.13247
63	2	field	0.70481	0.29128	5.01362	0.05021	0.07464	0.12975	0.4504	0.03973	0.01514	3.31595	0.01215	0.02131	0.02504	0.00001	0.00001	0.0107	0.24208	0.05456	0.02136	0.02513	0.21405	0.01609	0.00001	0.21395	0.02321	0.12499	0.04946	0.11812	0.05653	0.43639	0.13034	0.08754	0.02416	0.04773	0.02193	0.03214	0.02338	0.09643	0.00924	0.12265	0.01702	0.43824	0.01633	0.29289	0.28457	0.64126	0.40794	2.31888	0.17877	0.13826	0.21275	0.14075
64	2	field	3.30395	0.77254	18.53572	0.53306	0.36792	0.49062	4.67234	0.16605	0.06622	8.35105	0.03741	0.09478	0.09244	0.00653	0.00837	0.0129	0.75857	0.28123	0.04322	0.04637	1.66559	0.05243	0.01425	0.60866	0.01097	0.56188	0.27196	0.71487	0.35271	1.81804	0.4162	0.85198	0.14428	0.28395	0.13165	0.12825	0.12449	0.69162	0.08833	1.12256	0.09834	2.27041	0.07906	2.45913	1.7312	5.3123	2.79848	21.07601	1.26659	0.70911	1.68401	0.75304
65	1	field	1.0311	0.27811	6.90267	0.21369	0.16738	0.15837	1.292	0.10495	0.05079	3.92626	0.02723	0.07408	0.14734	0.0126	0.01048	0.04131	0.40804	0.11576	0.05701	0.01444	0.83657	0.02129	0.00001	0.39966	0.00001	0.58546	0.29531	1.03895	0.52135	3.37843	0.20787	1.54892	0.22428	0.51361	0.20185	0.13846	0.17831	0.67976	0.02939	0.80439	0.04672	1.22442	0.03149	0.57629	0.55712	0.78871	0.59923	2.0311	0.17331	0.23756	0.30271	0.16433
66	2	field	0.61202	0.19191	1.05781	0.02604	0.05756	0.11596	0.51481	0.01757	0.01064	1.95577	0.01169	0.01925	0.00001	0.00001	0.00832	0.00263	0.20592	0.04762	0.01312	0.01484	0.19526	0.01646	0.00706	0.19763	0.00434	0.10664	0.04512	0.10357	0.03193	0.44385	0.11917	0.10314	0.0176	0.03995	0.01905	0.02812	0.02387	0.11207	0.01938	0.17156	0.02093	0.61973	0.0199	0.38642	0.42	0.68214	0.72412	3.82619	0.57137	0.22565	0.49457	0.20799
67	2	field	1.86779	0.53209	4.36135	0.12077	0.16922	0.30756	0.78675	0.06689	0.02694	6.40982	0.02201	0.03493	0.05145	0.00437	0.00941	0.00777	0.54906	0.10846	0.02533	0.01301	0.59059	0.03125	0.01053	0.75353	0.00823	0.38188	0.10534	0.24343	0.11402	0.96549	0.47224	0.26972	0.05347	0.10995	0.04193	0.0828	0.05317	0.24939	0.08491	0.45193	0.05321	1.6553	0.0381	1.03097	1.22895	2.03404	1.93406	5.26638	0.75182	0.63231	0.25305	0.43102
68	1	field	1.84935	0.73174	4.1914	0.26288	0.16336	0.4007	0.74083	0.09238	0.06414	6.22715	0.03846	0.06895	0.1483	0.01633	0.02386	0.06784	0.50775	0.13691	0.08693	0.04775	0.65967	0.02915	0.00636	0.25904	0.0136	0.22053	0.12455	0.25719	0.12183	1.12816	0.11674	0.15958	0.06892	0.10849	0.04609	0.07243	0.04866	0.22898	0.03146	0.24644	0.0402	0.89089	0.0364	0.48229	0.48198	0.67395	0.72165	1.69346	0.17706	0.23305	0.20218	0.18059
69	2	field	1.14675	0.33217	7.16877	0.19369	0.14994	0.24819	1.78702	0.06691	0.0229	3.9879	0.01346	0.058	0.07818	0.00001	0.00001	0.0124	0.33813	0.12353	0.02546	0.02494	0.45662	0.01597	0.00001	0.10951	0.00001	0.1304	0.06375	0.14081	0.04647	0.52944	0.04624	0.08643	0.0285	0.05288	0.01988	0.03155	0.02553	0.10005	0.00001	0.11391	0.01724	0.40687	0.02037	0.25877	0.26567	0.44617	0.49443	1.44445	0.13393	0.13297	0.07021	0.10494
70	2	field	2.49618	0.88995	5.72972	0.46927	0.2568	0.38572	3.9647	0.07785	0.04225	5.59091	0.02312	0.08945	0.07097	0.0068	0.00997	0.01541	0.47568	0.21363	0.04586	0.04034	1.08309	0.03285	0.00707	0.31789	0.04031	0.31744	0.18051	0.43364	0.18718	1.12816	0.16034	0.27019	0.06957	0.17284	0.06307	0.09055	0.07585	0.36526	0.05956	0.50713	0.04962	1.36901	0.04781	1.07332	1.07151	2.60551	1.72007	4.44264	0.51155	0.48208	0.28901	0.27771
71	1	field	1.31123	0.46183	1.61477	0.54702	0.09197	0.35775	0.41768	0.02931	0.02365	4.06889	0.01762	0.06743	0.19672	0.01593	0.0142	0.03928	0.32251	0.09882	0.04873	0.01975	0.34935	0.01409	0.00554	0.2148	0.00001	0.15089	0.07034	0.15845	0.05491	0.70757	0.07627	0.09602	0.0326	0.06912	0.02049	0.04063	0.03023	0.13594	0.02058	0.14604	0.02102	0.61993	0.02172	0.41799	0.40232	0.57465	0.60368	1.83309	0.28625	0.16716	0.12193	0.13535
72	2	field	1.01311	0.27875	2.42931	0.09101	0.07392	0.14582	0.41388	0.03371	0.01542	2.85908	0.00813	0.02541	0.04256	0.00726	0.00773	0.00924	0.23703	0.07507	0.01768	0.02489	0.27102	0.01785	0.00001	0.11189	0.00001	0.12007	0.046	0.11436	0.04866	0.47486	0.06859	0.10555	0.02322	0.04759	0.02013	0.03866	0.0242	0.11923	0.02758	0.17492	0.02193	0.70982	0.01885	0.38699	0.33584	0.55207	0.41546	2.68594	0.19002	0.18742	0.1325	0.18912
74	1	field	1.31993	0.42204	1.68455	0.40377	0.37761	0.21263	13.41522	0.17079	0.05909	3.93841	0.03279	0.0617	0.07618	0.00556	0.00913	0.01516	0.39008	0.20403	0.04528	0.00001	0.49109	0.02836	0.01116	0.52304	0.00835	0.40246	0.11123	0.25007	0.11457	0.86667	0.23784	0.32448	0.05263	0.0993	0.03671	0.05473	0.05134	0.23025	0.04806	0.42068	0.0436	1.21536	0.0335	0.80005	0.63169	0.85161	0.8323	1.8093	0.27221	0.31343	0.36631	0.19243
75	2	field	0.61217	0.18464	1.445	0.06493	0.07226	0.08471	0.29227	0.02931	0.0201	2.84072	0.01825	0.02661	0.06744	0.00834	0.01025	0.01771	0.21241	0.05142	0.02978	0.00802	0.21334	0.01288	0.00001	0.11167	0.00001	0.10825	0.05172	0.09536	0.0432	0.48	0.0701	0.10821	0.02138	0.04658	0.01718	0.03539	0.02615	0.11364	0.01815	0.14615	0.01704	0.56342	0.01807	0.29791	0.28024	0.38246	0.33995	1.06355	0.11238	0.11845	0.13157	0.08158
76	2	field	1.80421	0.41532	4.10542	0.06789	0.20371	0.24754	0.68158	0.07478	0.0398	4.76325	0.01437	0.04069	0.07561	0.00001	0.00641	0.01581	0.40201	0.09489	0.0306	0.01464	0.48537	0.03292	0.00564	0.15724	0.00001	0.3167	0.10099	0.20805	0.08921	0.85338	0.09199	0.16827	0.04958	0.09964	0.04378	0.07086	0.05027	0.2394	0.05349	0.34021	0.04941	1.42232	0.04441	0.72716	0.793	1.50301	1.1799	7.29573	0.43534	0.37406	0.42677	0.29324
77	1	field	0.81308	0.31209	3.45335	0.12613	0.10358	0.1239	0.56212	0.05608	0.02015	4.67914	0.02386	0.04104	0.06897	0.01068	0.00509	0.0226	0.29815	0.01946	0.03331	0.01506	0.30091	0.01433	0.00367	0.10808	0.00559	0.11913	0.05652	0.12691	0.05003	0.59748	0.05545	0.09692	0.03072	0.05598	0.02014	0.03173	0.02834	0.14249	0.01467	0.16359	0.02372	0.70132	0.02259	0.4313	0.44955	0.85197	0.50437	2.90197	0.16098	0.15673	0.1589	0.09014
78	2	field	0.86058	0.20619	0.77201	0.06331	0.04879	0.15365	0.25294	0.02088	0.0161	2.67427	0.00001	0.02503	0.04686	0.00001	0.00001	0.0104	0.2428	0.05422	0.01421	0.01622	0.21445	0.01705	0.00001	0.20412	0.00001	0.12827	0.05366	0.12316	0.03536	0.70041	0.1048	0.11194	0.03107	0.05502	0.02345	0.04556	0.02792	0.13087	0.04086	0.18904	0.02907	0.71513	0.02644	0.40385	0.39663	0.50865	0.48137	1.28171	0.21753	0.18052	0.05811	0.14162
79	2	field	3.55693	0.63588	12.43551	0.77782	0.745	0.5609	3.80832	0.27526	0.12464	7.45501	0.05477	0.20048	0.27824	0.03065	0.03261	0.15457	1.09327	0.29822	0.14662	0.06726	1.68472	0.08879	0.0134	0.7568	0.01546	0.83386	0.29154	0.8446	0.48334	1.7196	0.38888	0.37749	0.13705	0.2914	0.1499	0.12125	0.11469	0.64471	0.05937	0.66996	0.08678	2.46471	0.07782	1.9035	1.18534	1.92709	1.49286	1.99606	0.39811	0.48695	0.49418	0.24275
81	1	field	0.87076	0.28575	4.38553	0.31127	0.2166	0.19447	3.37107	0.07336	0.03391	3.00197	0.01386	0.07195	0.10679	0.00832	0.00898	0.02232	0.38187	0.15184	0.0342	0.0262	0.82606	0.0242	0.00712	0.13592	0.00577	0.17226	0.1057	0.23076	0.08892	0.81453	0.07719	0.13595	0.04154	0.08669	0.03842	0.0933	0.04479	0.21813	0.02391	0.24611	0.02863	1.09459	0.03436	0.49294	0.42938	0.47995	0.35072	1.25183	0.10777	0.1342	0.19469	0.10949
82	2	field	1.30828	0.43613	1.79413	0.1033	0.05505	0.24551	0.37943	0.03176	0.01587	2.86944	0.0148	0.01831	0.02912	0.00653	0.00603	0.01711	0.21788	0.07215	0.02424	0.00632	0.26838	0.00742	0.00001	0.25618	0.00001	0.14001	0.0589	0.15091	0.05732	0.47527	0.38866	0.10954	0.02852	0.06222	0.02129	0.11931	0.03063	0.14121	0.04905	0.17497	0.01967	0.73901	0.0219	0.36771	0.29364	0.25535	0.22074	0.38089	0.04432	0.07721	0.06433	0.05078
83	1	field	1.45062	0.4004	2.41447	0.16981	0.13	0.23604	0.7986	0.04586	0.01841	3.5161	0.00713	0.02958	0.04779	0.00523	0.00379	0.01027	0.36809	0.08115	0.02612	0.00001	0.36508	0.01879	0.00171	0.10632	0.00795	0.13015	0.09032	0.15267	0.0558	0.69812	0.04836	0.10688	0.03631	0.07577	0.03468	0.07018	0.03808	0.18833	0.0309	0.26082	0.03129	1.18974	0.03762	0.68463	0.49879	1.43487	0.78248	11.16046	0.41529	0.30562	0.33855	0.29872
85	2	field	1.95585	0.54434	16.80997	0.6669	0.44115	0.40392	2.26797	0.18129	0.07885	5.43098	0.0207	0.14817	0.16092	0.01006	0.0218	0.01871	0.8978	0.21522	0.05303	0.02113	0.90384	0.06309	0.01132	0.25082	0.01398	0.41496	0.2608	0.45618	0.24859	1.65468	0.13744	0.31335	0.09227	0.20392	0.08243	0.14083	0.09649	0.51232	0.05688	0.76752	0.08458	3.01783	0.08558	2.02022	1.54349	2.24577	1.51884	5.72032	0.52347	0.5033	0.34025	0.31044
86	1	field	1.42274	0.3597	3.75694	0.41537	0.3961	0.26753	2.35532	0.10035	0.07287	4.12307	0.01788	0.07476	0.16517	0.01275	0.01758	0.0256	0.73332	0.1253	0.07189	0.02607	0.63122	0.01642	0.0093	0.27951	0.0135	0.17177	0.10185	0.22244	0.10121	1.10235	0.29535	0.16954	0.04411	0.09013	0.03063	0.29624	0.04248	0.23312	0.04227	0.32109	0.03256	1.29928	0.0357	0.59626	0.49996	0.87713	0.42074	3.71096	0.20395	0.18724	0.11936	0.14532
87	2	field	1.51627	0.36265	3.3574	0.16522	0.20811	0.21074	0.61175	0.09337	0.0275	4.67544	0.0272	0.04615	0.07008	0.00759	0.00936	0.02696	0.32382	0.23361	0.06052	0.03605	0.59643	0.04476	0.01098	0.78574	0.01697	0.6311	0.15273	0.31986	0.15091	1.36068	0.54412	0.45734	0.07554	0.16943	0.0669	0.29335	0.07993	0.39487	0.12783	0.6895	0.05088	2.35982	0.07179	1.54642	1.18566	1.77703	1.3011	7.62555	0.52339	0.45734	0.44118	0.37887
88	1	field	1.22301	0.36808	2.02952	0.15091	0.09829	0.18649	1.12447	0.03464	0.02023	2.88206	0.0116	0.03262	0.07899	0.00576	0.00565	0.01904	0.24274	0.07636	0.028	0.01484	0.33224	0.0136	0.0046	0.15911	0.00676	0.16809	0.08145	0.21574	0.09328	0.93155	0.0899	0.20951	0.05359	0.09375	0.03696	0.11636	0.0396	0.22882	0.02924	0.515	0.04712	1.6881	0.03328	0.67187	0.44072	0.58587	0.34574	1.47166	0.1067	0.15832	0.14443	0.0745
90	1	field	1.10855	0.44028	0.81282	0.11485	0.06679	0.21114	0.39048	0.02169	0.02466	3.14626	0.01112	0.01506	0.02391	0.00001	0.00001	0.00431	0.3143	0.06376	0.01671	0.01346	0.29272	0.01003	0.00001	0.18042	0.00001	0.1295	0.05864	0.1561	0.03873	0.58061	0.12663	0.1081	0.033	0.06293	0.02149	0.06753	0.03095	0.17823	0.02018	0.22936	0.02421	1.0471	0.02766	0.59172	0.51726	0.8313	0.49324	0.35345	0.24804	0.20861	0.1604	0.15114
91	2	field	3.17783	0.49912	17.59676	1.01365	0.89888	0.82124	8.59866	0.25351	0.27489	6.22993	0.03946	0.2963	0.35592	0.0395	0.03406	0.0601	2.9449	0.36894	0.17149	0.11022	1.96183	0.2623	0.0388	0.50895	0.0411	1.69435	0.76437	2.32373	1.18472	10.31343	0.39827	5.39611	0.61287	1.4181	0.54784	0.66453	0.65289	1.99428	0.20249	5.76377	0.22749	4.38165	0.08313	1.81642	1.24897	2.08932	0.95478	3.63525	0.30675	0.34634	0.34794	0.20076
92	1	field	0.77104	0.2736	1.70809	0.37218	0.29727	0.12548	5.07283	0.0415	0.05698	3.15652	0.01731	0.08093	0.10001	0.00936	0.01163	0.01676	1.03403	0.12103	0.04278	0.02896	0.49359	0.01647	0.00001	0.1882	0.00001	0.18235	0.08667	0.20961	0.08026	0.71477	0.11226	0.12715	0.03899	0.08446	0.02906	0.08934	0.04101	0.21035	0.01624	0.2808	0.03036	1.14734	0.03349	0.66414	0.52329	0.81875	0.52057	2.74994	0.16649	0.16494	0.13703	0.09774
93	1	field	0.7824	0.18114	1.68558	0.03861	0.05523	0.11636	0.22111	0.02865	0.01279	0.8391	0.01066	0.01045	0.01647	0.00001	0.01852	0.00649	0.13874	0.0197	0.00957	0.00001	0.06749	0.00001	0.00001	0.04127	0.00001	0.03703	0.01767	0.02818	0.0121	0.14403	0.01845	0.03334	0.00884	0.01337	0.00509	0.01503	0.01078	0.03716	0.01186	0.05127	0.00524	0.22431	0.00488	0.13459	0.11846	0.16259	0.16398	0.827	0.06235	0.05226	0.0896	0.04555
94	2	field	2.94344	1.15655	31.02598	0.40475	0.29891	0.47564	2.26189	0.18236	0.04709	7.54556	0.0532	0.06973	0.15044	0.01428	0.01079	0.02515	0.58433	0.1802	0.05291	0.08582	0.61195	0.02338	0.00959	0.84782	0.02494	0.35013	0.16135	0.31019	0.11434	1.19277	0.56291	0.00001	0.07207	0.15993	0.07295	0.16993	0.08461	0.39346	0.18616	0.46263	0.07026	2.05675	0.0707	1.3522	1.17101	2.54484	1.58238	11.01855	0.62069	0.51328	1.41024	0.37327
95	1	field	1.18363	0.23372	3.86581	0.11031	0.07415	0.13456	0.89268	0.0339	0.01161	0.96648	0.00001	0.02728	0.02788	0.00001	0.00001	0.00406	0.15825	0.07275	0.01026	0.00001	0.12415	0.01281	0.00001	0.12521	0.00001	0.14258	0.02886	0.0641	0.03064	0.24355	0.02552	0.05516	0.02789	0.02757	0.00981	0.02201	0.01196	0.06186	0.00001	0.07992	0.00802	0.28856	0.00893	0.13276	0.11355	0.18114	0.08119	0.64009	0.02772	0.03475	0.03604	0.0316
96	2	field	1.55241	0.59222	2.16673	0.11712	0.10691	0.2904	0.49369	0.04934	0.02692	5.25275	0.01793	0.04016	0.09421	0.00697	0.01379	0.0234	0.40791	0.10147	0.03936	0.00001	0.41579	0.01459	0.00001	0.25922	0.01099	0.20111	0.07094	0.12879	0.02684	0.63831	0.43579	0.16369	0.05284	0.09089	0.03027	0.11526	0.0466	0.21052	0.05105	0.3689	0.04768	2.12087	0.05198	1.26718	1.10523	1.96651	1.54114	8.78579	0.63533	0.44232	0.58805	0.39827
97	2	field	2.6372	0.87531	21.91609	0.67485	0.44502	0.29536	1.86201	0.13213	0.04524	4.37609	0.02595	0.00001	0.0882	0.00964	0.01356	0.02565	0.5008	0.17517	0.04776	0.00001	0.64777	0.10143	0.00001	0.44845	0.038	0.38898	0.14252	0.43789	0.27636	1.43154	0.2332	0.54871	0.18497	0.37557	0.18568	0.11489	0.1457	1.12848	0.08587	1.38214	0.11069	3.04666	0.12474	2.14093	1.24367	5.49177	3.78678	16.79428	0.77141	0.68502	1.87963	0.60298
98	1	field	1.20384	0.50612	1.01566	0.12455	0.05063	0.20747	0.25864	0.02218	0.01174	1.1412	0.00001	0.00989	0.00001	0.00001	0.00001	0.00001	0.10495	0.03723	0.01046	0.00001	0.08909	0.00001	0.00001	0.05503	0.00001	0.06267	0.01763	0.04205	0.01669	0.16822	0.03703	0.04267	0.00782	0.01225	0.00551	0.01841	0.00643	0.04253	0.01236	0.07346	0.00802	0.30299	0.0054	0.16291	0.11476	0.21214	0.13624	0.88652	0.0615	0.05284	0.04209	0.04222
99	1	field	1.88018	0.50336	4.09839	0.25088	0.19216	0.29134	0.75353	0.07743	0.0372	4.4148	0.01679	0.03857	0.04569	0.00001	0.00001	0.00742	0.33193	0.09185	0.02019	0.00001	0.4036	0.02292	0.00001	0.29338	0.00001	0.21881	0.07718	0.20511	0.05518	0.83506	0.08158	0.14993	0.05351	0.1078	0.03375	0.10024	0.04187	0.24174	0.0484	0.34655	0.03155	1.78209	0.03912	1.05268	0.72442	1.67012	0.99396	6.69479	0.39835	0.33581	0.37668	0.24939
100	2	field	3.27416	0.85063	29.18465	0.31195	0.33187	0.46652	2.14446	0.18388	0.04625	8.17926	0.06703	0.03644	0.06707	0.00702	0.0102	0.02668	0.50228	0.09511	0.05798	0.01716	0.57117	0.0306	0.0071	0.27823	0.00001	0.21915	0.08846	0.32322	0.05535	0.8456	0.1359	0.15977	0.07622	0.1049	0.03113	0.26971	0.06065	0.27447	0.05299	0.35884	0.02825	2.6692	0.04679	1.30266	1.22803	1.77054	0.76122	4.63199	0.12748	0.29698	0.145	0.15444
101	2	field	2.27875	1.43134	22.03334	2.2012	1.04572	0.55877	35.66783	0.18069	0.36333	7.5585	0.04248	2.85111	2.31338	0.17099	0.12873	0.08099	1.52234	2.14519	0.16366	0.30275	22.95673	0.82603	0.0619	0.24371	0.04423	0.82594	0.88833	2.36114	0.88071	3.62928	0.11579	1.02197	0.24985	0.37911	0.12967	0.2221	0.13632	0.60017	0.03475	0.78474	0.04974	5.20575	0.03563	0.75176	0.57759	1.35862	0.71737	5.01661	0.30009	0.24726	0.21263	0.18531
102	1	field	1.36389	0.40317	3.58109	0.292	0.12304	0.26247	0.80683	0.06887	0.02251	4.78783	0.02854	0.03395	0.02051	0.00989	0.00911	0.00601	0.53195	0.113	0.03183	0.03138	0.61406	0.01118	0.00001	0.54002	0.00652	0.12925	0.07408	0.1758	0.02645	0.69476	0.11072	0.2765	0.97056	0.09357	0.03992	0.16165	0.03679	0.24886	0.04452	0.35109	0.05707	1.64812	0.03513	0.79058	0.6729	1.32189	0.60617	4.28728	0.20779	0.18268	0.15486	0.19847
103	1	field	0.72059	0.20508	2.10481	0.09324	0.05538	0.08789	0.3489	0.03182	0.00884	1.7777	0.00001	0.01545	0.02579	0.00001	0.00001	0.00716	0.1038	0.03294	0.01019	0.00001	0.10414	0.00001	0.00001	0.26264	0.00001	0.05512	0.02069	0.04755	0.01651	0.20587	0.04053	0.0819	0.23718	0.01814	0.00649	0.02947	0.00877	0.04718	0.00001	0.11972	0.01193	39.65577	0.00979	0.24413	0.18522	0.3325	0.20171	1.91861	0.07997	0.08376	0.34658	0.10457
104	1	field	1.40209	0.39423	3.85257	0.27639	0.10361	0.26976	0.86282	0.05954	0.03242	4.09198	0.02175	0.0445	0.06607	0.00702	0.00514	0.02653	0.50657	0.13752	0.03583	0.00001	0.40669	0.01634	0.00001	0.75408	0.01702	0.29332	0.08689	0.19165	0.03277	0.88362	0.20689	0.27389	0.76358	0.1172	0.04273	0.16569	0.06009	0.28046	0.06322	0.37758	0.04857	1.9363	0.0477	0.98766	0.8821	1.96424	1.26994	10.56058	0.56127	0.3118	0.91857	0.28316
105	2	field	1.52703	0.44037	14.05641	0.27274	0.2188	0.22393	1.40287	0.13055	0.04148	4.18754	0.02144	0.06867	0.19531	0.01595	0.0233	0.06586	0.35125	0.13377	0.07621	0.0574	0.44706	0.07302	0.01782	0.40938	0.06088	0.29982	0.11879	0.23503	0.07311	1.16134	0.18233	0.33875	0.55937	0.14496	0.05442	0.21145	0.0668	0.36889	0.08316	0.47171	0.05419	2.35995	0.0582	1.48286	1.02379	2.1766	1.34052	12.10103	0.50124	0.44948	1.16634	0.38593
106	1	field	1.74063	1.19246	3.11612	0.25015	0.16907	0.23485	1.09233	0.12148	0.02645	9.4826	0.07325	0.04775	0.00001	0.00001	0.01664	0.02758	0.76763	0.22957	0.07429	0.02938	0.87782	0.03283	0.01539	0.63053	0.02292	0.43359	0.19422	0.49128	0.15225	2.02206	0.49981	0.62609	0.1485	0.28893	0.10479	0.19664	0.14333	0.69418	0.11052	1.91386	0.14012	5.27288	0.14141	2.42661	2.26217	5.22712	3.59702	22.77486	1.51834	1.35873	1.18296	0.8246
107	1	field	0.83934	0.33999	4.29598	0.14904	0.0874	0.11918	0.54439	0.04638	0.01845	1.21822	0.00001	0.01295	0.01733	0.00001	0.00001	0.00744	0.16445	0.03091	0.01032	0.00001	0.15032	0.00621	0.00001	0.03764	0.00001	0.04738	0.03919	0.09483	0.02992	0.27331	0.02988	0.05179	0.01395	0.03506	0.01285	0.02519	0.01361	0.07689	0.00001	0.07969	0.01088	0.44623	0.00687	0.15362	0.16294	0.23062	0.14103	0.46572	0.0292	0.0635	0.0684	0.02415
108	2	field	1.78223	0.69352	17.79333	0.21795	0.27881	0.26361	2.20904	0.13926	0.03746	5.24231	0.03108	0.05918	0.03327	0.00001	0.00834	0.00782	0.57315	0.11896	0.03167	0.03908	0.95379	0.02941	0.0101	0.32365	0.07578	0.27534	0.20927	0.4102	0.18454	1.40842	0.16501	0.43764	0.09915	0.19803	0.07238	0.13881	0.07689	0.40933	0.08399	0.64308	0.06627	2.61975	0.05525	1.47004	1.4356	2.63425	1.7524	9.57129	0.62002	0.48684	0.89497	0.30764
109	2	field	1.93535	0.81315	5.33108	0.1881	0.12486	0.30101	0.77218	0.05703	0.02645	4.84678	0.01252	0.03252	0.025	0.00001	0.00001	0.00001	0.45076	0.08437	0.01768	0.02385	0.37336	0.02712	0.00001	0.15338	0.01517	0.16823	0.09172	0.2033	0.05646	0.89489	0.09426	0.18217	0.03517	0.0851	0.0284	0.05978	0.03726	0.1727	0.02835	0.25622	0.02284	1.14783	0.02079	0.64392	0.64856	1.23887	0.97149	3.70495	0.35319	0.38779	0.3041	0.19782
110	1	field	0.56172	0.17442	2.19072	0.04441	0.0608	0.09017	0.43532	0.02548	0.00001	0.89112	0.00001	0.01069	0.01397	0.00001	0.00001	0.00534	0.14889	0.02198	0.01266	0.00001	0.09301	0.00001	0.00001	0.04516	0.00001	0.03547	0.01571	0.04255	0.01779	0.17769	0.0121	0.03508	0.0231	0.02438	0.00568	0.01475	0.0092	0.03751	0.00001	0.06102	0.00526	0.25531	0.00414	0.1438	0.14353	0.22659	0.18633	0.72454	0.06106	0.05097	0.04209	0.03894
111	2	field	1.61657	0.68864	8.50772	0.12357	0.14559	0.25483	1.00533	0.08147	0.03206	5.16255	0.02235	0.02525	0.03384	0.00001	0.00001	0.01145	0.47364	0.07712	0.02388	0.02642	0.46704	0.03164	0.00542	0.29444	0.03054	0.18564	0.0902	0.22153	0.05212	0.80912	0.18226	0.18107	0.04295	0.1085	0.03649	0.07604	0.04968	0.23801	0.04326	0.32873	0.04423	1.50529	0.03215	0.97104	0.85778	2.43194	1.13864	10.58141	0.39151	0.35471	0.52507	0.19771
112	1	field	0.85011	0.2444	4.36743	0.1735	0.10734	0.14463	1.06528	0.04343	0.02862	2.37026	0.00001	0.06194	0.0747	0.00496	0.00712	0.00892	0.21047	0.0699	0.01562	0.00637	0.15206	0.00001	0.00001	0.04472	0.00001	0.07071	0.03012	0.08353	0.02434	1.17904	0.01965	0.10879	0.01729	0.02643	0.01408	0.02187	0.01817	0.07827	0.00001	0.15297	0.01328	0.36425	0.00794	0.19786	0.1711	0.27026	0.18966	0.65507	0.02528	0.04281	0.03477	0.0314
113	2	field	0.79641	0.34754	4.11406	0.12159	0.09126	0.18966	0.58353	0.04135	0.01606	3.22036	0.00001	0.02599	0.01956	0.00001	0.01028	0.00001	0.25698	0.06201	0.01815	0.01301	0.25863	0.01055	0.00001	0.07829	0.02323	0.08429	0.04555	0.13733	0.03749	0.43532	0.05042	0.07921	0.01822	0.04634	0.01508	0.04276	0.01905	0.10876	0.02292	0.13684	0.01171	0.57861	0.01261	0.35293	0.30044	0.4606	0.34387	1.39709	0.09204	0.11079	0.10562	0.07212
114	2	field	2.21311	0.70595	4.92004	0.47284	0.39751	0.42986	1.45402	0.09819	0.3412	5.48544	0.02327	0.387	0.35323	0.01803	0.01529	0.01974	1.21229	0.22611	0.0536	0.06768	0.76984	0.10607	0.01499	0.32632	0.00001	0.34332	0.16304	0.39558	0.16913	1.21049	0.13725	0.29521	0.06707	0.13822	0.05916	0.09023	0.06236	0.298	0.04625	0.44749	0.03593	1.43606	0.03383	0.94693	0.83699	2.43659	1.40734	7.80326	0.45099	0.47004	0.47835	0.3171
115	1	field	1.3959	0.38576	5.14443	0.25696	0.14066	0.25578	1.88253	0.06691	0.02662	4.27005	0.01551	0.06451	0.08477	0.00001	0.00001	0.01709	1.02873	0.15172	0.03747	0.02104	0.63591	0.02276	0.0114	0.50216	0.01325	0.35694	0.12372	0.30843	0.13852	1.14808	0.28936	0.33586	0.06408	0.13782	0.045	0.1077	0.06334	0.33077	0.05854	0.47665	0.05208	1.84224	0.05198	1.19902	1.12631	2.72498	1.59926	10.12382	0.43513	0.48982	0.4556	0.31891
116	2	field	1.73296	0.5064	14.62744	0.25007	0.17912	0.24769	1.29222	0.09473	0.02445	4.07232	0.00001	0.04013	0.02616	0.00001	0.00001	0.01653	0.41516	0.09942	0.01607	0.00001	0.36204	0.01856	0.01292	0.39129	0.00001	0.20287	0.06267	0.1699	0.07017	0.63153	0.21859	0.16984	0.0331	0.07526	0.03498	0.05062	0.0293	0.17943	0.02976	0.23368	0.02278	0.91592	0.0219	0.60288	0.59795	1.3495	0.99082	3.25724	0.33125	0.34186	0.17216	0.2338
118	1	field	1.71703	0.43144	13.24263	0.25416	0.26592	0.37898	1.87626	0.12344	0.05012	5.48577	0.03082	0.1011	0.12014	0.00763	0.00832	0.02405	0.71618	0.1923	0.04334	0.05452	0.58199	0.02289	0.00412	0.43525	0.00595	0.22472	0.12254	0.27935	0.11327	1.0468	0.17333	0.18997	0.05328	0.12789	0.04913	0.0867	0.06117	0.32722	0.0322	0.39021	0.05082	2.0996	0.04961	1.1041	0.96677	1.46998	1.34857	2.56143	0.38695	0.39147	0.15591	0.20287
119	1	field	0.78638	0.29828	4.78929	0.14491	0.09451	0.10287	0.52342	0.05371	0.01883	1.61125	0.00408	0.01652	0.02043	0.0096	0.0031	0.00524	0.14283	0.03588	0.00949	0.00001	0.07276	0.00001	0.00001	0.05613	0.00001	0.04072	0.01855	0.04079	0.01089	0.15982	0.02109	0.02725	0.00828	0.01494	0.00767	0.01488	0.00641	0.03802	0.00001	0.05081	0.00565	0.22134	0.00633	0.13491	0.13331	0.16432	0.1209	0.40476	0.02938	0.04457	0.04401	0.02169
121	1	field	1.10058	0.29183	11.37571	0.34432	0.21264	0.20236	1.2089	0.11761	0.03171	2.33982	0.02888	0.15903	0.08841	0.00538	0.00824	0.0099	0.16353	0.06531	0.01536	0.00001	0.08554	0.00001	0.00001	0.07623	0.00001	0.05081	0.02149	0.04611	0.01579	0.33825	0.02739	0.03882	0.01071	0.01665	0.00821	0.02782	0.00752	0.03725	0.0224	0.04971	0.00595	0.18815	0.00526	0.12906	0.09931	0.22917	0.13863	0.6426	0.06036	0.04279	0.02988	0.04061
122	2	field	1.33675	0.18482	5.50712	0.18173	0.16615	0.16139	0.91324	0.0735	0.02382	1.95451	0.01477	0.04571	0.0852	0.00688	0.00918	0.01633	0.31262	0.10308	0.03878	0.012	0.38314	0.0113	0.00001	0.18237	0.00001	0.18145	0.06834	0.18245	0.09095	0.58434	0.09589	0.16113	0.03326	0.06758	0.0255	0.04533	0.02954	0.14373	0.02909	0.27557	0.02242	0.78424	0.01731	0.48956	0.27638	0.57017	0.2406	1.62361	0.10067	0.07519	0.07162	0.06077
123	2	field	2.24748	1.00248	2.08831	0.24504	0.1491	0.40888	0.59962	0.05754	0.03015	4.35749	0.01235	0.0873	0.119	0.00001	0.00789	0.01916	0.41348	0.21536	0.0496	0.05116	1.13111	0.09	0.00596	0.69297	0.00001	0.56289	0.89214	2.71313	1.2656	2.4511	0.39572	0.27429	0.57093	2.59175	0.89651	1.08043	0.97995	4.74091	0.02329	0.23203	0.11092	1.13397	0.37072	0.66692	0.73322	1.38979	1.62472	3.45107	0.44306	0.50206	0.12897	0.28082
124	1	field	0.75304	0.26144	3.42681	0.1462	0.08898	0.13803	0.55839	0.05064	0.01675	1.03414	0.00001	0.02741	0.03821	0.00735	0.00504	0.00769	0.12915	0.0417	0.01268	0.00001	0.11358	0.00773	0.00001	0.0503	0.00001	0.05062	0.03332	0.09293	0.02853	0.24707	0.02171	0.05114	0.02325	0.05844	0.01961	0.0284	0.02398	0.12028	0.00001	0.05544	0.00669	2.94187	0.01476	0.12352	0.15279	0.17587	0.20667	0.65948	0.06173	0.05198	0.03663	0.0558
125	2	field	2.71878	0.86794	50.9231	1.6	1.17843	0.37908	4.96325	0.61805	0.12189	8.1823	0.10666	0.32447	0.28432	0.03804	0.02816	0.05141	0.96943	0.30305	0.14355	0.05642	3.38376	0.04916	0.01266	0.27383	0.0157	0.36008	1.59479	2.55669	1.5617	3.99029	0.15162	0.43163	0.28315	0.8058	0.29584	0.31839	0.52661	1.9759	0.04957	0.35967	0.1101	1.56782	0.27361	1.32161	1.48233	3.05133	2.80881	9.93964	0.77265	0.79869	0.8619	0.69337
126	1	field	1.21446	0.34276	7.45534	0.71078	0.67427	0.22016	3.51161	0.24132	0.10566	3.05343	0.03364	0.18146	0.2476	0.02193	0.0159	0.03577	0.62592	0.25346	0.07837	0.052	1.50465	0.04591	0.00883	0.14399	0.01041	0.24872	0.39765	0.84593	0.41251	4.88995	0.06012	0.25059	0.15957	0.45453	0.17052	0.21005	0.18773	0.95964	0.01889	0.31384	0.04722	0.94424	0.09086	0.51971	0.44088	0.5321	0.51097	1.66412	0.17263	0.17097	0.11416	0.15049
127	2	field	2.1277	0.56128	10.43496	0.68576	0.42384	0.34128	1.93561	0.23004	0.15307	7.99631	0.06409	0.78152	0.9372	0.12467	0.11283	0.17509	0.68476	1.09924	0.55228	0.31532	32.2656	1.13412	0.15747	0.40406	0.16609	2.11254	19.56785	59.09358	23.49111	36.89552	0.26059	1.2365	9.5775	40.06053	14.46754	16.88001	15.44807	74.69688	0.06809	1.10991	2.13115	3.00953	8.478	2.7709	1.62888	3.48071	3.22229	10.99004	1.04803	0.82532	0.52745	0.56223
128	1	field	1.60359	0.42554	28.44693	0.73463	0.46309	0.31896	38.91111	0.1554	0.12176	4.77201	0.04673	0.71116	0.74557	0.03594	0.03363	0.049	1.63781	0.89249	0.1337	0.11096	5.48391	0.1702	0.03673	0.19598	0.03318	0.4386	1.36681	3.82729	1.63572	6.52416	0.05333	0.23909	0.77073	2.88888	1.0002	1.45689	1.22687	5.77595	0.00001	0.33401	0.16376	0.68845	0.72501	0.43057	0.35127	0.59968	0.41783	1.64428	0.14046	0.19979	0.25212	0.14504
129	2	field	2.48364	0.50953	19.21178	0.91907	0.50656	0.47549	28.3351	0.14331	0.13159	6.6688	0.04334	0.43534	0.48456	0.02626	0.0229	0.05143	1.59802	0.71906	0.12829	0.09049	2.81351	0.1328	0.02531	0.31242	0.02455	0.46385	0.58164	1.32996	0.62447	2.29939	0.10639	0.31982	0.30875	0.85215	0.33566	0.36111	0.37812	1.7828	0.02317	0.45292	0.09272	1.06051	0.19928	0.62244	0.62983	0.88526	1.23993	2.49933	0.44044	0.40719	0.11846	0.24902
130	2	field	1.86675	0.57169	4.14739	0.24443	0.14951	0.31772	0.70539	0.0652	0.0244	3.8245	0.01326	0.04461	0.09075	0.00794	0.00001	0.01506	0.3674	0.06144	0.02972	0.00001	0.35409	0.01844	0.00001	0.22635	0.00912	0.15029	0.11262	0.23561	0.13267	0.66621	0.11306	0.12945	0.05886	0.14814	0.06392	0.07075	0.06404	0.32873	0.03177	0.15481	0.03156	0.67758	0.053	0.48328	0.52898	1.02306	1.17477	4.69059	0.41674	0.32344	0.48149	0.23758
131	2	field	4.41855	0.68956	195.27041	3.63768	2.60077	0.34932	34.61826	1.08788	0.24559	6.23868	0.12542	0.38209	0.36568	0.0432	0.03501	0.06303	2.29403	0.37433	0.21202	0.06703	1.38272	0.05132	0.04892	0.49956	0.01896	0.32986	0.2266	0.48532	0.22952	1.12076	0.15788	0.21244	0.12266	0.32951	0.15674	0.16755	0.15722	0.77284	0.05176	0.18224	0.0366	0.67984	0.07611	0.6771	0.53057	1.09262	1.2155	1.93768	0.38614	0.39717	0.07199	0.22016
132	2	field	3.02221	0.53255	8.2617	0.42669	0.21039	0.46612	1.17926	0.08258	0.03825	5.50123	0.01762	0.10095	0.13509	0.00664	0.00778	0.02252	0.82855	0.30041	0.04768	0.03249	0.76434	0.04727	0.00701	0.47868	0.00001	0.46659	0.1425	0.42524	0.16327	1.39245	0.23956	0.96098	1.59579	0.36027	0.1165	0.16107	0.13598	0.53589	0.06785	0.63796	0.04247	1.18122	0.05246	0.80043	0.6363	0.93167	1.11421	2.54752	0.47917	0.29181	0.17417	0.19096
133	1	field	2.08109	0.4947	7.36496	0.34894	0.21333	0.45833	1.24906	0.09387	0.04227	6.44376	0.02689	0.13363	0.13822	0.0173	0.01191	0.01954	0.62362	0.23289	0.04465	0.02765	0.89453	0.05127	0.00415	0.7831	0.00508	0.41999	0.19425	0.54842	0.32505	1.43035	0.20213	0.55305	0.12873	0.27163	0.13836	0.08031	0.09563	0.51507	0.05244	0.95176	0.06754	1.81511	0.05206	1.4854	0.87771	1.78791	1.47705	7.04528	0.56512	0.34992	0.40221	0.30536
134	2	field	2.58734	0.57952	10.75825	0.57788	0.42295	0.41151	3.44628	0.16152	0.0533	5.94833	0.03718	0.17189	0.22711	0.02039	0.01849	0.02533	0.66499	0.18097	0.05103	0.05099	0.63659	0.02148	0.00001	1.16915	0.00724	0.38571	0.10711	0.21096	0.07358	0.8285	0.49754	0.21639	0.04846	0.0991	0.04036	0.06255	0.04452	0.22188	0.06862	0.23417	0.02447	0.87945	0.03057	0.61417	0.50723	1.05711	0.90242	2.49949	0.2625	0.24472	0.27069	0.18587
135	1	field	1.46774	0.51616	12.08145	0.23267	0.15444	0.21744	0.777	0.08172	0.02391	4.01903	0.01796	0.04658	0.06707	0.00669	0.00669	0.01526	0.38187	0.11165	0.02802	0.01099	0.38211	0.01725	0.00001	0.6532	0.00001	0.24291	0.07084	0.20491	0.07235	0.87501	0.26406	0.1401	0.04273	0.0813	0.02636	0.06247	0.03708	0.17789	0.03087	0.171	0.0204	0.70497	0.02693	0.45058	0.44456	0.58728	0.57606	1.18677	0.14082	0.24187	0.31973	0.18551
136	2	field	3.15098	0.84547	7.69189	0.47292	0.24092	0.60351	3.07195	0.08969	0.05909	8.62041	0.05434	0.16024	0.20157	0.00777	0.00415	0.01851	1.50899	0.35102	0.05559	0.03553	1.1855	0.06044	0.01056	11.49012	0.00001	0.61989	0.305	0.69456	0.2747	1.88717	0.28156	0.44407	0.13245	0.27441	0.09237	0.14545	0.12479	0.55562	0.08279	0.89708	0.07038	5.61796	0.07396	1.17204	0.99122	2.07983	1.48392	7.42244	0.51018	0.44139	0.59005	0.39126
137	1	field	1.62321	0.86462	1.145	0.18899	0.09727	0.28712	0.38234	0.03454	0.02083	4.09482	0.02509	0.02997	0.06623	0.0103	0.01043	0.01959	0.36997	0.1124	0.03638	0.00001	0.40185	0.01058	0.0067	0.34041	0.01041	0.18173	0.07154	0.15599	0.05641	0.71341	0.24017	0.13726	0.04106	0.06197	0.02459	0.04155	0.04225	0.161	0.04831	0.17293	0.02221	0.64566	0.02488	0.45944	0.44036	0.7469	0.63507	1.60095	0.23525	0.26634	0.3684	0.15478
138	1	field	1.25591	0.52574	3.76033	0.41294	0.17886	0.15678	0.4477	0.08083	0.02486	4.30776	0.03008	0.05432	0.03371	0.0105	0.00705	0.01496	0.2463	0.00001	0.02491	0.00001	0.3451	0.01312	0.00001	0.33359	0.00001	0.33986	0.07204	0.1753	0.07712	0.53768	0.14698	0.23982	0.04341	0.11944	0.04559	0.10801	0.05458	0.25152	0.04357	0.25194	0.03345	1.84499	0.05109	1.10609	0.81328	1.97606	1.06971	7.86924	0.5394	0.25969	0.69523	0.17229
139	1	field	0.97166	0.34837	2.59787	0.1385	0.11465	0.19423	0.61979	0.06615	0.02129	2.805	0.02663	0.06066	0.15091	0.01525	0.01575	0.06744	0.32461	0.09535	0.0816	0.02667	0.90521	0.03488	0.0078	0.26033	0.01246	0.19429	0.40983	1.12205	0.50924	1.53031	0.09116	0.12566	0.20692	0.6207	0.2355	0.31223	0.24814	1.17282	0.01707	0.1947	0.03901	0.69122	0.07374	0.41282	0.32913	0.69969	0.44473	1.49598	0.09031	0.13594	0.11687	0.10313
140	2	field	2.73191	0.85256	11.76034	1.36798	0.98216	0.41826	22.04897	0.17985	0.41465	6.86628	0.06566	0.84653	1.0469	0.07315	0.06973	0.13794	4.7113	0.63964	0.16406	0.05276	2.5174	0.13477	0.01646	0.61501	0.02351	0.42674	0.36657	0.85809	0.44195	1.88727	0.17069	0.19546	0.13049	0.37194	0.14421	0.23446	0.15246	0.76429	0.02052	0.27973	0.03727	0.88631	0.05229	0.68856	0.49405	1.65685	0.75781	8.21578	0.51901	0.38232	0.68604	0.40631
141	2	field	2.11649	0.51929	4.62822	0.21819	0.18193	0.37119	1.30134	0.0692	0.03516	9.46986	0.1041	0.07695	0.05152	0.00929	0.00496	0.00686	0.56574	0.13144	0.02217	0.02215	0.73816	0.02336	0.01921	0.21832	0.00001	0.15559	0.08765	0.18754	0.06218	0.65227	0.10765	0.13018	0.03206	0.06022	0.01865	0.0702	0.02321	0.11289	0.05284	0.18243	0.02163	0.63695	0.01086	0.299	0.3347	0.48274	0.25402	0.70159	0.00001	0.00001	0.00001	0.00001
142	2	field	2.54368	0.83488	2.90203	0.25838	0.12486	0.52351	0.709	0.04868	0.03068	6.21735	0.00001	0.03413	0.0257	0.00001	0.00001	0.00001	0.43326	2.30831	0.02271	0.00001	0.40354	0.02183	0.00001	0.26238	0.00001	0.15861	0.07105	0.14903	0.04271	0.53315	0.06988	0.16472	0.03302	0.05389	0.0208	0.05821	0.02821	0.12829	0.02681	0.18164	0.02432	0.72839	0.01484	0.43784	0.39156	1.01518	0.74531	5.18908	0.30304	0.23182	0.5011	0.27376
143	2	field	2.20028	0.64591	3.3812	0.18854	0.16856	0.42064	0.90257	0.0688	0.04318	5.38273	0.02729	0.06722	0.17607	0.01278	0.02208	0.06947	0.61726	0.17247	0.09379	0.03328	0.77362	0.0329	0.01262	0.37181	0.01	0.32695	0.20921	0.42597	0.20413	1.4441	0.17655	0.23918	0.09977	0.24391	0.09173	0.15933	0.12284	0.59639	0.08723	0.49049	0.06589	1.99884	0.08728	1.42809	1.2793	3.12947	1.95578	12.98002	1.12395	0.93181	1.5476	0.95558
144	2	field	2.52465	0.93949	9.75544	0.33661	0.25373	0.45432	1.65923	0.09916	0.04419	5.03887	0.03122	0.06635	0.05998	0.00001	0.00001	0.01303	0.47525	0.10707	0.02885	0.03652	0.63838	0.01904	0.00616	0.14693	0.01418	0.14207	0.09982	0.31159	0.11509	0.55792	0.08588	0.12218	0.05091	0.08359	0.03363	0.092	0.03056	0.15551	0.03479	0.22639	0.02341	0.81458	0.01768	0.52953	0.49276	0.89175	0.6112	1.67849	0.14831	0.27082	0.14774	0.06052
145	1	field	2.12829	0.36992	7.4966	0.73686	0.47813	0.40273	4.03646	0.16481	0.12791	5.73312	0.03752	0.39554	0.36699	0.01818	0.01455	0.02901	1.20155	0.73634	0.05002	0.09992	4.65789	0.21471	0.02165	0.26763	0.02179	0.47259	0.247	0.80829	0.25159	2.06854	0.21146	2.75559	0.00001	0.83226	0.35934	0.28142	0.21929	0.92442	0.03272	0.63036	0.72273	2.11792	0.08058	0.62613	0.49678	0.63533	0.46047	1.40112	0.15028	0.20168	0.16557	0.10031
146	1	field	1.64622	0.40519	4.20528	0.24447	0.18126	0.35512	0.96812	0.08499	0.0332	3.56804	0.01103	0.04692	0.03494	0.00521	0.00555	0.0129	0.39324	0.10493	0.03044	0.0163	0.60959	0.0218	0.00001	0.92948	0.00799	0.28855	0.10735	0.2481	0.10037	0.84643	0.17695	0.17568	0.05358	0.10725	0.04542	0.1136	0.05214	0.23405	0.07555	0.32521	0.03995	1.21405	0.03423	0.73274	0.70044	1.43951	0.8739	4.77367	0.4601	0.33641	0.26357	0.26102
147	1	field	1.24824	0.73137	1.8753	0.20351	0.09901	0.23291	0.66099	0.04039	0.02389	1.96032	0.00001	0.0448	0.05159	0.00001	0.00001	0.00852	0.18584	0.06366	0.01318	0.00001	0.19529	0.01155	0.00001	0.29312	0.00001	0.1028	0.04377	0.0909	0.02916	0.41325	0.04799	0.06115	0.01379	0.03485	0.0122	0.04887	0.01452	0.07999	0.00001	0.09578	0.01339	0.33412	0.00952	0.16708	0.14757	0.20832	0.14889	0.62329	0.05254	0.05314	0.04483	0.03742
148	2	field	5.13117	0.8637	11.85648	2.40499	1.73248	1.69287	14.96159	0.29365	0.60724	9.65193	0.06429	1.03665	0.98171	0.08967	0.08181	0.1197	2.02215	1.61781	0.35717	0.17878	9.93609	0.62888	0.08184	0.92897	0.0727	1.6906	1.27704	2.42362	1.19914	5.67813	0.35338	1.209	0.29086	0.70454	0.29222	0.47196	0.35621	1.34534	0.12229	1.57251	0.11651	2.7384	0.10945	1.48052	1.47167	1.91107	1.64354	5.52368	0.65991	0.48017	0.40608	0.30951
149	1	field	0.75127	0.19707	1.97618	0.12925	0.10512	0.15162	0.73646	0.04803	0.02047	1.19662	0.00001	0.02599	0.03111	0.00662	0.00524	0.00819	0.16481	0.03745	0.01308	0.00001	0.19346	0.00001	0.00001	0.05096	0.00001	0.05676	0.03462	0.08307	0.02871	0.29884	0.02902	0.05553	0.01409	0.02896	0.01055	0.02782	0.01231	0.05897	0.01621	0.08012	0.00682	0.31497	0.00903	0.19951	0.14981	0.31885	0.19095	2.17264	0.08316	0.09618	0.279	0.07413
150	1	field	2.08359	0.57104	4.79364	0.26714	0.16899	0.31296	0.76642	0.07502	0.03965	6.16384	0.03108	0.04607	0.04658	0.00902	0.01213	0.01636	0.35141	0.10437	0.03674	0.00001	0.63126	0.02089	0.00556	0.13493	0.01039	0.16592	0.11644	0.25275	0.10606	0.87071	0.09755	0.19643	0.05491	0.10996	0.05189	0.13645	0.05138	0.26166	0.04135	0.29991	0.04149	1.34639	0.03458	0.84983	0.76125	1.31045	0.9481	3.59823	0.41083	0.28882	0.23499	0.20782
151	2	field	2.69001	0.82079	6.06088	0.28231	0.22059	0.37952	1.1663	0.07916	0.05747	8.49315	0.03384	0.13489	0.20882	0.00958	0.01364	0.02315	0.60618	0.2057	0.04873	0.02385	1.12688	0.0421	0.012	0.21315	0.0111	0.23455	0.18108	0.38986	0.17876	1.16035	0.1094	0.17537	0.04759	0.12366	0.04112	0.31652	0.06226	0.25324	0.05632	0.34291	0.03133	1.59223	0.03704	0.65416	0.48884	0.21461	0.13237	0.15476	0.00001	0.00001	0.00001	0.00001
152	1	field	1.45844	0.37001	7.31973	0.29853	0.18045	0.22765	3.54537	0.06166	0.0541	1.75652	0.00001	0.16416	0.17047	0.00001	0.00684	0.00942	0.16689	0.21049	0.02023	0.00001	0.53076	0.01268	0.00001	0.06072	0.00001	0.08206	0.11061	0.24799	0.1502	0.55714	0.02545	0.07317	0.02813	0.05956	0.02756	0.03594	0.02281	0.12146	0.0171	0.12805	0.01253	0.32667	0.01084	0.19913	0.10997	0.14883	0.07091	0.37808	0.01839	0.02704	0.02431	0.01824
153	2	field	2.87411	1.05792	9.40152	0.8249	0.46565	0.39569	1.96009	0.20015	0.07652	6.1107	0.03801	0.22448	0.19272	0.02566	0.02129	0.02144	0.40231	0.28016	0.05495	0.00001	3.153	0.06573	0.00001	0.24635	0.00001	0.35941	0.29064	0.87423	0.39601	1.18583	0.13691	0.3615	0.09568	0.24531	0.10377	0.16322	0.08502	0.44253	0.02092	0.46593	0.04419	1.48639	0.03803	0.89507	0.81364	2.01979	1.26854	10.2522	0.48269	0.3887	1.46216	0.37779
154	2	field	3.24613	0.88958	7.53517	0.36573	0.20553	0.66689	1.49813	0.07988	0.03715	8.22682	0.02538	0.05853	0.06776	0.00953	0.0084	0.00809	0.58492	0.19395	0.03955	0.04629	1.30768	0.02764	0.01178	0.2706	0.00894	0.34566	0.23682	0.61697	0.32646	1.65542	0.21303	0.34988	0.11474	0.22464	0.09525	0.24709	0.09789	0.49747	0.10747	0.77717	0.08475	3.01392	0.0738	1.58825	1.52828	2.91432	1.9462	6.09817	0.62872	0.56889	0.47225	0.32772
155	1	field	0.52647	0.2515	1.32167	0.08947	0.04426	0.09523	0.22124	0.01936	0.01262	0.84932	0.00001	0.00869	0.01051	0.00001	0.00001	0.00001	0.09292	0.01952	0.00478	0.00001	0.06159	0.00001	0.00001	0.04751	0.00001	0.03772	0.01111	0.03978	0.00585	0.13651	0.03037	0.03608	0.008	0.01524	0.00502	0.01265	0.00804	0.03338	0.01485	0.04871	0.0054	0.22376	0.00495	0.12451	0.1044	0.18158	0.12712	0.53292	0.05072	0.04452	0.053	0.03945
156	2	field	4.04505	1.12183	6.02992	0.60903	0.20256	0.69199	4.40484	0.05789	0.05311	9.5051	0.04471	0.25	0.18635	0.01575	0.0099	0.01962	0.54447	0.7782	0.03609	0.07785	3.80511	0.18974	0.0176	0.66839	0.00001	0.65443	0.42037	1.20114	0.51971	2.25288	0.39747	0.59334	0.13907	0.3325	0.12276	0.20145	0.12922	0.58325	0.07278	1.2788	0.08229	2.36499	0.04862	0.95208	0.74935	1.5153	1.04577	8.04483	0.48023	0.44562	1.59757	0.38813
157	2	field	4.87391	1.32958	20.39222	0.57942	0.32364	0.75051	1.85273	0.1366	0.0567	8.48865	0.05785	0.10534	0.08687	0.01311	0.00911	0.0264	0.68888	0.50438	0.07792	0.06044	1.3537	0.04669	0.01252	0.38352	0.01015	0.38438	0.24715	0.51764	0.24222	1.4158	0.22421	0.28266	0.09236	0.20199	0.08386	0.20859	0.09117	0.42832	0.10756	0.55346	0.05653	2.39769	0.06439	1.6433	1.37479	3.60432	2.40825	14.3252	1.24517	0.80033	2.19119	0.79134
158	2	field	2.92544	1.73385	8.04742	1.48949	0.75438	0.46538	2.30395	0.33972	0.10961	7.83629	0.05879	0.35553	0.42036	0.05088	0.05625	0.10925	0.37637	0.30705	0.13564	0.06881	3.22258	0.27985	0.01416	0.24059	0.00001	0.34939	0.31371	0.84084	0.40217	1.3666	0.1324	0.2467	0.09911	0.25718	0.10594	0.19642	0.09503	0.48468	0.00001	0.38115	0.0377	1.3896	0.04723	0.71899	0.61793	1.22099	1.14931	3.96947	0.48832	0.38409	0.39305	0.29948
159	1	field	1.39929	0.48614	4.08988	0.25745	0.1258	0.24496	0.74261	0.06425	0.02404	5.00443	0.02136	0.03623	0.05518	0.00001	0.00001	0.00606	0.2463	0.10693	0.02955	0.00001	0.60522	0.01624	0.00001	0.13277	0.00001	0.15839	0.11996	0.32365	0.11643	1.00947	0.10117	0.28637	0.05469	0.137	0.0518	0.11419	0.05871	0.2828	0.04508	0.41823	0.04339	1.82818	0.04183	1.07716	0.93383	3.01028	1.35213	13.11578	0.51821	0.5158	1.28271	0.47271
161	2	field	1.95806	0.55346	4.16626	0.23283	0.19645	0.28286	0.86922	0.08264	0.02834	4.67346	0.01095	0.08412	0.08668	0.01313	0.0101	0.01573	0.41556	0.14889	0.02891	0.03691	1.60364	0.04622	0.00001	0.13611	0.00001	0.25506	0.17693	0.49369	0.19926	0.90786	0.07609	0.197	0.06423	0.14772	0.06232	0.05547	0.04973	0.29192	0.0256	0.23216	0.02242	0.77462	0.02282	0.76756	0.69612	1.62655	1.12771	3.36928	0.29066	0.40082	0.39644	0.17393
162	2	field	3.65901	0.88986	13.00961	0.71208	0.39904	0.58902	3.11347	0.15448	0.0499	8.22942	0.053	0.13721	0.14097	0.00174	0.00903	0.0124	0.67972	0.22619	0.03161	0.04153	1.11192	0.03307	0.00001	0.21693	0.00001	0.22588	0.14371	0.27389	0.12563	0.63442	0.0896	0.13524	0.03561	0.07187	0.0245	0.04358	0.03163	0.13961	0.03408	0.16695	0.02574	0.54549	0.01478	0.37824	0.39099	0.68549	1.2142	2.3331	0.23543	0.28511	0.11857	0.175
163	2	field	1.8222	0.62952	37.98815	1.66587	0.94531	0.42694	30.37009	0.20044	0.21936	6.96196	0.05041	0.40625	0.37373	0.03641	0.02198	0.03222	2.36229	0.35473	0.11852	0.05444	2.06137	0.06791	0.01637	0.17903	0.01678	0.24612	0.17685	0.35786	0.16289	1.08608	0.09199	0.29254	0.0598	0.11525	0.05007	0.06221	0.06285	0.26133	0.03272	0.47852	0.03758	1.06666	0.02808	0.55463	0.65994	1.22826	1.30119	3.75117	0.36638	0.3097	0.22665	0.22606
164	2	field	3.11514	0.6239	7.66573	0.33795	0.19418	0.40631	1.47257	0.08761	0.03576	9.83291	0.0252	0.04567	0.06887	0.00971	0.00954	0.0142	0.4567	0.11942	0.02322	0.01442	0.56083	0.02831	0.00527	0.07869	0.00667	0.14694	0.08548	0.17193	0.09546	0.64952	0.07314	0.35799	0.69704	0.06861	0.03122	0.03693	0.03585	0.1603	0.04998	0.2694	0.03785	0.81376	0.02134	0.50698	0.62057	1.49253	1.20566	3.60028	0.41402	0.36705	0.16001	0.30714
165	2	field	3.34703	0.83	8.91115	0.36979	0.18909	0.53174	1.05876	0.08505	0.0545	7.06863	0.03775	0.10187	0.17596	0.01364	0.01531	0.03244	0.62902	0.2026	0.05313	0.00001	0.67664	0.11972	0.00001	0.42127	0.01072	0.32057	0.14391	0.29065	0.12772	0.97725	0.14029	0.26576	0.08513	0.13083	0.05767	0.0707	0.06288	0.31227	0.05253	0.37247	0.04044	1.13959	0.03966	0.94947	0.90238	1.79755	1.67655	5.9102	0.73721	0.50242	0.82222	0.45107
166	1	field	2.735	0.78589	25.88251	0.59378	0.54469	0.43383	4.63431	0.23609	0.08263	7.0292	0.07761	0.14538	0.19156	0.01445	0.01397	0.02418	1.05375	0.23017	0.06024	0.05886	1.27555	0.05194	0.00653	0.22878	0.00539	0.27583	0.20247	0.47669	0.16706	1.98059	0.11435	0.45211	0.12092	0.18728	0.05843	0.09377	0.08894	0.37412	0.06871	0.95617	0.0946	1.57978	0.04158	0.73386	0.89632	1.1944	1.062	0.93905	0.18224	0.29484	0.24274	0.10152
167	2	field	1.80214	0.53937	3.17555	0.27562	0.13938	0.27735	0.59037	0.06668	0.02746	5.26366	0.02096	0.04352	0.04329	0.00803	0.00628	0.02099	0.6012	0.11039	0.03169	0.03553	0.46399	0.02371	0.01053	0.41532	0.00724	0.17576	0.08665	0.19062	0.078	0.61268	0.10375	0.13771	0.03438	0.07819	0.03108	0.05487	0.03406	0.16563	0.04954	0.22357	0.02901	0.81006	0.02306	0.5076	0.55759	1.00307	1.00547	2.87924	0.26623	0.26518	0.27663	0.15314
168	1	field	1.84256	0.53412	9.04932	0.33641	0.24225	0.26976	1.75554	0.10579	0.03746	5.92352	0.03553	0.19421	0.15037	0.01253	0.0114	0.03377	0.56165	0.24545	0.06642	0.00001	1.44711	0.03221	0.00679	0.29011	0.00001	0.27579	0.44873	0.62659	0.38928	1.82833	1.02376	0.35601	0.11333	0.24003	0.08766	0.08972	0.12568	0.51254	0.07601	0.92901	0.05334	2.03607	0.05042	1.02404	0.82715	1.09134	1.10207	2.01674	0.18186	0.32109	0.16591	0.10446
169	1	field	2.34056	0.58882	2.60593	0.21937	0.12747	0.44202	1.22673	0.05995	0.03401	6.08077	0.03533	0.09525	0.14725	0.00958	0.01649	0.04041	0.53264	0.16845	0.06569	0.02553	1.08651	0.03371	0.00803	0.16443	0.01079	0.22141	0.29269	0.67908	0.3318	1.43717	0.11695	0.21866	0.16379	0.47683	0.19394	0.25425	0.23731	1.28059	0.05404	0.36007	0.09373	1.37836	0.19946	0.93513	1.02846	2.45061	2.06094	12.26932	0.57476	0.5032	0.61357	0.39858
170	2	field	2.76155	0.72833	2.11543	0.18785	0.10484	0.40259	0.74615	0.04537	0.01937	4.35606	0.01366	0.03373	0.04174	0.00001	0.00053	0.00348	0.39107	0.24525	0.02374	0.00001	0.888	0.0204	0.00001	0.38565	0.00001	0.23421	0.12452	0.19644	0.07543	1.03466	0.08069	0.10105	0.02429	0.05016	0.01947	0.03761	0.02806	0.12618	0.05796	0.14845	0.02628	0.58948	0.01765	0.38482	0.42507	0.99912	1.12028	3.16656	0.32229	0.31117	0.32349	0.2194
171	2	field	2.01087	0.66774	4.69059	0.18684	0.11693	0.40655	0.70087	0.05439	0.02012	5.04248	0.00001	0.03187	0.05077	0.00805	0.0046	0.0116	0.48689	0.13045	0.02439	0.00001	0.49785	0.02823	0.01115	0.32056	0.01284	0.18186	0.10604	0.25122	0.09277	0.80641	0.1452	0.16334	0.04546	0.08938	0.04022	0.06127	0.04644	0.19871	0.0432	0.3183	0.03397	4.39288	0.0295	0.58525	0.62361	1.36436	1.30862	5.33319	0.32291	0.33468	0.51464	0.24362
172	1	field	2.18272	0.61239	4.9691	0.26868	0.17715	0.40819	1.10347	0.08337	0.02984	5.93457	0.02127	0.06836	0.10492	0.00613	0.00895	0.02305	0.64399	0.18873	0.04538	0.02257	0.73632	0.02603	0.01246	0.321	0.01462	0.26327	0.13718	0.27542	0.11001	1.09166	0.1121	0.21272	0.06706	0.15614	0.05098	0.0905	0.07156	0.34018	0.0411	0.46266	0.0591	1.50521	0.0541	0.97328	1.25387	3.06301	2.36384	10.29697	0.86622	0.71234	0.54717	0.55158
173	1	field	1.54798	0.47168	2.11019	0.19102	0.1032	0.21982	0.39637	0.04382	0.05586	4.20381	0.03302	0.09484	0.32053	0.02264	0.02427	0.09991	0.44974	0.08591	0.12161	0.0096	0.43571	0.01547	0.00707	0.2064	0.00001	0.17032	0.10903	0.23217	0.09894	0.92175	0.0837	0.12456	0.0494	0.1179	0.04123	0.07143	0.05581	0.26988	0.02339	0.30322	0.03709	1.15652	0.04021	0.92779	0.94586	1.97732	2.40634	4.99844	0.56458	0.69833	0.22001	0.38028
174	2	field	2.96084	0.7368	4.1637	0.08444	0.13097	0.45035	1.11434	0.05542	0.02483	6.12816	0.00001	0.034	0.04674	0.00001	0.00001	0.01097	0.4176	0.09926	0.02499	0.02605	0.58178	0.01831	0.00001	0.17551	0.00001	0.15456	0.08706	0.20909	0.08137	0.68223	0.11207	0.15588	0.03931	0.07318	0.0294	0.05321	0.03279	0.17458	0.05974	0.22654	0.03823	0.82052	0.02309	0.50237	0.56707	1.04587	1.24116	4.25178	0.28996	0.33568	0.25927	0.19579
175	2	field	3.01601	0.74905	4.66411	0.3487	0.1582	0.59195	1.74217	0.06508	0.04657	7.8914	0.04225	0.05156	0.05823	0.00001	0.00781	0.0125	0.55604	0.00001	0.03785	0.05047	0.75987	0.03656	0.00474	0.37901	0.01041	0.27543	0.14631	0.27884	0.1074	1.10846	0.12006	0.34997	0.08328	0.11825	0.05075	0.07241	0.05851	0.30823	0.04991	0.59978	0.05846	1.40648	0.03413	0.78136	0.73914	2.01469	1.69232	13.43412	0.55971	0.50206	1.67041	0.46392
176	1	field	0.76898	0.21438	3.52672	0.34136	0.2794	0.10862	2.45349	0.07126	0.04447	1.74215	0.0081	0.13945	0.18323	0.00891	0.01877	0.01235	0.27115	0.05182	0.01242	0.00001	0.11762	0.00001	0.00001	0.04252	0.00001	0.03577	0.01575	0.03949	0.00988	0.15714	0.01962	0.02612	0.00726	0.01086	0.00528	0.00642	0.00674	0.02477	0.00001	0.03686	0.00273	0.15436	0.00379	0.12033	0.10156	0.2438	0.19791	0.67042	0.06067	0.05717	0.04522	0.04357
177	2	field	2.52495	0.71728	12.3622	0.75369	0.46695	0.48854	4.43682	0.1491	0.04992	7.01108	0.02543	0.10704	0.09946	0.01225	0.01066	0.01388	0.64208	0.00001	0.04058	0.01442	0.67313	0.01758	0.00727	0.27074	0.00984	0.22143	0.10811	0.23639	0.0851	0.75631	0.11315	0.14966	0.03631	0.07415	0.02821	0.04813	0.03463	0.16107	0.02406	0.19163	0.0277	0.66814	0.02502	0.43235	0.47382	1.02444	1.24411	3.34291	0.37599	0.36504	0.33479	0.25323
178	2	field	2.90125	0.77861	4.14899	0.26986	0.15996	0.59354	0.9819	0.06502	0.02868	5.83074	0.01748	0.05169	0.06359	0.00406	0.00504	0.02498	0.51013	0.1922	0.04879	0.04064	0.65151	0.03475	0.00698	0.27639	0.00947	0.28657	0.1346	0.25935	0.11684	0.86129	0.09027	0.17533	0.05745	0.09674	0.04277	0.05572	0.05031	0.24282	0.05494	0.28695	0.03668	0.9545	0.03448	0.6862	0.71982	1.86088	1.55388	5.16376	0.42265	0.43348	0.50602	0.34374
179	1	field	0.87209	0.25011	1.17762	0.07754	0.04595	0.09786	0.21852	0.01994	0.00927	1.42434	0.00001	0.00876	0.01851	0.00001	0.00001	0.00001	0.11708	0.02097	0.00557	0.00001	0.0809	0.00001	0.00001	0.07363	0.00001	0.04212	0.00921	0.02622	0.01007	0.1277	0.05834	0.03084	0.00801	0.01085	0.00508	0.0087	0.00556	0.02086	0.00001	0.03295	0.00729	0.14741	0.00318	0.11462	0.10844	0.18579	0.19595	0.56978	0.07106	0.04735	0.04666	0.04052
180	2	field	2.6167	0.82466	2.81081	0.34582	0.16812	0.52023	1.07535	0.05748	0.05407	8.4327	0.02258	0.05239	0.09858	0.00821	0.0113	0.0372	0.58739	0.15492	0.04857	0.03736	0.91323	0.03132	0.01067	0.40369	0.02913	0.32141	0.21914	0.50967	0.23438	1.08806	0.24552	0.25646	0.08959	0.21186	0.07931	0.12341	0.10478	0.46294	0.05081	0.31991	0.03998	0.99365	0.04868	0.7762	0.80543	1.6751	1.74319	5.10409	0.71097	0.45812	0.56459	0.2859
181	1	field	1.39678	0.41311	2.26351	0.42977	0.34307	0.2525	1.76988	0.11057	0.04459	4.06293	0.01651	0.07172	0.08097	0.00001	0.00001	0.0107	0.19596	0.16746	0.00559	0.00001	0.29707	0.00001	0.00001	0.07873	0.00001	0.08444	0.05536	0.1192	0.03607	0.67489	0.02631	0.10963	0.02312	0.03921	0.01544	0.01816	0.0171	0.0862	0.01004	0.16362	0.01413	0.36291	0.00887	0.20568	0.1596	0.28955	0.20921	1.43715	0.09204	0.0863	0.29811	0.08958
182	2	field	2.65771	0.78082	8.43077	0.31086	0.21075	0.49886	2.19681	0.09271	0.05343	8.02478	0.02478	0.08859	0.10686	0.00869	0.00862	0.02069	1.23474	0.29576	0.03991	0.04274	0.77309	0.05419	0.01241	0.40102	0.01317	0.37392	0.1806	0.39153	0.17865	1.16581	0.10974	0.23339	0.06124	0.13703	0.05274	0.07815	0.06514	0.24864	0.03426	0.25728	0.03567	0.89638	0.0332	0.61362	0.59536	1.71201	1.3455	8.1745	0.32607	0.37041	1.08138	0.31504
183	1	field	0.93876	0.33392	1.16713	0.08545	0.05134	0.14423	0.23584	0.02424	0.00703	2.89859	0.01659	0.00876	0.01153	0.00001	0.00001	0.00323	0.11669	0.05695	0.00521	0.00001	0.06659	0.00001	0.00001	0.03797	0.00001	0.03013	0.01108	0.02767	0.00851	0.12556	0.00001	0.03201	0.00976	0.01116	0.00001	0.00306	0.00352	0.02775	0.00001	0.03406	0.00551	0.13841	0.0044	0.12521	0.09199	0.24291	0.15738	0.50418	0.03277	0.04873	0.07272	0.02621
184	1	field	2.64768	0.52905	3.03469	0.27821	0.12744	0.44554	0.80278	0.06055	0.03554	7.69324	0.02506	0.05634	0.06612	0.01103	0.00667	0.01681	0.52453	0.33845	0.03508	0.03822	0.60845	0.02543	0.00599	0.24631	0.00001	0.19721	0.10048	0.20916	0.08306	0.84318	0.13347	0.19039	0.05362	0.10558	0.03709	0.07625	0.05372	0.23416	0.04501	0.28443	0.03457	2.72995	0.0419	0.83942	0.96343	1.77728	2.03537	7.83154	0.59971	0.50615	0.74426	0.389
185	1	field	0.86663	0.2293	1.12766	0.11867	0.07766	0.13074	0.24531	0.03326	0.02283	1.44248	0.01129	0.01907	0.02987	0.00001	0.00001	0.00862	0.12885	0.03027	0.01385	0.00001	0.10543	0.00791	0.00001	0.02972	0.00001	0.0488	0.01863	0.03445	0.01398	0.18204	0.02506	0.04181	0.00962	0.01348	0.00744	0.01016	0.00769	0.0336	0.00001	0.07311	0.00728	0.30105	0.00669	0.13124	0.1309	0.21733	0.20294	0.78695	0.06445	0.06582	0.06184	0.04965
186	1	field	2.18774	0.56653	8.42501	0.40544	0.25582	0.38418	5.62979	0.10452	0.05306	7.5541	0.03085	0.1987	0.21387	0.0092	0.00974	0.01914	0.7259	0.48949	0.04094	0.00001	2.27628	0.04183	0.00001	0.21942	0.01169	0.33283	0.26484	0.63112	0.27338	1.87719	0.10986	0.29967	0.08128	0.18451	0.07149	0.1089	0.08239	0.39654	0.03232	0.4506	0.05488	1.46218	0.04227	0.74121	0.85759	1.23479	1.78488	4.06281	0.35643	0.30913	0.26557	0.18497
187	2	field	3.42993	1.00184	4.55888	0.4056	0.2142	0.53194	1.24174	0.0791	0.04965	10.40841	0.03131	0.1072	0.1654	0.0154	0.01646	0.04231	0.70266	0.00001	0.09016	0.09002	1.37986	0.03332	0.0138	0.27566	0.01916	0.34975	0.20964	0.39012	0.18151	1.30541	0.15994	0.3226	0.09065	0.17182	0.0729	0.11537	0.08238	0.35786	0.05953	0.45581	0.07486	1.85573	0.05393	1.33895	1.59122	3.34281	3.35983	21.16623	1.04743	0.80398	3.6032	0.64313
188	1	field	1.26107	0.32553	1.73534	0.13878	0.08474	0.24397	0.68266	0.03548	0.02997	2.02081	0.00944	0.02957	0.0545	0.00682	0.00001	0.02625	0.23796	0.05879	0.01512	0.00001	0.19289	0.00001	0.00001	0.03969	0.00001	0.08419	0.0351	0.07275	0.02818	0.78317	0.04025	0.13157	0.0182	0.02675	0.01331	0.01992	0.01621	0.0769	0.01192	0.20969	0.02106	0.44422	0.01001	0.193	0.16708	0.21765	0.19685	0.47188	0.03425	0.05314	0.05837	0.03541
189	1	field	2.37921	0.66359	4.24135	0.27241	0.14125	0.43815	0.71493	0.06222	0.03548	8.557	0.03823	0.07725	0.06084	0.00001	0.08326	0.01806	0.54536	0.14897	0.0387	0.00001	0.59626	0.02459	0.00001	0.16854	0.00001	0.22604	0.08477	0.18983	0.06484	0.67365	0.09819	0.24649	0.03376	0.08619	0.0353	0.05541	0.04042	0.18383	0.03737	0.26812	0.03114	1.01578	0.03025	0.86811	0.79085	1.9693	1.36016	7.99793	0.39482	0.45278	0.40246	0.25371
190	1	field	1.42658	0.59388	4.09397	0.16239	0.09075	0.2712	1.13961	0.03213	0.02081	2.75529	0.00872	0.03733	0.04692	0.00001	0.00001	0.00001	0.21109	0.09517	0.01615	0.00001	0.22124	0.01103	0.00001	0.06057	0.00328	0.06968	0.02794	0.06322	0.03399	0.26117	0.03427	0.0624	0.01488	0.02553	0.00838	0.01742	0.01226	0.05478	0.00001	0.10537	0.00702	0.31562	0.00771	0.15635	0.11973	0.21959	0.12671	0.2573	0.03438	0.064	0.06526	0.03233
191	2	field	3.31103	0.86334	20.69164	0.48294	0.2938	0.50347	2.09443	0.14679	0.05739	10.06898	0.04257	0.13992	0.18662	0.01284	0.01351	0.05684	0.62827	0.22528	0.09014	0.05701	1.01909	0.03439	0.01268	0.31671	0.01363	0.33927	0.22356	0.48698	0.21519	1.61133	0.19384	0.49411	0.0916	0.21455	0.07854	0.18125	0.09712	0.46873	0.06236	0.53019	0.06933	2.00993	0.06813	1.28075	1.27077	3.00132	2.15962	15.07087	0.6575	0.57569	1.1467	0.4086
192	2	field	2.22874	0.7043	2.91994	0.08294	0.13046	0.39425	0.91232	0.05948	0.02851	7.50407	0.01369	0.03902	0.05272	0.01233	0.00885	0.01581	0.29818	0.24651	0.03034	0.00001	0.4487	0.03718	0.00001	0.24294	0.00001	0.28212	0.0821	0.18038	0.07887	0.68737	0.12365	0.21795	0.03579	0.07469	0.03508	0.11254	0.03787	0.18331	0.05145	0.27961	0.03369	0.91185	0.02732	0.70527	0.62317	1.86417	1.04064	9.08922	0.51334	0.29842	1.40922	0.28841
193	1	field	3.17164	0.69297	29.54005	0.48959	0.35192	0.46309	18.35894	0.14844	0.09974	9.09268	0.04813	0.37995	0.40862	0.01589	0.01066	0.03081	1.35281	0.5398	0.06424	0.05553	2.73665	0.05492	0.01374	0.32343	0.03157	0.413	0.31886	0.70185	0.32717	2.6678	0.13132	0.62676	0.1259	0.32738	0.11587	0.26251	0.15303	0.66942	0.04557	1.01962	0.0846	26.07122	0.0915	1.27448	1.3537	3.513	2.05204	16.99571	0.62489	0.6209	0.96303	0.47979
194	1	field	3.03445	0.90036	5.11968	0.30956	0.16945	0.56988	1.03488	0.08267	0.05332	8.8244	0.03039	0.1395	0.09366	0.00001	0.00001	0.02094	1.85246	0.26646	0.04045	0.04474	1.01566	0.15533	0.02698	0.51284	0.10447	1.08538	0.26605	0.67589	0.26133	4.9302	0.25596	1.66411	0.1776	0.4314	0.16002	0.30761	0.18036	0.69201	0.04865	3.64203	0.11946	5.74379	0.07507	1.75707	1.01733	1.57858	1.1867	3.07968	0.3318	0.33158	0.14709	0.12143
195	2	field	3.01955	0.97504	7.5827	0.74176	0.17515	0.53427	1.23607	0.08501	0.03917	9.738	0.03245	0.38555	0.1279	0.01079	0.01397	0.03367	0.57622	0.25479	0.05499	0.05405	1.1115	0.03051	0.01184	2.874	0.01711	0.4753	0.26069	0.64574	0.27179	1.64364	0.24552	0.3053	0.12962	0.29591	0.10587	0.31643	0.12123	0.57087	0.10614	0.57483	0.0824	2.30321	0.08137	1.47728	1.44451	2.76023	2.24444	8.10875	0.81208	0.66577	1.07109	0.52215
197	1	field	3.64367	0.99217	6.21695	0.42085	0.23511	0.75666	4.1093	0.08019	0.07037	9.6744	0.04217	0.15142	0.11231	0.01081	0.00071	0.02984	0.73197	0.89163	0.05002	0.05375	4.33652	0.21521	0.01008	1.60227	0.05378	1.61312	0.75364	1.9312	0.85867	8.36709	0.64529	0.92639	0.21903	0.49731	0.18469	0.3226	0.19835	0.7893	0.09758	1.02639	0.06524	3.08949	0.0764	1.45097	1.68143	2.297	1.77269	5.81146	0.65509	0.66509	0.43426	0.50716
198	2	field	1.92546	0.76894	2.49942	0.27643	0.13782	0.45184	1.5665	0.04506	0.03098	6.60566	0.03655	0.09071	0.0777	0.00543	0.00239	0.01531	0.29432	0.23118	0.02178	0.04084	0.93807	0.03936	0.00001	0.22092	0.02523	0.36987	0.18007	0.42618	0.22601	1.37961	0.11659	0.40013	0.06037	0.17201	0.06646	0.18587	0.06767	0.33726	0.04806	0.48352	0.04507	3.01131	0.04609	0.92601	0.83683	2.28986	1.0937	6.18961	0.46661	0.45056	0.21902	0.31377
199	2	field	19.47427	1.61405	1512.68224	57.16992	46.1284	1.13867	506.11066	13.08978	3.31528	22.72906	0.4559	3.10778	3.58401	0.34341	0.3138	0.43999	36.0884	2.64915	1.81249	0.20434	12.66177	0.72908	0.12509	1.62091	0.15541	1.1714	0.97082	1.79005	0.58714	4.98056	0.59681	1.22107	5.61636	0.53174	0.17675	0.46361	0.22029	0.89084	0.07675	0.83461	0.26519	3.18116	0.10698	1.53334	1.44727	3.1391	2.61919	8.65642	0.82415	0.65763	0.5924	0.51837
201	1	field	2.37065	0.61819	3.09636	0.50897	0.43203	0.37074	3.41018	0.14556	0.06895	9.78031	0.03113	0.08909	0.27388	0.01573	0.0131	0.01866	0.88267	0.25954	0.08468	0.02815	1.28593	0.04554	0.00896	0.36393	0.02378	0.34786	0.21194	0.53705	0.25374	1.61388	0.22448	0.30128	0.1156	0.26576	0.11519	0.17866	0.13167	0.78593	0.08374	1.17288	0.12767	3.87187	0.14415	3.81298	2.26944	5.17079	3.34336	11.45934	0.89151	0.94315	0.90277	0.65338
202	2	field	2.04686	0.72649	7.2669	0.21373	0.20361	0.38255	1.18448	0.09099	0.02595	7.35315	0.02278	0.09054	0.09592	0.01439	0.0055	0.0123	0.54883	0.14919	0.02814	0.0494	0.6779	0.02526	0.00789	0.1514	0.0098	0.20234	0.09494	0.19528	0.06114	0.88188	0.09451	0.15064	0.04886	0.10132	0.04504	0.08177	0.05348	0.23895	0.06369	0.33201	0.05334	1.45972	0.03848	1.00988	0.97351	2.51111	1.78358	13.85157	0.89801	0.47825	0.63104	0.4319
203	1	field	2.20264	0.72898	4.71234	0.26503	0.1629	0.45199	1.14939	0.06547	0.04442	5.24741	0.02004	0.06363	0.07765	0.01114	0.00791	0.00882	0.60773	0.15291	0.0328	0.04185	0.59431	0.02244	0.00737	0.21157	0.01502	0.22873	0.11532	0.25484	0.11195	1.29183	0.09187	0.33818	0.06829	0.12909	0.05171	0.07205	0.06838	0.30521	0.02992	0.7793	0.07699	1.77176	0.0509	0.98049	0.93835	1.78063	1.65585	3.75208	0.38464	0.4493	0.47321	0.28613
204	2	field	2.58292	0.89557	4.16984	0.18862	0.24107	0.48417	1.60843	0.08359	0.07214	6.6011	0.01223	0.28545	0.26016	0.0276	0.02394	0.02149	0.80989	0.38691	0.06165	0.0659	2.14192	0.16905	0.01556	0.36367	0.01206	0.49181	0.22408	0.58405	0.26337	1.21861	0.16983	0.2796	0.07985	0.19206	0.0609	0.12067	0.07823	0.36001	0.06886	0.26453	0.03206	0.91795	0.03001	0.64385	0.71926	1.55881	1.24443	4.57521	0.59082	0.45583	0.24469	0.39578
205	1	field	1.7871	0.57141	5.07189	0.7414	0.63822	0.29044	18.82273	0.24581	0.06725	7.65185	0.03749	0.0689	0.00001	0.0107	0.0115	0.01816	0.43613	0.14854	0.06064	0.02906	0.79231	0.02885	0.01269	0.28017	0.01323	0.22973	0.14278	0.29418	0.1158	1.0542	0.16258	0.1987	0.06662	0.13441	0.04714	0.16379	0.06674	0.30968	0.06695	0.43561	0.05982	1.78458	0.04843	1.10012	0.92093	2.82014	1.98879	7.91994	0.76866	0.57388	0.33542	0.47915
206	2	field	3.9499	0.9976	3.97301	0.2832	0.12885	0.74243	1.23043	0.05175	0.02827	10.37058	0.02107	0.05238	0.04727	0.00001	0.00001	0.00001	0.46513	0.2475	0.02982	0.00001	1.04254	0.02954	0.00001	0.46768	0.00001	0.40907	0.20449	0.34686	0.15176	1.12564	0.28583	0.28421	0.07786	0.14615	0.05387	0.16014	0.07434	0.29774	0.09256	0.54771	0.0717	2.17797	0.04853	1.34711	1.41325	3.95345	2.26366	17.86391	1.22926	0.77201	2.2179	0.74234
207	1	field	1.8281	0.75016	3.66297	0.52816	0.41604	0.32392	2.90788	0.12785	0.06943	7.39604	0.05146	0.07102	0.1094	0.01022	0.0128	0.02731	0.54916	0.1575	0.07899	0.02768	0.80855	0.0264	0.01629	0.24294	0.02001	0.19463	0.14237	0.34196	0.086	1.08231	0.12878	0.17327	0.07051	0.15133	0.05082	0.38798	0.07237	0.36285	0.05346	0.52768	0.0576	2.73012	0.07529	1.64253	1.83182	3.83968	2.79089	12.38812	1.09152	0.78881	0.73595	0.55051
208	2	field	2.24246	0.80495	2.23991	0.20079	0.11859	0.44901	0.52149	0.03964	0.02169	7.38908	0.01833	0.03871	0.03846	0.00001	0.00001	0.01243	0.49256	0.15122	0.04498	0.00001	0.68949	0.03115	0.00001	0.29499	0.0092	0.29202	0.13952	0.2617	0.10717	1.05864	0.1558	0.20971	0.06195	0.14724	0.06551	0.20577	0.07694	0.33201	0.06566	0.50171	0.06636	2.39395	0.06347	1.45054	1.3786	2.76022	2.34275	6.4368	0.94257	0.76815	0.55741	0.6853
209	1	field	1.69933	0.52905	2.7668	0.22845	0.17012	0.22904	0.52441	0.09059	0.02855	6.87153	0.04713	0.12793	0.09917	0.00951	0.01038	0.0253	0.58522	0.16006	0.0933	0.02862	0.67623	0.01983	0.0076	0.25075	0.01576	0.20621	0.13476	0.2667	0.08401	1.06554	0.1032	0.15896	0.07248	0.14904	0.05685	0.13924	0.0764	0.32843	0.03814	0.39645	0.05261	1.89402	0.07139	1.23619	1.18062	3.33184	2.78513	12.26476	0.99614	0.81595	0.82993	0.68552
210	1	field	2.57495	0.71599	5.27697	0.34837	0.1629	0.39004	0.71204	0.07988	0.02941	7.63605	0.03684	0.05333	0.06839	0.0073	0.00972	0.01333	0.5303	0.1422	0.0407	0.02659	0.63812	0.01617	0.00865	0.28593	0.01132	0.23798	0.11198	0.23381	0.10581	1.10894	0.2332	0.20862	0.06563	0.13084	0.05679	0.07246	0.06655	0.32384	0.05306	0.471	0.0617	2.1205	0.06327	1.38518	1.44609	2.27001	2.14992	5.65677	0.61227	0.47296	0.36922	0.32558
211	2	field	5.79527	1.13049	23.20527	0.78747	0.5141	1.00381	3.36879	0.20899	0.09809	13.04108	0.0341	0.22716	0.18622	0.02017	0.01626	0.04078	1.23013	0.56264	0.11278	0.08326	2.02843	0.18285	0.02369	0.82045	0.02497	0.8213	0.52162	0.75782	0.34099	2.55881	0.25556	0.44712	0.1385	0.24938	0.10242	0.33095	0.11912	0.47074	0.07971	0.69947	0.09916	2.76741	0.0785	1.94619	1.48841	4.11229	2.57614	10.49757	0.80532	0.68785	0.5879	0.66092
212	1	field	3.14951	1.25591	5.92578	0.64423	0.45466	0.53134	2.83836	0.18485	0.0876	7.06948	0.05349	0.0862	0.06767	0.0124	0.00001	0.0125	0.60526	0.26451	0.04346	0.05987	1.80327	0.03114	0.00528	0.26095	0.00001	0.39661	0.31433	0.99763	0.70007	2.00078	0.13685	0.49843	0.16964	0.39682	0.19405	0.15983	0.13236	0.80653	0.0383	0.91853	0.09794	2.44594	0.0744	1.33934	1.29377	1.94116	1.53238	3.53757	0.38174	0.37489	0.29604	0.22242
213	1	field	1.53662	0.48586	3.09891	0.12536	0.15656	0.22845	0.725	0.10046	0.02385	7.86196	0.0195	0.04209	0.03576	0.00001	0.00865	0.00842	0.64138	0.13504	0.05073	0.01032	0.73811	0.03537	0.00483	0.3633	0.01389	0.2214	0.15642	0.38466	0.11272	1.40735	0.14256	0.23972	0.08735	0.17281	0.07127	0.10084	0.08298	0.40938	0.03294	0.86746	0.0688	3.53697	0.07016	1.54073	1.49965	2.7391	2.71538	11.02972	0.79395	0.8444	0.44056	0.60939
214	1	field	1.90275	0.6566	3.56881	0.24634	0.12458	0.31936	0.73947	0.06545	0.02864	5.08776	0.03182	0.04771	0.03366	0.00001	0.00001	0.01345	0.47262	0.10266	0.0324	0.02141	0.63793	0.01889	0.00001	0.14909	0.01057	0.19287	0.12606	0.27215	0.13236	0.99309	0.09601	0.17419	0.05627	0.13175	0.05278	0.08258	0.05666	0.28763	0.0318	0.42978	0.04553	2.01839	0.04024	1.31432	1.26441	2.59797	1.98432	6.43711	0.45521	0.46036	0.49367	0.29457
215	2	field	3.67362	1.24864	5.32309	0.40284	0.18658	0.69492	1.38251	0.07239	0.03885	10.14881	0.02432	0.06636	0.04901	0.00527	0.00001	0.00001	0.79941	0.2575	0.0457	0.05834	1.03018	0.04351	0.01132	0.5405	0.01229	0.40936	0.20402	0.47547	0.20745	1.37141	0.1892	0.30218	0.13227	0.21668	0.08636	0.17015	0.09818	0.47979	0.07746	0.81027	0.10278	3.60103	0.07386	2.22839	1.93052	3.00742	3.09536	7.5243	0.88677	0.76533	0.67606	0.49247
216	1	field	1.95659	0.69951	4.78763	1.33866	1.20229	0.31653	10.31062	0.4866	0.11144	10.82184	0.05967	0.09471	0.11736	0.01842	0.01972	0.02019	0.82647	0.23253	0.1145	0.03348	1.31543	0.03842	0.01509	0.29283	0.0229	0.32442	0.25463	0.63745	0.22632	2.30134	0.19541	0.40623	0.14239	0.32477	0.12668	0.23164	0.14391	0.72185	0.10969	1.41374	0.13164	5.59709	0.13316	2.54895	2.66524	4.77416	4.94424	12.54326	1.05577	1.24189	1.06982	0.68538
217	1	field	2.86009	0.77659	17.88589	0.62318	0.36186	0.67007	9.82894	0.0999	0.0753	7.50289	0.03111	0.8605	0.80568	0.01472	0.01384	0.02067	1.04883	2.81311	0.073	0.03671	6.31893	0.3961	0.02486	0.61127	0.01572	0.99353	0.8626	2.05202	0.9506	7.31884	0.27941	0.91258	0.25941	0.61199	0.24995	0.25342	0.27759	1.16469	0.07835	1.55713	0.11895	3.03213	0.10828	1.69398	1.63495	2.37158	3.07459	4.53028	0.67245	0.75727	0.82157	0.46779
218	1	field	1.44413	0.47122	3.64621	0.2089	0.19175	0.2029	0.72009	0.11094	0.03804	6.41969	0.08357	0.09499	0.18563	0.01946	0.02259	0.03638	0.53007	0.18129	0.18425	0.01911	0.72071	0.05403	0.02159	0.20654	0.03881	0.19554	0.13919	0.28657	0.08119	0.97633	0.07707	0.16053	0.06408	0.14941	0.0542	0.12371	0.07941	0.33761	0.04862	0.44923	0.04583	2.29875	0.05944	1.30679	1.29976	2.15058	1.79548	4.35698	0.3856	0.76505	0.42567	0.4626
219	1	field	0.78933	0.27894	2.0649	0.09032	0.05932	0.10421	0.36717	0.02375	0.00001	0.62545	0.00001	0.00716	0.00614	0.00001	0.00001	0.00001	0.16204	0.01757	0.00001	0.00001	0.07858	0.00001	0.00001	0.02315	0.00001	0.0297	0.01576	0.05126	0.01748	0.15868	0.00001	0.03539	0.00741	0.01468	0.00588	0.0087	0.00733	0.03853	0.00001	0.06874	0.00759	0.3011	0.00613	0.21201	0.17973	0.47455	0.53088	2.66405	0.17877	0.10198	0.34387	0.13007
220	2	field	2.35737	0.89151	3.29171	0.23486	0.13094	0.40278	0.85345	0.04893	0.02387	5.39746	0.01474	0.03036	0.04715	0.00001	0.00974	0.00448	0.45103	0.08664	0.022	0.00001	0.44843	0.01943	0.00001	0.12532	0.01579	0.1682	0.09247	0.19272	0.0596	0.68478	0.05843	0.12857	0.03663	0.06601	0.01816	0.0646	0.03532	0.1526	0.04181	0.23541	0.02233	1.21386	0.02336	0.65964	0.85889	1.1201	1.35116	2.58044	0.32187	0.33485	0.34879	0.15207
221	2	field	2.88591	0.90091	4.99718	0.29285	0.20555	0.43924	1.71031	0.07562	0.03017	6.2308	0.01867	0.0682	0.0759	0.00001	0.00001	0.01117	0.61683	0.18495	0.05061	0.04103	0.96	0.06027	0.00001	0.24253	0.01303	0.31871	0.29284	0.35248	0.14753	1.19836	0.10823	0.27007	0.07869	0.13937	0.04947	0.09488	0.06182	0.28111	0.03063	0.58369	0.04787	2.22545	0.04848	1.09937	1.10836	1.47124	2.39083	3.87294	0.52808	0.63022	0.21947	0.40846
222	2	field	3.54617	1.09033	6.32602	0.63206	0.3858	0.60926	1.52762	0.12342	0.06102	8.09793	0.04693	0.19702	0.1632	0.02288	0.02112	0.04737	0.63453	0.32569	0.13342	0.06676	1.11009	0.0775	0.01617	0.31385	0.03008	0.2922	1.45933	0.32772	0.1165	1.13037	0.13056	0.21754	0.17447	0.138	0.05449	0.08667	0.05908	0.27487	0.04689	0.37735	0.06678	1.57519	0.03883	1.11903	1.09627	2.82511	2.4288	16.39035	0.9077	0.79106	1.51679	0.68767
223	1	field	1.43558	0.53356	5.62386	0.27817	0.24976	0.17573	0.97262	0.14222	0.03602	5.85789	0.05543	0.08708	0.09683	0.01553	0.0147	0.02756	0.59454	0.13822	0.09474	0.01827	0.69085	0.03376	0.01119	0.14418	0.02133	0.16938	0.48614	0.29757	0.09105	1.14502	0.1226	0.1588	0.09177	0.14928	0.0553	0.12111	0.07808	0.3355	0.0265	0.45671	0.0615	2.27157	0.07016	1.25576	1.41782	1.98415	3.47293	3.0527	0.48951	0.87282	0.43262	0.43179
224	1	field	2.56596	0.72032	3.7554	0.57058	0.3513	0.49226	4.70509	0.09688	0.10768	7.16873	0.04465	0.16003	0.13661	0.01648	0.01295	0.01746	1.14831	0.28296	0.06056	0.04718	0.86131	0.0285	0.01258	0.31601	0.01299	0.23715	0.13124	0.31038	0.1201	1.12402	0.22074	0.17409	0.056	0.11983	0.04672	0.06987	0.04861	0.2377	0.07308	0.35262	0.04609	1.56157	0.02987	0.92865	0.87955	1.31428	1.62252	3.88502	0.50795	0.39684	0.40585	0.30892
225	2	field	2.80964	0.87125	4.99865	0.33576	0.20522	0.42347	1.0414	0.08602	0.03247	7.44183	0.03359	0.0784	0.07893	0.01551	0.01038	0.02821	0.71618	0.25076	0.0909	0.03437	0.77351	0.0418	0.01592	0.67506	0.02105	0.32366	0.19463	0.27581	0.13272	0.97162	0.10037	0.24298	0.43223	0.12684	0.04779	0.07462	0.0581	0.26555	0.04843	0.39039	0.04109	2.7695	0.05041	1.14308	1.1832	2.90496	2.44377	19.80107	1.18439	0.87146	1.43403	0.79136
227	2	field	1.11253	0.39488	1.49816	0.05406	0.07124	0.19547	0.41274	0.03007	0.00985	4.65413	0.01001	0.02745	0.04006	0.00724	0.00471	0.00864	0.34139	0.10479	0.02899	0.0241	0.52017	0.01973	0.00727	0.24965	0.01303	0.22099	0.12112	0.28392	0.09994	0.97267	0.22313	0.19421	0.0588	0.1369	0.04426	0.08959	0.05855	0.29267	0.05121	0.38779	0.04091	1.61991	0.0436	0.93896	0.95318	1.09889	1.85275	2.17598	0.33848	0.39568	0.52442	0.25085
228	2	field	1.52172	0.66359	4.15097	0.10573	0.13992	0.24253	0.98386	0.06471	0.02832	5.47912	0.02569	0.08079	0.08828	0.01123	0.00682	0.0138	0.47693	0.19304	0.04482	0.0355	0.70431	0.03891	0.01413	0.47443	0.04011	0.41584	0.1529	0.45233	0.18983	1.37692	0.35783	0.5258	0.09318	0.27011	0.08734	0.16921	0.13002	0.64076	0.08565	1.43624	0.08956	2.30062	0.05987	1.22518	1.01599	1.77417	1.66562	3.16816	0.39586	0.44091	0.26094	0.26238
241	2	field	5.09931	1.37784	6.6667	0.56969	0.22535	0.90377	2.03289	0.09272	0.0661	12.7868	0.04707	0.18734	0.19002	0.01589	0.01264	0.04559	0.79875	0.60706	0.05305	0.05955	2.74592	0.21805	0.01067	0.38253	0.01955	0.55368	0.37987	0.92385	0.45435	1.76758	0.16427	0.48299	0.12741	0.29336	0.11648	0.14521	0.11543	0.53777	0.05426	0.49762	0.07268	1.8057	0.06416	1.01381	1.18523	1.84959	2.69448	7.39584	0.89081	0.89202	0.71408	0.57705
242	1	field	0.95086	0.30509	3.9235	0.11672	0.08868	0.15847	0.48194	0.04603	0.01647	1.03353	0.00001	0.01397	0.01694	0.00001	0.00001	0.0139	0.13422	0.0253	0.00953	0.00001	0.07261	0.00001	0.00001	0.0591	0.00001	0.04591	0.01489	0.03481	0.00961	0.12457	0.03024	0.03026	0.00517	0.00928	0.00464	0.00863	0.0058	0.03334	0.00001	0.04913	0.0061	0.23558	0.00459	0.11815	0.12482	0.22945	0.21685	0.87862	0.07248	0.07847	0.03937	0.05227
243	2	field	4.4923	1.20535	6.79361	1.54546	0.25081	0.56284	1.77248	0.10279	0.03543	7.86713	0.06603	0.07587	0.09314	0.00872	0.00847	0.02287	0.70833	0.00001	0.0456	0.00001	0.95148	0.20191	0.0116	1.18247	0.04963	0.88439	0.17028	0.34131	0.18622	1.08462	0.54599	0.67351	0.07865	0.15981	0.06857	0.10682	0.07456	0.33973	0.09182	0.61526	0.05231	1.77468	0.05494	1.59356	1.15333	2.89166	9.14359	16.53614	0.95054	0.85075	2.94738	0.72486
244	1	field	0.95159	0.19118	1.524	0.20598	0.19645	0.17215	1.1194	0.0539	0.05388	1.2705	0.00001	0.08015	0.08845	0.00446	0.00695	0.00987	0.1833	0.13424	0.01207	0.01296	0.47903	0.04766	0.00001	0.07517	0.00001	0.11402	0.05872	0.10077	0.03389	0.18283	0.02975	0.06421	0.00915	0.01901	0.00934	0.01118	0.00937	0.04841	0.00001	0.1022	0.00585	0.16769	0.00364	0.099	0.08114	0.21609	0.15958	0.35976	0.03826	0.04213	0.02654	0.03841
245	1	field	1.70361	0.91804	2.91328	0.23482	0.13299	0.30017	1.00106	0.06442	0.0352	5.0701	0.01517	0.04627	0.0986	0.00922	0.00875	0.02924	0.47848	0.10628	0.04368	0.00001	0.58641	0.01422	0.00001	0.24543	0.00001	0.20055	0.14214	0.35566	0.16824	1.06523	0.07523	0.4432	0.06502	0.15997	0.07033	0.08406	0.07081	0.34657	0.02754	0.34138	0.03485	1.46949	0.05016	1.01953	1.01003	1.6101	1.4599	2.11122	0.28011	0.43252	0.14576	0.16851
246	2	field	3.06026	0.88553	10.28112	0.40085	0.20047	0.52093	1.39046	0.10161	0.03707	7.54169	0.04756	0.10595	0.12009	0.01803	0.00458	0.04832	0.55812	0.30423	0.05329	0.00001	1.03414	0.049	0.00602	1.34466	0.02283	0.81978	0.12518	0.34012	0.10048	0.87764	0.40156	0.64505	1.11714	0.18857	0.06639	0.13	0.0734	0.34288	0.06224	0.57993	0.07478	1.92021	0.05467	1.62276	1.09762	3.50107	2.43313	8.81026	0.74962	0.63911	0.46379	0.36932
247	2	field	2.20662	0.87577	10.47692	0.40685	0.23788	0.34356	1.41633	0.08015	0.05049	4.78055	0.02968	0.09193	0.16415	0.01699	0.01928	0.10542	0.5365	0.28689	0.10923	0.00001	2.61222	0.04244	0.00732	0.55348	0.04049	0.43989	0.55895	1.12904	0.50842	2.27537	0.1523	0.27538	0.14549	0.34238	0.11839	0.18967	0.19893	0.66331	0.0606	0.49517	0.04605	5.10665	0.07124	0.93458	1.19476	2.13603	2.94718	10.27303	0.79972	0.65756	1.74178	0.53647
248	1	field	0.70289	0.1991	0.98144	0.07057	0.046	0.1228	0.21044	0.0147	0.01438	0.44176	0.00001	0.00435	0.00675	0.00001	0.00001	0.00772	0.07235	0.01071	0.00001	0.00001	0.03942	0.00001	0.00001	0.01985	0.00001	0.01711	0.00629	0.02022	0.00797	0.14951	0.00001	0.01818	0.00287	0.00833	0.00204	0.00512	0.00417	0.02109	0.00001	0.02489	0.00357	0.13025	0.00329	0.11821	0.10474	0.14736	0.18812	0.42696	0.05197	0.05584	0.03078	0.03451
249	2	field	5.38297	0.99281	14.15825	0.58652	0.44238	0.65821	2.66083	0.18038	0.08351	8.36414	0.10119	0.26119	0.23309	0.02657	0.02653	0.03876	1.15481	0.42219	0.08127	0.00001	1.94731	0.26625	0.01485	0.80845	0.00001	0.73262	0.29411	0.70777	0.36077	1.41279	0.29673	0.48911	0.10317	0.22368	0.09363	0.09642	0.08746	0.49947	0.10266	0.78902	0.06781	2.47314	0.06313	1.42637	1.14138	1.9888	2.21357	5.51851	0.76903	1.06722	0.14471	1.22606
250	1	field	0.78432	0.24864	2.59633	0.17589	0.12038	0.07822	0.80661	0.04617	0.0226	1.65813	0.01197	0.01569	0.02404	0.00001	0.00001	0.00711	0.077	0.03657	0.00001	0.00001	0.14593	0.00001	0.00001	0.02032	0.00001	0.02092	0.01553	0.05119	0.0219	0.14043	0.00001	0.04163	0.05467	0.02258	0.00488	0.00845	0.00632	0.04529	0.00001	0.04083	0.00001	0.16318	0.00649	0.09747	0.08985	0.20476	0.12768	0.47918	0.03736	0.05261	0.04754	0.04284
251	2	field	4.40321	1.08334	10.22745	0.36318	0.18896	0.52579	1.09429	0.09127	0.05773	7.74619	0.04944	0.11914	0.21521	0.01523	0.01631	0.04868	0.58113	0.27077	0.07958	0.08405	1.9257	0.06768	0.01152	0.42446	0.04811	0.47994	0.43113	1.06375	0.58586	1.75335	0.18546	0.33572	0.17042	0.42757	0.13587	0.19619	0.15604	0.8364	0.06227	0.50347	0.06267	2.12446	0.0792	1.40149	1.26915	2.07765	3.12114	10.66152	0.92912	0.86541	1.19438	0.65499
252	2	field	2.87912	0.99696	6.69753	0.45439	0.22691	0.52351	1.19405	0.09871	0.03216	5.47549	0.03746	0.0648	0.05682	0.00942	0.01061	0.0115	0.48188	0.15164	0.03109	0.03941	0.79136	0.0368	0.01632	0.21355	0.01108	0.23928	0.12255	0.27069	0.12432	0.81862	0.17975	0.24209	0.05286	0.10585	0.04313	0.06389	0.04756	0.22772	0.05179	0.32767	0.03869	1.38819	0.02865	0.95047	1.03919	2.00527	6.56611	7.35502	1.05373	0.87963	1.03675	0.98854
253	1	field	2.42287	0.70393	3.99502	0.29638	0.1672	0.43825	0.8505	0.0798	0.06182	4.81674	0.03493	0.08219	0.11996	0.01955	0.01333	0.08235	0.52077	0.17302	0.07921	0.04891	0.82768	0.02962	0.00761	0.25504	0.00914	0.67349	0.13791	0.35193	0.14165	0.94265	0.09092	0.18417	0.06112	0.13981	0.06341	0.08987	0.06548	0.30795	0.04122	0.36963	0.04418	1.82188	0.05288	1.1533	1.36093	1.72541	2.63238	4.9729	0.62929	0.63672	0.29491	0.41241
254	2	field	2.23568	0.94622	4.68131	0.40114	0.15367	0.35919	0.68433	0.07387	0.02352	5.89615	0.02706	0.10123	0.08579	0.00463	0.00346	0.01979	0.37498	0.2918	0.02842	0.00001	1.7302	0.0215	0.00001	0.68497	0.00001	0.79057	0.49524	2.07553	1.53072	1.66287	0.08042	0.38463	0.22463	0.59538	0.36714	0.1068	0.1511	1.89769	0.04702	1.45514	0.12693	2.33416	0.11422	1.1406	1.19249	2.3234	2.53133	9.0348	0.64569	0.94028	0.33299	0.54421
255	1	field	2.84283	0.6088	32.63186	1.58609	1.20998	0.4251	12.79958	0.3114	0.13896	6.96945	0.06566	0.39653	0.43948	0.03859	0.04862	0.0622	1.81587	0.30981	0.08618	0.00001	1.48327	0.03621	0.00001	0.27298	0.00001	0.1911	0.15829	0.36277	0.14882	1.08969	0.0915	0.16814	0.05754	0.13268	0.04399	0.08181	0.06357	0.28466	0.04236	0.34978	0.03366	1.49914	0.04176	1.04942	1.03991	3.01414	2.15178	14.12369	0.60704	0.53545	1.36592	0.42247
256	2	field	4.2408	0.7718	7.70347	0.56243	0.34951	0.38865	1.51773	0.13751	0.06997	5.83445	0.03701	0.16794	0.15697	0.02476	0.02544	0.03535	0.60635	0.30188	0.08549	0.10535	2.41135	0.10004	0.01305	0.1743	0.00001	0.49367	0.44598	0.93193	0.47038	1.54335	0.10566	0.25326	0.10102	0.22057	0.09105	0.09667	0.09759	0.4242	0.03349	0.3544	0.03722	1.60797	0.03653	1.04281	0.99573	2.66423	2.36815	9.09196	0.82604	0.8377	1.81103	0.78973
257	1	field	1.92694	0.83718	1.86206	0.26252	0.11171	0.34014	0.69219	0.05289	0.02769	5.96062	0.00001	0.0541	0.04661	0.00001	0.00001	0.01947	0.40537	0.18757	0.02725	0.00001	0.51527	0.02128	0.00001	0.16938	0.04366	0.20634	0.11616	0.281	0.10722	0.93736	0.14011	0.19399	0.05256	0.14046	0.05116	0.0835	0.05807	0.30936	0.04246	0.35916	0.04045	1.7809	0.05189	1.12737	1.27456	2.45341	3.10492	9.33322	0.82291	0.82802	1.17533	0.56683
258	1	field	1.28541	0.49526	1.81658	0.17078	0.09052	0.19125	0.34712	0.02589	0.02384	5.24279	0.0203	0.06799	0.09282	0.00936	0.0074	0.02966	0.37917	0.12335	0.04734	0.01536	0.74865	0.02622	0.00001	0.13849	0.0151	0.1909	0.12307	0.3449	0.10854	0.88506	0.07774	0.16526	0.05406	0.12894	0.04131	0.08633	0.07008	0.32547	0.02203	0.33519	0.02988	2.28223	0.0449	1.08362	1.14014	1.67473	2.32788	3.67082	0.57108	0.66315	0.22024	0.28937
259	2	field	4.02484	0.94373	5.68341	0.86043	0.52589	0.76207	3.84087	0.16856	0.08577	6.30097	0.04014	0.13588	0.11612	0.02169	0.01676	0.0263	0.88804	0.28994	0.08196	0.05313	1.22046	0.05806	0.0273	0.25856	0.0146	0.33717	0.20706	0.54355	0.23921	1.60855	0.19243	0.32892	0.08955	0.20454	0.08537	0.10735	0.09351	0.48834	0.07666	0.91486	0.07111	2.93867	0.0561	1.56095	1.22548	1.8372	2.1325	3.83501	0.53248	0.39288	0.23087	0.26579
260	1	field	1.77161	0.63606	5.69595	0.5035	0.26462	0.37843	2.96285	0.11527	0.06906	8.75698	0.05446	0.40531	0.36477	0.02004	0.02244	0.05609	0.77175	0.40222	0.07362	0.02854	1.70357	0.06155	0.01224	0.32376	0.04368	0.50259	0.29421	0.73808	0.30214	2.9696	0.16077	0.77001	0.49708	0.29601	0.09896	0.16908	0.15036	0.70153	0.05832	1.47851	0.13418	3.25442	0.08176	1.54471	1.38513	2.79054	2.66147	6.51008	0.63225	0.6692	0.27615	0.39838
261	2	field	3.22341	2.0209	17.93252	3.99024	0.21617	0.44078	1.53949	0.1346	0.00001	6.10128	0.12126	0.04104	0.05345	0.00001	0.00001	0.00001	0.48801	0.11991	0.01441	0.00001	0.43587	0.02029	0.00001	0.22551	0.01174	0.24491	0.08374	0.21187	0.07266	0.8592	0.14189	0.14942	0.03789	0.08101	0.02946	0.07417	0.03623	0.17265	0.0366	0.24845	0.02581	1.12248	0.02784	0.78154	0.81047	1.99239	1.30847	4.87743	0.37633	0.42473	0.22759	0.38014
262	1	field	2.08994	0.46883	7.23754	0.4554	0.30602	0.29486	2.13506	0.14496	0.05831	5.58687	0.05072	0.15055	0.15819	0.02019	0.02173	0.03026	0.60905	0.27791	0.05721	0.06479	1.85435	0.06111	0.00948	0.2571	0.00001	0.53776	0.42494	1.45635	1.00328	2.79143	0.1437	0.7469	0.22329	0.58325	0.30458	0.13896	0.15286	1.12622	0.04267	1.84881	0.09764	2.74273	0.09244	2.57828	1.50647	3.14718	2.34374	7.45513	0.58134	0.75361	0.38508	0.42171
263	1	field	2.58395	0.60889	4.79178	0.30072	0.1885	0.32705	1.12574	0.10145	0.04739	6.36817	0.06472	0.12402	0.14835	0.0132	0.01638	0.03622	0.47133	0.12842	0.06315	0.04163	0.86347	0.03117	0.01277	0.11046	0.02968	0.17973	0.14583	0.41371	0.12464	0.98886	0.0693	0.15896	0.06139	0.13784	0.0434	0.09116	0.05825	0.28609	0.00001	0.32397	0.04579	1.51961	0.04407	1.34563	1.17497	2.64044	2.74477	4.19097	0.42013	0.68986	0.48949	0.15876
264	2	field	3.45736	0.77714	6.65205	0.35936	0.21617	0.5362	1.2749	0.11218	0.03662	8.02481	0.0489	0.11339	0.167	0.00664	0.01308	0.03084	0.55034	0.15837	0.05693	0.00001	0.63222	0.02591	0.00001	0.21564	0.00001	0.34311	0.11131	0.23109	0.08574	1.20282	0.07474	0.1736	0.0414	0.09759	0.04068	0.08066	0.05545	0.24798	0.02927	0.28288	0.02962	1.34299	0.03677	0.89835	0.95216	1.83922	2.00906	6.23309	0.62546	0.4782	0.47349	0.40293
289	2	field	2.65785	0.38484	14.0891	0.94491	0.67044	0.35333	2.08106	0.2751	0.07444	7.08614	0.32472	0.11365	0.24761	0.07884	0.09405	0.32147	0.67435	0.31585	1.31575	0.00001	1.41015	0.0589	0.06942	2.65872	0.26085	0.63076	0.29172	0.48096	0.21384	4.62532	0.31037	0.60533	2.41029	0.33105	0.28849	0.19413	0.15708	0.69031	0.00001	0.00001	0.54128	22.44393	0.20734	2.6912	3.02439	4.59343	3.70407	10.88203	1.19095	1.11994	0.99831	0.65756
290	2	field	1.53028	0.37342	4.28805	0.16985	0.12417	0.2839	0.84477	0.06007	0.02774	7.56817	0.04898	0.07655	0.09628	0.01244	0.00832	0.03415	0.5455	0.29685	0.0736	0.0318	0.8226	0.03154	0.01115	2.63895	0.01076	0.48757	0.18726	0.46608	0.24901	1.44383	0.17938	0.41471	0.16588	0.28226	0.13547	0.16154	0.0955	0.62179	0.06094	1.05277	0.1145	2.68199	0.09271	1.39234	1.04865	1.84612	1.5869	4.22449	0.45713	0.6152	0.92027	0.3966
291	2	field	1.19543	0.28852	5.16982	0.15095	0.12798	0.18128	0.82776	0.07511	0.03593	7.64732	0.03427	0.0686	0.07254	0.01174	0.00895	0.01804	0.56785	0.21385	0.05907	0.04916	0.96782	0.03337	0.01921	0.24411	0.01819	0.43478	0.18644	0.41147	0.17354	1.56726	0.16826	0.47682	0.08893	0.22473	0.07888	0.26189	0.11903	0.49374	0.0937	0.82701	0.06846	3.75384	0.10725	2.45024	2.21645	4.2525	2.56274	9.34949	0.77475	0.96878	1.19814	0.47739
292	2	field	2.59118	0.53274	12.32094	0.28916	0.20407	0.36995	1.24738	0.10987	0.03943	6.66904	0.01953	0.09846	0.10515	0.00001	0.00001	0.0135	0.51098	0.14488	0.0346	0.00001	0.41619	0.02098	0.00001	0.30497	0.00001	0.21719	0.06306	0.1503	0.0543	0.56792	0.07084	0.14177	0.02964	0.06754	0.02386	0.05161	0.03486	0.16274	0.03272	0.24085	0.02235	1.61113	0.0218	0.74416	0.69115	1.76461	1.08686	6.57651	0.40633	0.36995	0.32024	0.26334
293	2	field	3.64367	1.72685	21.855	5.19498	2.56866	0.78047	27.07604	0.39351	0.50792	10.48127	0.04935	3.30009	2.66336	0.28288	0.19884	0.14442	1.67927	2.38987	0.26913	0.28794	23.40984	0.80859	0.06258	0.24921	0.05546	0.89222	0.88484	2.16967	0.76535	2.71279	0.11582	0.37388	0.11284	0.32674	0.10352	0.20472	0.14118	0.4952	0.03728	0.33098	0.03778	1.27061	0.03489	0.81474	0.78599	2.06393	1.59406	7.91492	0.40614	0.44056	0.49667	0.31677
294	1	field	1.79078	0.55346	3.76634	1.79929	1.60481	0.20638	13.942	0.54733	0.08544	12.50954	0.07507	0.0847	0.11031	0.01152	0.01208	0.01578	0.67563	0.17197	0.06484	0.02657	0.94588	0.03597	0.01308	0.29485	0.02243	0.31687	0.1634	0.46416	0.16144	1.43729	0.27656	0.307	0.08724	0.23126	0.08064	0.21159	0.10846	0.52535	0.10944	0.71215	0.07699	3.22404	0.1045	2.39764	2.50211	7.02585	4.97479	33.4075	1.62271	1.99389	2.35942	1.20559
295	2	field	1.74078	0.53697	3.35894	0.27558	0.14741	0.43998	0.95001	0.06473	0.05715	8.03136	0.02729	0.51261	0.34463	0.0184	0.01259	0.01608	1.06515	0.58703	0.04348	0.16374	2.31161	0.51659	0.03193	0.77437	0.02237	0.84776	0.56685	1.82809	0.74544	2.62338	0.18616	0.50816	0.12916	0.47157	0.15306	0.23282	0.17768	0.80128	0.0432	0.4869	0.0525	1.37528	0.05125	0.72947	0.61547	1.71877	1.02477	9.12313	0.45614	0.39009	0.57872	0.29217
296	1	field	2.06796	0.59425	7.58603	0.86148	0.66379	0.31321	5.86227	0.21064	0.09445	9.92632	0.05172	0.23419	0.23109	0.02613	0.01888	0.02914	1.11664	0.35589	0.10778	0.04965	1.9994	0.07592	0.02602	0.23527	0.02673	0.47954	0.2994	0.65512	0.22783	4.07189	0.22028	0.94881	0.19434	0.35916	0.12288	0.23315	0.19994	0.85006	0.10744	1.77192	0.16728	3.72753	0.11636	1.57849	1.66189	3.03149	2.18963	9.61097	0.61108	0.74656	0.81637	0.51628
297	2	field	2.33481	2.17284	6.48126	1.41779	0.84669	0.44479	7.35993	0.15839	0.33697	7.39488	0.03795	2.21488	1.47778	0.16238	0.12585	0.11228	1.42655	1.38723	0.21564	0.23925	12.43965	0.58063	0.04323	1.54302	0.0369	0.88687	0.77322	2.10732	0.88791	2.69329	0.16602	0.41082	0.14557	0.43503	0.14893	0.23273	0.16923	0.77804	0.05336	0.53076	0.05413	3.36877	0.05489	1.11042	0.9448	1.57383	1.21146	2.88813	0.30086	0.43174	0.46866	0.2881
298	1	field	2.67467	0.48402	10.84262	0.7519	0.56391	0.22879	4.60736	0.25874	0.12339	12.61858	0.16291	0.17045	0.37404	0.06055	0.06263	0.2886	0.8413	0.41532	0.30474	0.10804	2.04006	0.0526	0.02257	1.09714	0.02648	0.56075	0.29587	0.65493	0.24494	2.46324	0.25298	0.64828	0.47664	0.38828	0.13426	0.32358	0.18348	0.89934	0.10657	1.57171	0.13693	4.48351	0.1498	2.24666	2.68938	5.37412	4.93075	14.87697	1.17704	1.08569	0.7736	0.70295
299	1	field	3.53835	0.16548	20.73687	0.6538	0.46956	0.4506	2.65174	0.24402	0.0885	7.89389	0.10244	0.15183	0.24244	0.01968	0.01481	0.058	0.81974	0.2574	0.11614	0.09911	1.76463	0.04052	0.01146	0.75955	0.01856	0.44555	0.20006	0.36279	0.17046	1.22413	0.11723	0.21767	0.11538	0.176	0.06512	0.09328	0.07282	0.38713	0.03047	0.42311	0.05094	1.91164	0.0546	1.20541	1.18971	2.07155	1.8513	5.12485	0.42184	0.48488	0.40529	0.31394
300	2	field	2.3739	0.32775	12.81259	0.28709	0.2277	0.17701	1.22131	0.12011	0.03468	7.59658	0.03829	0.07197	0.06141	0.00587	0.00722	0.01601	0.56962	0.24794	0.04629	0.06469	0.82042	0.02551	0.01014	0.60195	0.01308	0.6098	0.16354	0.44635	0.21266	1.37326	0.51578	1.00951	0.11386	0.26095	0.11439	0.23298	0.10054	0.59787	0.10503	0.83727	0.07099	2.89088	0.09778	1.71339	1.55311	5.3196	2.56973	40.02506	1.5616	1.44831	3.93158	2.04101
301	1	field	2.18464	0.61819	10.02845	1.19193	1.04235	0.26669	8.29267	0.36565	0.08248	14.17162	0.0729	0.10538	0.16549	0.0154	0.01272	0.04474	0.71908	0.24913	0.07617	0.02309	1.32749	0.0348	0.01277	0.24488	0.02398	0.3689	0.24668	0.56973	0.22508	3.19218	0.25166	0.4431	0.14724	0.35926	0.13424	0.26809	0.16006	0.78371	0.12364	1.32244	0.14334	4.37117	0.1466	2.08763	2.1983	3.89708	4.08543	15.18458	1.71954	1.26376	1.24079	0.86538
302	2	field	3.02117	1.81029	7.811	1.65784	0.90072	0.63034	2.88723	0.15394	0.14066	6.38631	0.03575	0.93981	0.92021	0.09965	0.08003	0.08964	0.69732	0.84741	0.15033	0.10992	7.61465	0.27896	0.01665	0.3144	0.03512	0.47241	0.35291	0.85564	0.31229	2.06139	0.14649	0.32591	0.07483	0.20668	0.07187	0.13216	0.08471	0.33631	0.03488	0.49566	0.05292	1.67964	0.04107	0.81915	0.87165	1.57758	1.47676	4.06221	0.37902	0.38973	0.20158	0.19485
303	1	field	1.87192	0.40169	7.51131	0.33199	0.25646	0.27661	1.36937	0.12853	0.05698	8.73652	0.08456	0.12277	0.13907	0.02515	0.01837	0.036	0.79482	0.23508	0.08541	0.06296	1.3199	0.06261	0.01929	0.2509	0.03045	0.47607	0.23236	0.55587	0.16758	2.58539	0.19019	1.05514	0.19766	0.38319	0.15905	0.25306	0.20921	0.96764	0.06439	2.06275	0.17357	4.47114	0.14622	1.81682	1.70771	3.35764	2.61119	17.16917	0.68108	0.84871	0.99582	0.49154
304	1	field	1.71511	0.69334	10.97298	3.28031	3.07402	0.27631	37.24862	1.06725	0.14859	5.97734	0.09899	0.11502	0.20177	0.01222	0.01369	0.01937	0.8683	0.43312	0.07499	0.06019	2.31258	0.05087	0.02044	0.47872	0.03789	0.87023	0.3818	1.02328	0.4698	4.31054	0.59193	1.29145	0.30311	0.72933	0.27331	1.33689	0.33554	1.85097	0.21016	5.18897	0.39791	23.04652	0.51105	12.82412	12.5686	19.15806	16.48831	37.28219	3.30011	4.14361	5.69965	2.48598
331	1	field	1.9408	0.56745	13.71132	1.118	0.94876	0.23018	7.13875	0.34909	0.06715	8.23722	0.14475	0.08111	0.11978	0.01854	0.02091	0.05206	0.65424	0.15879	0.09847	0.05587	1.22414	0.035	0.01875	0.16861	0.02226	0.31809	0.20829	0.42988	0.1871	1.74525	0.18282	0.3964	0.11404	0.29982	0.11488	0.38582	0.14935	0.7213	0.08045	1.31297	0.16335	5.95317	0.17064	2.9823	3.41257	7.03786	5.43209	46.41314	2.87803	1.80405	4.16265	1.39228
332	1	field	2.01382	0.48015	9.29892	1.51046	1.20748	0.23787	8.41603	0.54492	0.16135	7.64571	0.23231	0.24266	0.00001	0.07321	0.08662	0.27803	0.75438	0.35028	0.41252	0.11362	2.47396	0.09589	0.02883	0.68075	0.03992	0.53525	0.42487	0.74831	0.38811	2.82719	0.3652	0.427	0.17907	0.38682	0.17451	0.43107	0.20039	0.95108	0.1075	1.0546	0.12878	4.63528	0.18142	2.81179	2.89376	5.904	4.57086	20.55624	1.57504	1.12198	1.26691	0.73503
333	1	field	1.40652	0.5599	2.81337	0.60554	0.48649	0.25726	4.31208	0.16819	0.06319	13.48719	0.0343	0.05177	0.08514	0.00931	0.01351	0.01293	0.61376	0.15682	0.05566	0.02313	0.9934	0.03124	0.01871	0.28032	0.01944	0.30569	0.19678	0.49684	0.2116	1.93062	0.26848	0.37224	0.17104	0.30035	0.11359	0.3371	0.1399	0.72083	0.10106	1.25796	0.13005	4.97598	0.13025	2.31519	2.70375	4.44494	3.08728	13.2504	0.97925	1.34026	1.52112	0.9222
