N,Well,Stage,1-Pentene,2-Methyl-1-butene,Pentane,"Pentane, 2-methyl-","Pentane, 3-methyl-",1-Hexene,n-Hexane,"Cyclopentane, methyl-","Pentane, 2,4-dimethyl-",Benzene,Cyclohexane,"Hexane, 2-methyl-","Hexane, 3-methyl-","Cyclopentane, 1,3-dimethyl-, cis-","Cyclopentane, 1,3-dimethyl-, trans-","Cyclopentane, 1,2-dimethyl-, trans-",1-Heptene,Heptane,"Cyclohexane, methyl-","Hexane, 2,5-dimethyl-",Toluene,"Heptane, 3-methyl-","Cyclohexane, 1,4-dimethyl-, trans-",1-Octene,"Cyclohexane, 1,2-dimethyl-, trans-",Octane,Ethylbenzene,"Benzene, 1,3-dimethyl-",p-Xylene,o-Xylene,1-Nonene,Nonane,"Benzene, propyl-","Benzene, 1-ethyl-3-methyl-","Benzene, 1-ethyl-4-methyl-",Mesitylene,"Benzene, 1-ethyl-2-methyl-","Benzene, 1,2,4-trimethyl-",1-Decene,Decane,"Benzene, n-butyl-",Undecane,"Benzene, 1,2,4,5-tetramethyl-",Dodecane,Tridecane,Tetradecane,Pentadecane,Hexadecane,Heptadecane,"Pentadecane, 2,6,10,14-tetramethyl-",Octadecane,"Hexadecane, 2,6,10,14-tetramethyl-"
309,field,1.0,2.9164215242344733,1.7887838852662283,4.160274706104931,1.0443803959867903,0.7146242201582653,0.7245017282403827,3.9245458130776614,-0.07720248853504445,-1.0900246269880425,4.517090177128687,-0.38398806850984435,-0.39547174529853873,-0.8040633214841355,-9.16061816693756,-2.7504432849713933,-2.0337273580387523,1.1777638377307353,0.5249621010796043,-1.380733051867038,-1.5355110186986605,2.401068890365358,-1.5114018471169273,-9.16061816693756,0.16794958640327226,-9.16061816693756,0.7240432813485186,0.13928864839766547,1.110805681814318,0.01502723524173557,2.551952922834818,-0.5174974189235324,1.2608890699447988,-0.5881795012953445,0.11429197568792247,-0.8970277343202412,-0.42028142420711323,-0.5662787663446691,0.8980766499009504,-1.4061366194671774,1.9735912232170554,-0.6722360573754426,2.6952655974548168,-1.2685397456894414,1.3761338565571357,1.1524261116099856,1.3906007026280305,1.3506765189914975,2.599846832581258,0.7300374067831894,0.5088544543957227,0.6988129994016479,0.4276105453765522
327,,,1.7007651868495344,0.8068506210078519,3.0765421063942595,-0.061056171890407594,-0.5255533717293999,-0.001939696719719599,1.360732763489159,-0.9136878003137708,-2.0128556754176397,3.7616295932509534,-1.5274248113231428,-1.7532396885863193,-1.4282603446772293,-10.018889854166648,-3.4014868761921715,-2.175041216014177,0.7269835143956622,-0.4883518180620054,-1.77797731247775,-2.6741708000169764,1.2197698031055648,-1.9181216110949177,-2.831232690051693,-0.07647009162873336,-2.736128674561056,0.1833680678066805,-0.4823440550679338,0.4703823606009251,-0.5288743801406016,1.9295577788793112,0.07934177516199097,1.590853743983593,2.1036272542563683,0.04900983461986581,-0.8459398714090254,0.6314988932607906,-0.6941499418819701,0.9248744100246253,-1.1293058623716765,1.6192575755569611,-1.0219902580432907,3.121560954936322,-0.8213308165551992,1.940713037245747,1.94004747555753,2.561167552244509,2.1125077353712296,3.8149074768847657,0.7474665562475595,1.3488132876465109,1.4693739977327178,0.5542203338824673
329,,,1.422308323621532,0.16277819609378064,2.570805984225683,-0.5474772417825554,-0.969207884826951,-0.5785930489719112,0.9416779542879885,-1.439942332077116,-2.605585044492976,3.3559603060979284,-1.3692088161123805,-1.4665500426035871,-1.429297349765698,-3.4177135832014134,-2.9967811827999413,-2.071323622132848,0.41225630174157507,-0.7800060850622004,-1.536273441015548,-1.9299556782537404,1.3308170050652324,-2.337555909942589,-3.142701363490684,0.7093772873206992,-3.1071390786634088,-0.20518881894211283,-0.46465040769461524,0.4950465605454554,-0.5426461916786948,1.6016247366558822,-0.7462975152789837,1.0113030351377523,2.969600142677198,-0.013015143158130188,-0.7855530549093466,0.004426040408581558,-0.9392726352106042,0.8759436566526266,-1.4194957520599365,1.4076100767610142,-0.8359582603479748,2.785538916866048,-0.5837599292388254,1.9983148739689818,1.9025201294597915,2.541909432320477,2.106122210251801,3.785922084400393,1.292229715741484,1.2223271093343613,0.5337203497175609,0.8210089843609466
267,field,2.0,1.407655583806805,-0.17358754073628535,3.176566327980857,-0.215663938770616,-0.6012813994121199,-0.888452746622973,2.8848523844256952,-1.0796339604429073,-2.539130258420166,3.0042353163576614,-1.3565689572453041,-0.91844884129723,-1.1006388710621904,-3.1524138166924067,-3.516087182645567,-2.7018252632003605,0.42220437124937776,0.26802213966360805,-1.6955926061808388,-2.3913182153287287,2.0562784382113137,-2.005357442808189,-3.2544706834146453,-0.4472949366802303,-3.0098657816404866,0.4308321680617799,0.09858406325013747,0.9297910378540456,0.2603730902410665,2.1351055156216936,-0.6594291462940399,1.0383939526229904,-0.502082066298821,0.3305394544117483,-0.5860719807485911,-0.5787404317886182,-0.5340749246254721,1.0892640823530912,-1.4450732801124497,1.960564857811801,-0.7953672876858114,4.386626957444327,-0.9009765929190223,1.5084469510324658,1.9822244540456648,1.6923943915513957,2.0541908214534588,3.2746011249163653,0.3431815397811884,0.3869111234709975,0.054838063919097166,-0.12723005846456217
269,field,2.0,1.5368269976220983,0.21082719394236807,3.698942839188609,0.13330854435514852,-0.08348454677135637,-1.0150374347519417,1.622167829574357,-0.5142143038918927,-2.173532704642426,2.7705466791119084,-1.2627329004092633,-0.9299918113689434,-0.9269350989741679,-2.4448961785725927,-2.6189936446327295,-2.1253547066286775,0.5742228312416875,-0.7537217917584645,-1.1163712168313007,-1.7950631008762734,1.4380494625766178,-1.8222176009747664,-3.1392657037414007,-0.8781857315654789,-2.958086351526223,0.06275656569787033,-0.3102050937647306,0.5268767829693439,-0.19294878975075996,1.5926793681222498,-1.067251382159925,0.11649482477802092,-1.0236116005052565,-0.0996008187735598,-1.080461286181368,-0.6408338427133348,-0.9466724039232819,0.7169735612907967,-2.0223932325053173,1.5400030190749385,-0.8710715189290092,3.180054950947502,-0.8597429482619156,2.0417369616915146,2.043910376827031,2.283001770342088,2.662660505792993,3.722422583431115,0.9785934271243378,1.0110728452727322,0.6985123338481735,0.5102354905628564
273,field,2.0,1.2983643928871516,-0.027923871408678188,3.0075404041558853,-0.22945879851027207,-0.571045975449992,-0.43883544157557025,3.07381316035894,-1.3381008938041843,-2.2881162187278465,3.0255653616242233,-2.0321169870930755,-0.7586835844241401,-0.8472443541405588,-3.5606736479541294,-3.3976082205832028,-2.6569986034221884,0.62257756244712,0.0549020631174089,-1.6992412664104672,-2.3644567909001726,1.8987381646089085,-1.8789828774458701,-3.190317213688143,0.8901417557465606,-2.7191190289578673,0.09544088584501617,-0.21994146204190915,0.6501681652295704,-0.4780150350397108,1.9499090743192402,-0.6896405822287279,0.3731365231598614,0.675901602951584,-0.22898988975653217,-1.3283577508066398,-0.45961001368626375,-0.9411732448765147,0.46448279256725156,-1.8757334838475606,1.3891040647340154,-1.5410200246532666,4.878480778933553,-1.3492963737936636,1.5057934596723659,2.2104222842273624,2.004924114092696,2.0386576264625935,3.4261797348208063,0.7370678133957507,1.1213158457703776,1.1932369401960152,0.5248370639028952
275,field,2.0,2.160984251131962,0.7342652622578546,3.766068510498215,0.1145949099935922,-0.003814477760589264,-0.9458746792631737,1.6935799708280572,-0.42576768106942514,-2.0397136891786256,3.5500241850497574,-1.2635637089603344,-1.4022407790835643,-1.198891425174828,-3.051813063939621,-3.1567674057494584,-2.3799137959138528,1.0106609156359798,-0.6979163951894807,-1.3292750115086196,-2.074188208268137,1.0113684239001024,-2.3500196406648106,-3.0027617690727917,-0.08210198167246498,-2.923321773622422,-0.08973021473567663,-0.7768453317652325,0.05856916842958103,-1.425516236846254,1.51768258179241,-0.6837757905393292,-0.09846555322912381,0.8263336054061684,-0.37439170720535386,-1.5577388127363956,-0.5051711786966206,-0.9908222301729013,0.5057524379679511,-1.9056010701500623,0.8344514045126067,-1.5224635640626316,2.3987152596103476,-1.111271176548759,1.9029964047441235,2.0304482355985436,2.7285551585622443,2.9010218201734057,4.365725064961442,1.3032889787277924,1.436854116894789,1.620144027750832,0.897653658352782
277,,,1.4551801645272258,0.09665303577010223,2.9736613641187093,-0.16074151427836322,-0.5088452804904243,-0.4402258575578558,1.516768812283339,-0.9915474219730745,-2.0715811126764208,3.17016964822066,-2.0445170426849155,-1.3044271028777787,-1.1923583684848338,-3.372753786751318,-3.42138141536574,-2.4179427970484633,0.7915801160738293,-0.46136474225742974,-1.6956936860440597,-2.3866556041100075,1.139241130045502,-1.7149592674925351,-2.7822256151902125,-0.4237397031519541,-2.9437279400596,0.4275600275228303,-0.4033734991857518,0.5625970766318219,-0.3577991301938915,2.2502327346133706,-0.3327931034358007,1.794922303619819,0.0034258319355493522,0.42901305152088315,-0.5730253233028241,-0.3729336510339611,-0.12301961429948748,1.3470156405974019,-1.638076240752397,2.3338184642922393,-0.16857582534045323,2.714017984724537,-0.8191721891484616,1.5977681549020872,1.486735988177702,1.8668752729441516,1.8119914318251769,3.0305092595160827,0.4099866358460648,0.7219591514785019,0.9786812465978295,0.21309230740259125
279,field,1.0,1.5771370462651746,0.06925378607629819,3.1898681625544762,0.36528929936039406,-0.0686821407566872,-0.6996460094895762,1.0068469375561053,-0.5121710737842866,-1.7390751127854367,3.082037094133693,-0.21404306704665424,-0.542461175485879,-0.403988160697724,-1.9476384474703226,-2.088334197333515,-1.394360911811264,0.6775690033865457,-0.2783938981157764,-0.5712653395103349,-1.6673428643647379,1.728414991265529,-1.3025852346525317,-2.7454443668881034,-0.04902618198839259,-2.597783358390782,-0.02367073706613201,-0.1379946752839117,0.8481041801658834,-0.11717294854010882,1.5173073673012325,-1.1633540552452,-0.43251752642341396,-1.180542288276722,-0.16429066955256788,-1.1723079632457327,-0.7533331306011749,-1.005437033425235,0.4830154861494758,-1.7863336378310202,0.3873843654549062,-1.7932006176051973,1.7837273247710945,-1.4570624204916571,1.2090319547923816,1.3125270396840893,2.064908006136071,2.077964504056902,3.690227059458655,0.7093401261805986,0.6503921574158528,1.3402746668146706,0.2388386851800547
229,field,2.0,1.5715785855305733,0.4570529701443814,2.677456552445821,-0.38902141465529727,-0.6133023669877101,-0.2963581883147755,0.9860238665225716,-1.175455680522878,-1.9291226226254767,2.9615668709160694,-1.2444785141077777,-1.4644809365211264,-0.5415812674898954,-2.8134000967098425,-2.481810591752379,-1.047212996819505,0.5508700123600946,-0.5620401542288874,-0.41237088473032424,-1.7411722552358981,1.1097391415585218,-2.009640784961482,-2.8638532743398755,0.5088593233654622,-2.523562386432601,0.40720061000041924,-0.6270724449436242,0.1570918311938375,-0.868970789536789,1.4396166300583624,-0.4545105486019009,0.47181452683077774,2.1397791942712954,-0.33821541944563677,-1.2761663226487765,-0.7420294489883772,-1.1520734694304209,0.360454886205218,-1.4132828527591537,0.8659825275018377,-1.268679112925318,2.2118480912290983,-1.2491636294441104,1.454463667963705,1.4948032103986186,1.7809652717461935,2.4228834499144862,2.825852680440314,1.147639119639276,1.2622702475031882,1.438056414014397,0.7951587734053158
231,field,2.0,1.5083563498920136,0.32926017991817086,2.3366293287878666,-0.21547972029649443,-0.4093197290467198,-0.13116153810619446,0.5063740193321011,-0.9224298630761147,-1.499541826912369,2.961175326282721,-0.15630215108691967,-1.4521202477154955,-0.2902463982951238,-1.6876660876592129,-1.3559050085680073,0.2754901774184699,0.2704151053054065,-0.7066792774144959,1.1855131887359358,-2.236998363852985,0.865677233192726,-2.421855884578718,-2.9770815334315253,0.06532468607715122,-1.2244451467299464,-0.051192443741977456,-0.7505425684265304,-0.16314006509651519,-1.3803556565857866,1.401684642978953,-0.5449948958848755,-0.14997103830171432,-0.9099001965487854,-0.4054305140744732,-1.5726460852409847,-0.24810760354572647,-1.1781775479881322,0.3129072632734312,-1.2942485540934747,0.8292351045226768,-1.18516952053755,2.3688746318750318,-0.9889877804901409,1.7374457478988778,1.7516702520852132,2.1184976573684096,1.837284585574021,3.4070928233093203,0.7899871250221504,0.7036181039236058,0.7592577899190469,0.18832592463368886
235,field,1.0,1.2169052793870923,0.05464750468493614,2.5724940260620577,-0.44045486438052034,-0.8328272021935846,-0.5759204735568568,1.3694209470177932,-1.3993492880860083,-1.9719131326847226,2.9157643396553254,-1.7091882758115213,-1.091322460071445,-0.7693210533916395,-2.9016902456354376,-2.703429413235923,-1.3722158405716085,0.5134957352439082,-0.45987465403427713,-0.7878013632548297,-2.1575892716248304,1.08034253881062,-1.6423540296927244,-2.725383573910971,-0.3569979505289466,-2.674076050825559,0.3776168993517745,-0.4797091769396747,0.40857522814545993,-0.39603962295637907,2.2586089051557563,-0.2525971278430502,1.5995742006483524,-0.2428274362632527,0.3386108925628057,-0.5680249567471746,-0.1790825694996682,-0.19074764860886287,1.1986894740796932,-1.5885251723342668,2.2774218676630804,-0.26113079581041804,2.843486496964329,-0.7804495902304968,1.794686792316621,1.6636757576250991,1.8988300820014827,1.4908125507122054,2.3235215706008763,-0.11695562509354833,0.5561543684700826,0.7660144589903407,0.10844894966851218
237,,,1.4139937973407781,0.44732842421059726,2.758133370690959,-0.4128143784495702,-0.8338972147954874,-0.4863350628011427,0.9134246128646076,-1.1898300676165499,-1.7475930334969663,3.2043881139612362,-1.319200295549487,-1.7148940825900723,-0.7312403054021122,-2.5775768618167554,-2.3737399367965546,-0.6278442013715927,0.3989146420733668,-0.7788434895318768,-0.40863390955078416,-2.13803077512198,1.1013452362255376,-2.2188368680992534,-3.033213902249912,-0.2571607347492135,-2.414605838146524,-0.4160821125121751,-0.6972639952472552,-0.045819912677149494,-1.0122501544928697,1.3626241982726834,-0.6148288332595222,0.04548012645206212,1.1972313421137744,-0.39583179790716116,-1.3958457032875136,0.07500069024775795,-1.1330928214927052,0.4562449944475423,-1.3492896597309776,1.0948813540589872,-1.2185401734989811,2.734122783492755,-0.9386679561190079,2.0644508815377325,2.1192381148152912,2.6007839604596303,2.1715790044800647,3.812396592157574,1.1922244602058587,1.2909626107688834,1.2011435915413657,0.8259111759421034
239,,,1.6818185129005931,0.029804548006782252,2.5523404097109994,-0.546089411784548,-0.8617510734810669,-0.26422081904163314,0.7435166676698719,-1.2833827221002092,-1.9602831825468245,2.9139000992176936,-0.763976488864294,-1.3826366172878921,-0.560045591668714,-2.489925749981691,-2.218303318547255,-0.9256937465663059,0.39809438881530934,-0.44749127860012733,-0.21828849538882286,-2.0408973102145564,1.1790989921463486,-1.8729311139499434,-2.5836440602280386,0.047482784088544644,-1.8562103265952967,-0.1308576254880004,-0.37455159834548357,0.24988591487649692,-0.7011322762800715,1.410089171616188,-0.8116311409093548,-0.04102874341783759,-0.7704324775855561,0.013213053022349467,-0.9720997988402956,-0.3134069854687098,-0.6364209236175999,0.99895226542309,-1.4144549898752752,1.1312566051643183,-0.9703553392920571,2.5160472764936235,-0.6571809008886825,1.8672464560078506,1.7285331306681748,2.164783230557549,2.098138170257964,3.089428650997048,0.9852944967268407,0.8735313036976179,0.7700700642175873,0.6267979145733052
282,,,1.5040186580843422,-0.00012363210452458586,2.940630408894664,0.1727523410817465,0.1383795436955059,-0.5612625040449745,1.2701986032151242,-0.6005698385331446,-1.803996791317143,3.221286493310983,-0.36334086006401745,-1.1480260301831986,-0.3914803586041179,-1.9706168885591329,-1.7810692866734386,-0.5144973405909826,0.5457400165447894,-0.5908303618021449,0.2848816648238983,-2.0271403426313532,1.1297802518152344,-1.8024972340870589,-2.067685260943222,-0.6275900965644887,-1.3860586364691332,-0.21059398736996277,-0.3478277284463812,0.202870390165003,-0.6386315184652992,1.5138931230313277,-1.0455013902295411,-0.18338012127388623,-1.1267322369005848,-0.3188329219783906,-1.2568142425957871,-0.5965647655429007,-1.0190803571560871,0.4640420486473708,-1.8435122272966575,0.6904030814577513,-1.6123960008038598,2.173172497317784,-1.1075807437766778,1.685312240999023,1.7435681857130092,2.1924125023653556,1.7569717737097588,2.7487866614533605,0.2562994785844896,0.960355512473958,1.00180799304282,0.34667023458079727
284,,,1.103922089538412,-0.06644928613406417,2.738164956381709,-0.4132437136460987,-0.7897400362287643,-1.0383193378886184,1.1656170646090962,-1.038436126209919,-2.028888737140588,3.13319187348757,-1.2588241921495507,-1.1213785802992149,-0.3869349286250248,-2.6125330500452857,-2.4652508065768775,-1.1517834989141422,0.40780934032693833,-0.7382190706884422,-0.46819853694682706,-2.131457904161144,1.302664168153734,-2.150274954580042,-2.6892460948775425,-0.2976507110898026,-2.1265917145099706,-0.13837068581826517,-0.3276918256774779,0.62591326429451,-0.19371942978130813,1.8175217954081495,-0.4479020644212813,0.34744936834079904,-0.7792753775481164,0.15030208776901954,-0.8976387979087783,-0.2554832594537518,-0.670414910051979,0.9697167632316648,-1.6560247904078216,1.5241926063401345,-0.8817358911735234,2.7127140926063813,-0.7965943858575297,1.9252776535373586,1.8997687301902446,2.2921277356039327,2.0563711833526637,3.4283844575860565,0.5607532329113201,0.8065695878338411,0.7247519453692055,0.32508870193900036
286,field,2.0,1.4694277120749184,0.40553319986168224,2.8718079753022256,0.19045961118362428,0.052472438920028425,-0.5599688331552239,1.0541184483670691,-0.6547775206048855,-2.2871897812457074,3.202628915564466,-0.9754352442894019,-1.467934016738011,-0.10573068401869695,-2.562009940055081,-2.4748654515843893,-1.1193284511002342,0.42086041985650235,-0.4876732590682296,-0.32904548287164187,-1.4501734438590301,0.845265842251293,-1.6201697976256109,-2.5278554917129603,-0.05374927027520122,-2.0379338348025815,0.20767921508795512,-0.6188992329399834,0.28455124766807727,-0.989590694215938,1.4733962940783465,-0.3138759723289604,0.1615477243861143,-1.202324463303055,-0.4142213690522752,-1.580332404764,-0.712134788418644,-1.156433822719532,0.35895058739729835,-1.5584283175432208,0.967036787430264,-1.7619658847055337,2.873369171537213,-1.3844614785284977,1.5936543603494957,1.454121199684566,2.0445211405819363,1.8663649248778797,3.568325403760583,1.1822841960215906,1.3839050323382767,1.3687815178015355,1.1054455651435948
306,field,1.0,2.7290479006184456,1.5588407507063116,3.9200840182457903,-0.33213704162392627,-0.04828941618448813,0.8567746904932729,1.6935040566113098,-0.45749030720760053,-1.9286022827539882,4.241626575720066,-0.8733873183838661,-1.5330628144457938,-1.5942486909930607,-2.9298862274615356,-2.5782643513741945,-2.00716460525709,1.0666113378042694,-0.05896769554370966,-1.3224664791836724,-0.5589267337640642,1.3856375925213624,-2.0854727071184183,-3.4597083519181817,0.37183235151210464,-9.136462154186463,0.3818039967185428,-0.7638324139615784,-0.1674293041521614,-1.3944942543657781,0.9299092612511444,0.011896425433838207,0.10392233913809613,-1.0771859308808145,-0.6970143113950786,-1.6945554261348388,-0.3951658719613161,-1.4707087223247644,0.13619552385458109,-0.7936223499150035,0.8012335696794018,-1.3687748769995554,2.5461385725433967,-1.2244052660074578,2.0646934428028945,2.145741113946005,2.612096540335194,2.5800406868448076,3.965994390492489,1.8125181646871134,1.6518873807201597,1.0289664963717868,1.3547287264460355
308,field,1.0,2.0336136149175608,0.14819100783453548,3.8351551955430563,-0.3231524696759739,-0.44658880139424934,-0.3619972233622004,1.4040325864933634,-1.0694975762015306,-2.0679515363990975,3.0849932868032095,-2.0298073772824057,-0.8187850838423342,-0.6398115227987713,-3.2005634832866736,-3.139203296891285,-2.509995047939152,0.7386651717549253,-0.29216372999511375,-1.64044567674082,-1.6025221272655794,0.9481387192824687,-1.8396057978976041,-2.9234224238326845,0.001991504532326588,-2.965569892054968,0.32558059579716064,-0.5556367310986093,0.3886013300392799,-0.3307181858440858,1.6343275459605213,-0.347634933313444,0.7941274106590227,1.8474370650544236,-0.2915215465494037,-1.3273472390095453,-0.34805941757145226,-0.9596659388464943,0.5472510737545757,-1.4974891436567142,1.3268638991149964,-1.2574955910002905,2.186311770434462,-1.3281388703768695,1.6158832088514279,1.6378827057028296,2.438024217008515,2.1936425297439155,3.5354078997015264,0.9150518935726493,0.9575259629305323,1.0158988588339752,0.5601916098060895
310,field,2.0,2.0255444898913906,1.1412880857781778,2.7149537295733897,-0.945402552973345,-0.5362777884476502,0.18370051412422625,1.2000765861715967,-1.2188268380157723,-1.8913055562850714,3.7059428262688128,-1.601658460603233,-1.3668051736161149,-1.2585617395661521,-3.119970973201379,-2.69322846664593,-2.1595090230140865,0.8997726638444024,-0.19987803397773923,-1.5502915529063628,-1.7223166502915495,1.179524701615353,-1.7253111625941038,-2.7463701903952624,0.11087592237272763,-3.3120170798873283,0.49167320863011804,-0.2420721397998632,0.6974163560764948,-0.5133067197266604,2.015566518989795,0.2345911788157325,0.682081144064098,-0.676105689365352,0.02401907503378204,-0.9707752011962819,-0.13443838954492768,-0.7567612583908984,0.7469084370420461,-1.0078046472339073,1.067155322471688,-0.9046905553366223,2.1804007333573856,-1.0581570066048565,1.448457145680847,1.5734340793588784,1.9204666818787743,1.8691807116473895,2.7606183280670247,0.733687958284346,0.9822501930624102,1.1393335332322185,0.5829227242873691
312,field,2.0,2.1423893306598987,0.9394308585583542,3.578611555236373,0.09862037059149883,-0.1429427120125004,0.059808116254538475,1.539224739809153,-0.6704577411815045,-1.9628772803867827,3.563234910218822,-0.18466099991167656,-1.3437679211562583,-0.9428141605673611,-2.903632652662929,-2.5784049752354394,-1.3673685693907536,0.9192526726142781,-0.4797401086300748,-1.1387098373884337,-1.5959946942263947,1.0319425843447865,-1.7705737895314804,-2.9189360708028156,-0.12841887422708848,-2.3433495307020733,0.10111261983119957,-0.690312961896757,0.04614130772991519,-0.9134884462792581,1.54955933618432,-0.4635229822054812,0.08288675169105172,-1.4826095898384433,-0.43858704309206314,-1.5554381377753086,-0.47355069336865724,-1.0370561836619336,0.36269733083196154,-1.1916887621793204,0.8859586784441109,-1.6478701818353632,2.2311894970888377,-1.2104206849424342,1.5843734649475083,1.6189936473519018,2.0946446637443934,2.215514727727269,3.2542839377451434,1.1575754534570841,1.2374044888937275,0.3733357290370172,0.9090088120954541
314,field,1.0,2.3011723918665767,1.2595839901627839,3.7023566181591128,0.2057435266098229,0.13759448693919765,-0.0707223056383813,2.0359728801589,-0.5908038101297208,-1.8041390880316095,3.22392009516423,-0.9770937980584047,-1.1054739601877834,-0.9322117133928162,-3.1006871612952245,-3.208025242465071,-2.040829722515096,0.6231800109929831,-0.20004743335099587,-1.3818258757862891,-2.2575144658397663,2.1291813304693243,-1.9472012387201991,-3.4774450556043135,-0.35607663948166396,-2.939640805385433,0.22400033434263722,0.02793252074597458,1.0516505594875558,0.25114048913932147,1.9270140227288657,-0.5919506278366233,0.6451820842268787,-0.4071293707845333,0.14935932851878403,-0.7682635316269658,-0.48010549533945024,-0.6927538151342327,0.9785842220455744,-1.2562813384108864,1.394048002778034,-1.0699284934033004,2.193153615341954,-1.0985776676408632,1.3711653256220928,1.5387393060053514,2.0805244386651456,1.3925816464785599,3.2602880531950498,0.14172315338961308,0.0859643869093746,-0.9828299514539295,-0.5941982126301522
316,,,1.5843512124859909,0.34090672570875774,2.1997114191155087,-0.7984482803203583,-1.457248961096306,-0.43898178421673306,0.6643762760703811,-2.031740007452178,-2.5394674399887394,4.024815908750362,-1.5587869190364825,-1.532582623241886,-1.3284404554282145,-3.2296446153954994,-3.376310525200669,-1.9401146344519422,0.46130860631098075,-0.5777903440131553,-1.608179674366059,-1.7589371490420727,1.339879953821611,-2.13817521423977,-3.1586766296974287,-0.3524741504137047,-2.7004827938409037,0.09011195503763123,-0.5292153132870469,0.09831432501630384,-0.3740747202523619,1.2724558257141625,-0.5497449559304001,1.9050157798712326,4.798178745227691,-0.34164815552824207,-1.2198952237028686,-0.39789770084685816,-1.2500758408528598,0.4136069291339354,-1.3905835962602249,0.8587510893068291,-1.433938811132731,2.1506134648492066,-1.2487658685024394,1.5070323765711975,1.566724177344495,2.8040274428295056,2.3394376202131757,4.629133997527038,1.5799807490433577,1.3003238350629285,2.092809702057112,1.2404542706687247
318,,,1.418698876222953,-0.25718068378750814,3.145242454735184,0.7193312937087457,0.5509856013617215,-0.479194451052722,1.9564782169684733,-0.826612044099556,-1.1351451143970794,2.5106374218004834,-2.486758553551126,-0.17796657117088832,-0.14697815801413444,-2.3093309527354804,-2.460826852860594,-2.118447902987426,1.032697544941597,0.729586816405382,-0.8852066389158153,-1.0577472389306604,1.5589761119775918,-0.11452928407355144,-1.6371365491454604,-0.484519117132628,-1.8292446759813923,0.8516052904810216,0.6450681591182693,1.555250555167623,0.9207240393216376,1.8738512856077303,-0.9560812776984877,0.9118038960000735,-0.2177127212819968,0.826564917632808,0.05648557058738416,-0.1460799979168179,-0.2640147786417778,1.2136527340168262,-1.967248823001547,0.7198260969547476,-1.8084990003284482,0.9138256535998764,-2.0182995291772836,0.17664761162187836,0.08454629871535103,0.7364844453401834,0.6787048555369459,1.8905545070706666,-0.23483783497297006,-0.27629681511001947,-0.693620814817322,-0.6887138731124627
326,,,2.253562672546796,1.2589680902630835,1.685141740783218,-0.27021203760666346,-0.9155542175154702,0.605739075803174,0.40187117459511396,-1.7023728015525665,-2.2938378548892815,3.747676566821354,-1.480546362487273,-1.9777763331475955,-1.5461953779088715,-3.382487421053717,-3.123560570454978,-2.39240740826984,0.7527683510396858,-0.3573587722791761,-1.8912973362899452,-2.47666016282039,1.0402868559339835,-2.003655781135416,-9.670345981215501,0.2490149204769164,-2.5678466254408527,0.4758916522737544,-0.4143632513606178,0.4703852470136178,-1.1784705977835541,1.8571527756041872,0.1059897856601428,1.2885505601880778,3.0354832517097554,-0.08871795293274104,-1.0478922791417713,0.6589320458900365,-0.8005260287071012,0.7861930037984867,-0.27145350269472834,1.2200025965640715,-1.2509861501480273,3.09916086710202,-0.8175380635921805,1.9626798323662704,2.1002249398299684,2.79159293942659,2.492855697082793,4.264318228237547,1.5211889444334694,1.4111348102876142,1.329735157111815,1.0555610875847108
328,,,1.6471535068945702,0.6327994216462536,2.6301886630696205,-0.5684504780493758,-0.8821177727229805,0.1217326395772196,1.4421641645751258,-1.9038955945225824,-1.9644103419253616,3.600785380510423,-2.213379478368513,-1.3779943083511441,-0.9801782188312627,-3.469983066083069,-3.109275858616398,-2.5496600706809756,0.8211679858543535,0.049072170733465925,-1.5474316433053839,-1.6765415106720292,1.5417739331223868,-1.751252983145818,-2.944119564952538,0.14976822600728257,-2.6394189537491815,0.5058837747999697,-0.17958558327326568,0.6562005032263816,-0.16972898444774817,1.9476873712089193,-0.48653127716058997,0.629622604149372,0.7407718479834429,0.0017323981996775328,-0.9977830675641834,0.23173450108669036,-0.8260075954442776,0.7451578199266973,-0.6005930815811313,1.1443537320564008,-1.367451575041928,2.4910700005417645,-1.0558445519050002,1.6947067031167191,1.6909764524696975,2.1705021668603406,2.253436973062539,3.132385512830082,0.9061550531428053,0.9734799028680461,0.20414160496539765,0.5050305459090725
330,,,2.717604139803267,1.5178806281178525,2.410048533229385,-0.06896651988481627,-0.7086409092219518,0.8831413319218808,1.1271635875424286,-1.605807038589409,-1.8997758288585211,4.216909255194332,-2.1408080857833935,-1.202591117579183,-0.6569210353088105,-9.549944529703522,-9.549944529703522,-1.8446820548371963,1.2058071025419126,0.03670673295047413,-1.498284972861568,-1.77719181323478,1.5860887066447305,-1.7017914435039962,-3.2583753901452015,0.18713418449870087,-2.6451937597416832,0.6885141333275523,-1.7096315463833576,0.8391431420465221,0.047425388225140704,2.237684145490288,-0.08480691261133455,0.49997830106215224,-0.7628768844854679,0.16141352504756623,-0.7616560694399022,-0.07577942180612444,-0.5462593915367463,1.0333516389533712,-0.7631823212624301,1.3937843981743867,-1.004941637648017,2.9245509133396217,-0.7157532115014501,2.395561734198799,2.442563539292766,2.8904608342797795,2.9327024754170257,3.8749708132593095,1.80292954711848,1.8665471244254015,1.1263790022939197,1.4873615672353357
266,,,1.798235095311191,0.5874354896293178,2.2919766008099103,-1.3496127087012533,-1.0015197382933325,0.14990879140068397,0.9896474253083606,-1.5487226438090453,-2.1459990671552696,3.104141169696112,-1.5326611130630368,-1.6407229641471026,-1.3994854362016589,-3.243211285591178,-3.8413345049243377,-2.4323976670546874,0.8442012960803668,-0.1321006374435748,-1.6373474335158213,-2.152323754436529,1.1266880701237134,-2.208508125403756,-3.264420988398036,0.6379738207811954,-1.707348756513239,0.22058806333991643,-0.19978873798963717,0.6717873512105111,-0.4416650074402357,1.779377464071239,-0.047605161683320976,0.4788725552347119,-0.05385396996727104,0.025243878799212305,-0.9143225118783717,-0.3506849192038864,-0.7932741671982492,0.7755417065750634,-1.1344299980471244,1.4665457695431983,-1.4058145712533063,4.406551789843323,-0.9372740000593313,1.942637466396489,1.9063004820944902,2.4764810295837085,2.2897094255792982,3.7868767658801534,1.2576587993323403,1.0897424849364123,0.5007096761639925,0.9115974016476898
268,field,2.0,1.9327949175244776,0.6973899471657174,3.31267555673482,0.5060354787751566,0.007123822241091115,-0.0716581785281016,2.2960535306325394,-0.8372557259589042,-1.7892355658458512,3.1173168008756162,-1.4129563595180041,-0.642659217970615,-0.5897733317461704,-3.034081976263368,-3.0683543790465815,-2.3696588210201686,0.8465724181638802,0.21328725419874017,-1.4088553850934167,-1.6061917266080725,1.882234760903387,-1.1925656372661595,-3.0572882388223017,-0.3627800395705767,-3.2254768292629974,0.5794866872049871,0.2980201221139072,1.1929034985915872,0.1857969295802476,2.211397799009749,-0.7821489948412351,0.43888577806285356,-1.6537191504635997,-0.09319580149921035,-1.1889346336172517,-0.6028609665015381,-0.8760048371864467,0.5355617746802339,-2.251834800917377,1.3501644151488263,-1.5171052592514265,4.17201874888439,-1.5842576669607913,1.3682566787495627,1.2389435133419402,1.7774785869573477,1.574694602093023,2.411437251715428,0.255362538768995,0.4865696841324731,0.3332138537231059,-0.0028234262139232146
270,field,1.0,1.7490744209307363,0.6331062170770497,3.578095647363381,0.07757529625369813,-0.2575241709019644,-0.16003391611167792,1.6679630924395314,-0.8693066157258664,-2.1081638219053045,3.6770825722465266,-2.147251210613351,-1.5017250339363672,-1.3019360026723945,-3.0569203550290363,-2.563169375573605,-2.6171393063831334,0.9990849801178497,-0.5036267880709149,-1.4651410285279274,-1.853952359515123,0.958725645965015,-1.8930524422883586,-2.767446488512493,1.1434158005804491,-2.2661180222509643,0.2196557422672828,-0.37101699014961564,0.5541138795167945,-0.3258936786983647,1.9323696590793678,-0.1575030700913931,0.2604690693610269,-0.7883357648289003,-0.10002436350991822,-1.163825677475993,-0.5036267880709149,-0.8865148325664255,0.642307095080858,-1.0869126543946626,0.9370197728669964,-1.3074086531470532,2.289920692142214,-1.1896533332928363,1.6899312075659532,1.7474534275413618,2.1008643274354744,2.273369635621162,2.8139276084117437,0.767626837938092,0.9283104429687714,1.1151023512641896,0.4566573222090476
272,field,2.0,1.7440561957597562,0.45156856915642685,2.9298150918796755,0.05414251330405869,-0.361862290083961,-0.1090676973892395,1.8780257595300387,-0.9770006736623896,-2.0084437827583,2.9976397808877473,-1.707364503420604,-0.7534707058047438,-0.8455188632031886,-2.877839106003618,-3.140388116599664,-2.4472409360397185,0.5385137845131635,0.014651369153010992,-1.4491968215891284,-1.3719844170785986,1.4864432802265262,-1.5842259941934653,-2.830927317591922,0.01150585233626791,-2.1383678537694344,0.19164481303235295,-0.2878644710253859,0.5844078047743194,-0.35704874333594516,1.707706269390282,-0.34881540375548453,0.2760383218853818,-0.980688333414343,-0.17840556063430982,-1.0911210590484892,-0.6243459468448211,-0.9740603058359297,0.48456111811311103,-1.7837526427937125,0.7127531428376399,-1.3284179336810162,2.083311817500435,-1.2295121003827973,1.5507099933617186,1.208416589630551,2.6821720653665873,2.110118989823561,4.222924977902067,0.9341185895231843,0.811809756473273,1.5497617602017442,0.5701133733773399
274,field,2.0,1.7385725431456456,0.5953293670195952,3.9629920793171167,0.5017998953812293,0.0011022646124895798,-0.2123798496411018,3.4978977022535904,-0.5582572975274778,-1.7023062954738601,3.171443599306313,-1.157839006549872,-0.41937742489301494,-0.6130490190105693,-2.4827404924101106,-2.760391132778748,-2.3020743693630172,0.7715499166163785,0.15645185374487902,-1.3681878755984827,-1.4221775804933854,1.992526601332798,-1.4101410005617125,-2.9971958842266804,0.055424674459170944,-2.966064965631507,0.28499241404695347,0.11542310773285056,1.0209588808761285,0.15732901718967057,1.8406532737743693,-0.8796554198124699,0.002087389310423313,-0.3021414899501667,-0.14505104272999447,-1.2781062811530854,-0.7119942127808722,-0.9759362979295801,0.48781937483196564,-2.1541986189693834,0.49356998869330476,-1.726858164396111,1.7247062802001223,-1.740263190864159,1.0786921798338578,1.1448465839066972,1.5129597304345077,1.8236783910667547,2.677986485276275,0.3066021803810642,0.4335730910811961,0.7218178233943686,0.013600223525638206
276,,,1.7058729644828345,0.5859877452533927,2.7780722875709474,-0.09691578882170618,-0.44394937395880096,-0.19404634842414983,1.4038674873287404,-1.0389177713993416,-2.1415707510884,3.03671235660129,-1.2607932679651772,-1.0715662336146636,-0.8609860066946396,-2.6643347188913316,-2.515902533430912,-1.7823232029051348,0.784356803194783,-0.12520283544269603,-0.9746313156784264,-1.6002210004790396,1.714534339626069,-1.7772185465934518,-3.0620587608978953,0.5703254478150305,-2.6374991653498205,0.21536369477013895,-0.08844093309929789,0.7483005907537507,-0.07030389252677662,1.7393861806093815,-0.4990525665447518,-0.03633899993442556,-0.9752182658371235,-0.17154096856655135,-1.2041847260768033,-0.5872803407163567,-0.9949165212562108,0.5344609410537655,-1.3503566039598962,0.6606148959824705,-1.5911217566239255,2.0176133340860987,-1.256376337907205,1.6245654150094613,1.8307698379560975,2.3788396857758896,2.5141113769906056,3.357712650455654,0.8721762882454948,0.863053805836129,0.8126193734083358,0.32395203187855176
278,,,1.6559256597399432,-0.041910619106400045,3.0488715965435866,0.4214349542080325,0.014270260992495929,-0.39245083122065516,1.267092019126795,-0.5902070423861265,-1.9704935752823372,2.938287964206039,-0.5371790377511666,-0.3810811361767025,-0.17164637540924588,-1.8694550544668065,-2.0646364223091984,-1.6625773494665885,0.9407235904131406,0.05450110999882175,-0.5791580339349692,-1.452327483501258,2.104741740044388,-1.078453804514275,-2.4301881420393774,-0.2322260821190965,-2.4612562639023965,0.29060168518287827,0.294278618155115,1.0999176792337841,0.28213715411245005,1.6278397149124049,-0.9142455999758239,-0.19435411803090852,-1.1206959539549284,-0.10289308523444574,-1.126474090215926,-0.7681393307918121,-0.9316327746984261,0.5139262833856049,-1.6824746323540676,0.1984659949564894,-2.0408993299277096,1.545084612751952,-1.7169686871402972,0.9245840736512402,1.1208687376127315,1.6915848756351763,1.896872222965366,2.943399246922461,0.4980829973253635,0.49145257629258604,0.4471621496298458,0.20191733791224933
321,,,1.944251709539181,0.8669202560054722,3.190848443925515,-0.04921068295995235,-0.5347304823241453,-0.0019022453260136858,1.3358366157891042,-1.0906272764498153,-2.1913241265289622,3.0622737125976323,-1.4110408262610814,-1.2007776769808105,-1.1731629032614275,-3.1363302494045033,-3.2622873582596856,-2.1437530476778752,0.42344975321962064,-0.3052199555450661,-1.3819071819915059,-2.6754719529809594,1.4489515913280149,-1.9015348582459806,-3.188065923803692,0.31256737806305834,-2.789012674900412,0.18258101366003793,-0.326750390430948,0.4265523810068496,-0.5462206593982443,1.5175233857087653,-0.14463271511928535,0.9070649565245809,-1.2194488310186624,-0.3692714951741832,-1.2836715764093056,-0.15034419588305017,-1.148878076996675,0.4053392514966906,-1.3492502458984073,0.9410528835881609,-1.4446542387334307,2.7520276982059912,-1.2809298956876929,1.86144019999129,1.4895278203016478,2.948389273056351,2.448555123876338,4.123231277884052,1.3733819867581698,1.119788917755515,1.6446569579753507,0.9741991553943848
230,,,1.7161463281745346,0.3654147822082318,3.3736737781651973,0.3928783195940548,0.11893473504466391,0.3353719747624798,2.6172401026158814,-1.154069756123583,-1.0529759719537743,3.086017044698801,-1.3475155494134035,-0.6368598970924176,-0.3393728544378804,-2.180056768293734,-2.344867562677919,-0.93179994885797,1.1665706650125705,-0.6139821478085614,-0.12706170288956242,-1.8075018136170522,1.433391438419726,-1.9779104661818347,-2.5754207804153944,0.9846397778885614,-1.8100698084915816,0.4857604037659715,-0.4417004556090962,0.29643897425735727,-0.47731037046452857,1.4896122689196272,-0.4831225428889653,0.15982736964558675,0.45118669448786813,-0.4240092287871332,-1.3780020706373797,-0.9588725280756037,-1.264375359074767,0.3347700266212875,-1.6745243164953578,0.3799343326633304,-1.7037280072710297,1.7287393782142306,-1.4756366493096784,1.0776101577388717,1.1479207884973606,1.3606229610069691,1.8516680924568312,2.5301683028956083,0.3873884956191036,0.3313155076405386,-0.363068327514538,-0.05942781663250303
234,,,1.9911218499225676,0.8167671932595392,3.7072421673346208,0.18702182965259356,-0.3060889816859239,-0.004960495753304129,1.6620323146562515,-0.7720002666823468,-1.8434654819029284,3.2560202638711018,-1.3453321008070005,-1.214259476386076,-0.6474306300130598,-2.5207342723360964,-2.6089493292922223,-1.238785748947189,0.7644035403883507,-0.3127160941633987,-0.5900625133857154,-1.4571757970562773,1.3189416061338635,-1.8291636331715844,-2.912121250231807,0.03212150622122518,-2.595278576399875,0.3066427324083803,-0.2148779132139816,0.4031994150534067,-0.4375191412726208,1.7545043071911492,-0.42473243969065266,0.3795996007610582,-0.20028821617920156,-0.3954173633880202,-1.335846016702571,-0.8006944061241071,-1.1528824053119209,0.3279632995136565,-1.2023868810237786,0.7813840213568363,-1.4508871500711207,2.024944077842449,-1.3803678465380074,1.2372220656986814,1.3672723253460104,1.447879878315104,2.0376362057727775,2.3572106352492086,0.6942018550354316,0.8184893842220974,1.0737860303839508,0.4468163221404662
238,,,1.83833016514344,0.6301682484531402,2.687172240188003,-0.10509401297870963,-0.376488376162341,-0.09967378840747307,1.246686764990685,-1.2264586058577482,-1.9247030476217881,2.9131074995857236,-1.3810702488086848,-1.0634402916628698,-0.575859405248323,-2.674470863035879,-2.741973925890804,-0.8924359436998189,0.610015014936268,-0.14267338488209916,-0.4220810955612826,-1.2299433969462745,1.6554032247472172,-1.7321832369206638,-2.8039443574910075,-0.004820965352006972,-2.324268433602764,0.2566975886177214,-0.0649314039978438,0.6322142493756493,-0.06537821905177413,1.6275664306618807,-0.3904246800361521,-0.10686848146753442,-1.3611757618128217,-0.13186830947292638,-0.9029657360150498,-0.36255561755680155,-1.039183974414387,0.6420653189816002,-1.0673886642942378,0.8022927204409103,-1.3082049611618964,2.543667005964654,-1.1166658612262492,1.4677417793806853,1.354634954032728,2.072755471816664,1.7090489636720738,3.118930276116984,0.738260004543148,0.7410073619413957,-0.034844435425558734,0.3862742024732047
281,field,2.0,1.9386843811743883,0.5785553017956894,3.214270824491278,0.3760444551900354,0.055769329320045025,-0.008935548875608072,1.8698120188387466,-0.5810514995752623,-1.758135403684867,3.5042830506780223,-0.7745463569673421,-0.8569237786378323,-0.506831224653159,-2.2245174807604995,-2.1154584357862705,-0.990981487063978,0.7933582275198479,-0.05803632028468586,0.005404596530999855,-1.7373772950756476,1.5011269467510862,-1.6166988315532311,-2.3759605777062136,-0.0688641199815953,-1.7373772950756476,0.3025658713638809,-0.0427249180404253,0.565291081512966,-0.16758217264129407,1.771919767902064,-0.41477043844714373,0.21729895157574924,-1.036073575205381,-0.24129027807859169,-1.3113948891239462,-0.6988345352316457,-1.036073575205381,0.36758938317770773,-1.9292949978134515,0.5589696134911998,-1.798036620437053,1.8272321022649416,-1.5383990106922716,1.0767771761243086,0.9893026574822473,1.5566276350486783,1.1590376134916194,3.0885460249892236,-0.03647283271460157,0.1618504059380173,0.2618190846051021,-0.07949300194480527
285,field,2.0,1.9358718087658084,0.5612635403222184,3.2030399630206006,0.009162788579286296,-0.3971165509217696,0.17627675706784915,1.7446543660011216,-1.1088155476582229,-2.1520569266862983,3.283718253780408,-1.3909209627966292,-1.2391513342195093,-0.9133043082365899,-3.021827642925561,-2.916173915126651,-1.357196426404527,0.7056131879204629,0.6672717283537967,-0.744710756472262,-1.620615777598061,1.2763152167092762,-0.18474049382704638,-2.941559379820821,0.005013920019233019,-2.444357944994374,0.4455335878728385,0.00248781261505486,0.8713980947657199,0.01198974547804209,2.0294044003837817,-0.3312309243636026,0.704731042485699,-0.7548393389035603,-0.05983261055060041,-1.0575493128423208,-0.5991812382693331,-0.8181883629062575,0.5767692940610164,-1.8122984564142668,1.4013493780898798,-1.196072947686691,2.180001430760571,-1.4338799980605177,1.1948729519448902,1.0119327719786948,1.4950640346218866,1.3540492557226373,2.4586921384219447,0.17093300373323445,0.3728972242309773,0.6428612719515717,0.0024521880269602393
1,,,1.4708565682862438,0.12956361962405605,2.7029737186349294,0.06840694139709166,-0.002171685259617405,-0.3745338263569176,2.0169917793242442,-0.8721984929662376,-1.9896385465510735,2.848490848568004,-2.1294952083200984,-1.598482563634129,-1.5189721326387422,-3.224193597667072,-3.255942295981652,-2.6180577940967567,0.4045819323771587,-0.702169724222036,-1.5131914287573307,-2.9968920362041986,2.34160562524299,-2.3884014065092174,-3.081830873591856,-0.39485570691980015,-2.847345894775935,-0.44023582937628836,1.2583527533161265,2.433903912734039,1.6853784543129426,2.4247898100530323,-0.903479560700448,-0.629055501986649,0.33684878582975886,1.9575862950808711,0.6549106703789583,1.3840253216238267,1.2640769514155341,2.7903505367034946,-2.318637358187064,0.11620824913634649,-1.2025425629383035,2.0820060335093924,1.0343237990351306,0.6935422251677612,0.5637177950886014,1.5337591451947234,0.617482383215445,3.156833367684572,0.09490456500283148,-0.15353988083339765,-0.441765743516397,-0.4688424359468978
2,1_IRG,1.0,1.7210754063612643,0.30938769404386673,2.0793701789523786,-0.49808324713721536,-0.8939831127266062,-0.1664730943331445,1.5519588366532566,-1.7890540378971398,-2.3290457540229745,2.776180878685473,-2.796845930302275,-1.618811929266667,-0.9516372629222289,-3.0828175563993545,-2.9512411986106355,-2.240694894638614,0.10261458609294767,-0.5028078978866879,-1.494300083280569,-2.3067771673984674,2.349150214245746,-1.6465246840744994,-2.967642084150052,0.036540028435248104,-2.7990493832687102,-0.10935285969757533,1.4561147486902615,2.4193490424561617,1.9844208034939266,2.617583556850782,-1.1357919582601756,-0.035137905541690204,0.6933051814055234,2.0384689205603217,1.0819381419301282,1.3094107698606716,1.3731862522540048,3.0422290412297044,-1.7670693092535779,0.8753693998596804,-0.532548750145127,2.0580575863166435,1.255238822629943,1.0675454472242836,0.6448740613772109,0.8331429991932914,0.058603355398047986,2.0731742818589485,-0.49609671078146106,-0.7124642999004468,-1.0162762489029857,-0.96776287526084
3,,,2.6187220039831525,1.5951591131213099,3.0071040985091217,0.533294402469918,-0.28890181773091106,0.7773020420923774,1.5714504029427465,-1.0900274850153984,-1.820981109260694,3.5490658348057753,-2.4147960236396537,-1.5741396271581243,-1.5461753937836291,-3.007551911255085,-3.2613757511414168,-2.650682054539203,0.8386061576730703,-0.2330157687309082,-1.7965860714381785,-1.9623212079030687,1.2247024398616209,-2.078477739755255,-3.0771715455328454,0.029797362355924638,-3.0782170239343984,0.21155780438719113,-0.24021575102128895,0.47431775942981924,-0.2706181422969492,1.571140199757174,-0.5058124233168522,-0.023239371184470347,-1.1152681635378483,-0.20531449509317384,-1.1236771531192242,-0.43990713437187595,-0.8953912906240998,0.48044294104625057,-1.4944188251690032,0.7066855547133173,-1.5196320712263964,2.049866521750835,-1.0037564861300683,1.6112385465649566,1.5880994297237996,2.2431741336281,2.1519010145261372,3.7953885121365514,1.9211133262792301,1.0655816249353791,2.1020021422353095,0.9999584689809504
5,,,2.600877662485153,1.5209895119106207,3.351726896431275,0.49560173412889524,0.18916060063573562,0.9557226746174954,2.315475234687955,-0.5806165255016537,-0.799898811117045,3.745725904780143,-1.8221039218589759,-1.0576888357813565,-0.5758254596428686,-2.3622883063187534,-2.012770450585111,-2.062007642030651,0.9843574966078547,-0.017956131773968473,-1.0737238489073997,-8.809594168859967,1.6868334138190755,-1.5385856305789745,-8.809594168859967,1.3565268426767838,-8.809594168859967,0.5070862388875429,0.248061115450568,1.1220434270925077,0.4014459582304898,2.151353762296762,0.38217481753078103,0.6485433418690825,-0.6332025722261713,0.36283663004299627,-0.6804191719481727,0.524820518218143,-0.4896331469734377,1.0554643570563798,-0.7201116944992131,1.1346033719239483,-1.0110711152347602,2.555805291254641,-0.5634226090024028,1.8340672696638614,1.7149804936996853,2.5202494503698984,1.6324022655420904,3.8658193863658443,0.9258296986289065,0.4979636538315756,0.6925945844374133,0.4489647753866908
6,,,2.343004439825785,1.3135805194467047,3.601033906027302,0.597729553428174,0.04176660415411735,0.4542260817188855,1.8138619000025935,-0.5367219219657584,-1.5952954084820046,3.0504663748736407,-2.1262188818651264,-1.2981469686196538,-1.1048800088280766,-3.042788514870639,-2.928265086291293,-3.1658154010330333,0.9410685104418026,-0.57086678169025,-1.6015464569668443,-1.3934327822491013,1.282848546436023,-1.9014035552939044,-3.383453629751888,0.19109271321963556,-2.356639263498338,0.042021803849262865,-0.27474287226025806,0.6660097847974963,-0.15738802711626543,2.030797569176198,0.7950578538857188,0.5445199180858964,-0.3683994288100264,-0.05545965211302736,-1.0238953252519722,0.05834611447005219,-0.9520787600041949,0.5151066089262583,-1.0507387953058127,0.7396562224262263,-1.2613095100168346,2.2561980837585907,-1.480760965830958,1.3468796991902094,1.0538314668476931,1.7068261026739482,1.2253765170676907,3.1861790318718013,0.7302449137085546,-0.06443085627874814,1.0479698944268185,0.11897811965692186
7,1_IRG,1.0,2.182807421700767,1.4372919704340092,2.560389318733548,0.14926764717662688,-0.5290604738487662,0.7457086865288229,1.476104120969387,-1.4620635648966667,-1.9249857280296183,3.300584609175254,-1.296520448061214,-1.8141563230776925,-1.431732961281758,-3.071501477330767,-3.163601923827868,-2.5189202848083068,0.631240832691565,-0.037427439847520685,-1.6860534979795576,-0.5103338287512176,1.6048002954095706,-1.933625090620326,-2.3369233506434,0.6142852126512299,-9.453317494736865,0.6790968538692,0.45047001280826077,1.3900601219237423,0.680130322440395,2.241212603432334,-0.20375640960740118,1.0050029975582506,-0.45629411325715663,0.3889327483280735,-0.57356669622374,0.3926998306447127,-0.8089631577039488,0.8499859055087285,-0.9009502283129736,1.6283788007385152,-1.279742008102712,2.8206334013210514,-1.3959400061788736,1.3328005881807827,0.9525501179817236,2.078184355806299,1.4629702500532251,3.679336749591048,0.9777052951282008,0.27504256158554874,0.7065549428932746,0.09520793186420527
8,1_IRG,1.0,2.366021290781857,1.2318799065630852,4.094768365765553,1.556975089512031,1.3446892062130296,0.4902035398990123,4.612376850882439,-0.04295496903031735,-1.219971142258316,3.056312289523342,-1.8549864563433471,-0.726576804870293,-0.13429803596140366,-2.281706095912245,-2.6277825972787547,-1.7629467846611817,1.1639388505556343,0.13024307359137388,-1.138023067225233,-9.512269249321538,2.1103264311945242,-1.7307132900861972,-2.719924821850728,0.8206603207042034,-9.512269249321538,0.4980527321284174,0.23462297099151647,1.179380165378113,0.500252064238713,2.241671118781864,-0.16547675420985458,0.9768637885380446,-0.377083550946115,0.32491823145735876,-0.49709254215260706,-0.07990595369984788,-0.6682213503790468,0.9836331305203936,-1.2593020543207394,1.8595073118871088,-0.6222718920366965,2.5598490570119634,-0.9805816117548474,1.5112984984979414,1.1031381690978195,1.426624515978908,0.6623516985274636,2.4978675845821736,-0.0905340730656929,-0.30583650217637165,-0.8074353396337453,-0.42026206430721924
9,,,2.487582555620823,1.064136677184715,3.5363892515696764,0.17782162455670628,0.027381473320718913,0.4623505830170787,2.0711442852677235,-0.783070525680241,-1.5215500003175608,3.6995867602443386,-2.1108686801185232,-1.2662413583286185,-1.4189397738209324,-2.4496162305768716,-2.8007743667542977,-2.670484468053946,1.0383299018427392,0.10688683349048089,-1.4365667930372503,-2.2997049179336715,1.7620050381768713,-1.4407110177832767,-9.227262824211989,0.40343126836610943,-2.537663555033022,0.3980968686771704,0.29628115744605316,1.0377379489031213,0.1932574326865454,2.125998456125496,-0.2814089670843979,0.31288476526662246,-0.6357045508404441,0.0200842733932901,-0.8990533324632559,-0.194614740646098,-0.7384691073174489,0.6976926349393806,-0.7598903277797069,1.1861699646628232,-0.9753381104106317,2.4852017871692595,-1.070465777536337,1.6573851764846974,1.3740608983702167,2.1656170474475975,1.1174108430067167,3.6342058084516395,0.6064458337162232,0.007282236461011841,1.2995930142761685,0.06594702558648909
13,3_IRG,1.0,1.9504265900868745,1.0440148854944304,3.6674135697030885,1.648934883443856,1.22996672294892,0.2160966992625828,5.016651272573348,-0.5556340478287873,-0.34239599567120127,3.7899945714763685,-1.694265126393645,0.1349550589675186,0.010950736458604638,-2.5204291639351686,-2.5093211865235316,-2.326999629729577,2.4698194405053533,0.5256597514925623,-1.225484581403506,-1.3833727791939006,1.9714452580147082,-0.5730923015330684,-2.5636791477289855,-0.1702023501970301,-2.8726628218204535,0.4284555019087279,-0.16082937374446243,0.7024831828062627,-0.029466033780054166,1.9048644456382695,-0.5775470262774965,0.83747730819292,-1.062675838833133,-0.525916833040638,-1.4648622554795991,-0.7930122718840307,-1.2293568030860156,0.26877559428597425,-1.5623433661547736,1.488602113754747,-1.434636299418475,1.6782612900405238,-2.4113717863960162,0.6922901825131214,0.33260918358295,0.7968837942945804,-0.1808530383507515,1.9296845823547735,-0.8146661414528417,-1.1114660030025652,-1.2222691445495317,-1.4179052723918282
14,3_IRG,1.0,2.292079254431502,0.8786633784930648,4.529880210516386,0.9262687647896809,0.6270449575798985,0.16763794933703186,2.5505648505687257,0.0623876568813011,-1.6884484232095842,3.0833813883253876,-1.7139507160205205,-1.0090431366597439,-0.909286624072744,-2.573185540333326,-2.9238014081741426,-2.5752378755842376,0.9344583892850337,-0.2774408062558551,-1.3315407513815953,-2.733505905541044,1.6381862240128373,-1.7976721303298782,-3.2959837877703593,0.1468209188189433,-3.104377763827067,0.2569174752351308,0.07251293757323232,1.1355995498112679,0.5475138790386169,1.856660589129817,-0.8813341963599413,0.8478211687027298,-0.40163075997843734,0.4192609719731102,-0.5302825099755711,0.011053755359071523,-0.6231833139565834,1.0644950334527319,-1.855483272109619,1.1843245122396109,-1.3538520759164188,1.8291925604545458,-1.4348795202524947,1.059871779212425,0.6972347006434672,1.5731252488701182,0.6421165048521492,2.927618587487305,0.028877489437831576,-0.023532164533407035,-0.6952906970346941,-0.25862730723568766
15,3_IRG,1.0,2.2155509482776647,1.8041013301370645,4.690298786497337,0.8414001624082424,0.4602538956590071,0.5599408853947305,2.578377770274828,-0.22386231001040002,-1.7415169388518295,3.219990594663561,-1.9721240552882986,-1.4231041770677537,-0.6649269541020472,-1.821709875625025,-2.892395457758612,-2.2548995317480443,1.1000383664115938,-0.1709500936290185,-1.2990406030777994,-1.6756836276552465,1.5545702588432957,-1.6879953942935126,-2.657357118792253,-0.0913688001982975,-2.527633642763952,-0.04091524908912287,-0.20905448856815972,0.5544215083719145,-0.403579082002201,1.6475598150475461,-0.5550924322683617,-0.25486554557792984,-1.3695028304856152,-0.5192802139587287,-1.4849586600649123,-0.29967404149437377,-1.3498159442828308,-0.007260560200130178,-1.3189242990913426,0.21470489090299513,-1.8344864622040067,1.5607585209308534,-1.7542155221889568,1.0048464792502616,1.079641961560483,1.7167412103027337,1.3341263042293405,3.044358657148061,1.789920409910558,0.1179727754328083,1.6389012234360167,-0.22228284275212867
17,,,2.4021156567005653,1.3743749540657633,3.7010844188676093,0.43239619063505863,-0.09481494835575718,0.767796292094756,1.9857222878020526,-0.7029066040541458,-1.3129681260890647,3.7218721028174166,-1.4282957822891642,-1.2194474711617809,-0.8791640596624342,-2.5429960441623334,-2.5134171412162587,-2.129283466624152,0.8981450996960502,-0.0327068886900237,-1.3490108384647457,-9.41615987837485,1.587788253687004,-2.9361153164481983,-9.41615987837485,1.7016913063667245,-3.154668194053809,0.2869847027695034,0.559043501702877,1.476143697839656,0.7901323218831667,2.1437827513584335,-0.3996470033788253,0.239699301166669,0.1679485149662413,1.3467728844160771,0.4079056071837861,0.9345743162843962,0.559043501702877,2.2393149448626093,-0.8425863535225062,0.8886174108589606,-0.6926031356844213,1.990170976422737,0.2970142674377696,1.338546409291717,1.14386273622449,1.6927144783180945,0.8190385936807792,3.1403336954430965,0.3646514362937626,-0.2590093349127877,0.2251183976825269,-0.3024405450030942
18,,,3.0097903667407504,1.7973893532570644,4.082363840366039,1.1199659389409766,0.49374798707620304,1.2283336406930419,2.2033841626732844,-0.10912819145408903,-0.5978183584947687,3.8245211632255955,-1.4655820494742635,-0.4961247788308776,-0.2737301042366389,-2.3325345217966715,-2.317000228834487,-1.0789332131655751,1.133659935342136,0.30896600473389196,-1.0470448597987463,-9.26205129256032,1.6349657721907642,-1.1731825033983305,-9.26205129256032,1.3530862037667277,-9.26205129256032,0.6676399254724432,0.1637229876600185,1.0229501472614582,-0.025653386264848817,2.048586614975075,-0.0662156067870201,0.8911438424155682,-0.7988919896365693,0.11929687630954293,-0.8269362121796906,0.7330122034630165,-0.5962656970942567,0.9966601516472245,-0.8546729671512903,2.3422949802215323,-1.2523559348173998,5.255516136528835,-1.034675785726286,1.5584867031962042,1.268363506615643,1.962218292628308,0.9370120945466884,3.2796360791769366,0.0172552838805846,0.05282925868978538,-0.6047483931594385,-0.7691507937131281
19,30_BUG,1.0,1.9159668617349959,0.8013391577449099,2.4299120611915654,0.0391991056980131,-0.6572308817108578,0.42316359667587494,1.2112428438205833,-1.575134777348294,-1.8401502768389613,3.099388563941312,-1.8464834202359839,-1.2050531731294465,-0.7423800934837738,-3.1348143151129277,-2.450926459965779,-2.122794555260785,-0.4636894604627091,-0.32834004234954833,-1.4204768227286317,-1.9049132900641292,1.2201007891226372,-1.516202026402786,-3.373048112150727,0.5841755913612818,-2.998598357117736,0.17216803697692362,-0.09051134408631444,0.6223409075529632,-0.15847000829491187,1.7068901634547238,-0.6336554030803155,1.649972800598225,-1.0973314864817785,-0.10606926157995555,-1.0925372303951293,0.022610894058015887,-0.9329920285280788,0.6401512288535084,-0.879246764762194,3.519359979422678,-1.5999807759348248,7.817369432602363,-1.0073875560708707,1.7824720083909062,3.311644021641266,1.4082516603833977,0.7243133371827046,2.287228457627016,-0.2603561870955582,-0.630511734977348,-0.5980257065486491,-0.7219499478368613
20,30_BUG,1.0,2.6144530847709597,1.9629967340227308,4.749291555305964,0.9514591159942696,0.23923545425166648,0.8270376661930187,2.617280160854828,-0.4153077934431191,-1.914952380220475,3.343482258467939,-1.844914618552856,-0.6937245138048389,-0.4157694739684018,-3.6713294027662733,-3.217803097448045,-2.1856052516789424,1.01684547482907,0.3697063183920595,-1.299631684976948,-2.3229193228734646,1.7527233276286418,-0.46741524695260434,-10.581082684411083,0.38573534264851467,-3.2833144018797036,0.49291912608223243,0.048454768360697925,0.5871528711654395,-0.18809529482371712,1.6418372452954795,0.7342573208588016,-0.0641407202242585,-1.260095792347837,-0.3708459967059488,-1.40419568869412,-0.5919680459075183,-0.9900481533186569,0.3290297836803828,-0.766480991883396,0.3061299242487965,-1.8030648747129476,1.7535238871833208,-1.6519123012714585,1.1743967253931782,0.9135769717522526,2.273077012272438,1.519790543595374,4.492675203976061,1.3222551627076806,0.4260212819146117,2.1092477651923534,0.45002564582786087
21,,,2.419695600660705,1.5474930313362147,4.120721224626669,1.0102764206579502,0.5084148807333302,0.605826416685117,4.201543873548422,-0.40739390019410143,-1.2239775343815302,3.325378860664102,-1.9223717755149916,0.233835942000994,-0.06466366628776407,-2.9916083018085766,-2.5721924284440796,-1.9946266786254514,1.2367810376235788,1.1334640567717973,-1.4419014131228953,-1.3497514176590177,2.5563838637673064,-1.4511632608614278,-2.87141579719542,-0.003761442707378672,-2.7360457787789083,0.3220434837982052,0.21596506521236866,1.0360213980213917,-0.030504492237180644,2.1934416802355163,-0.8718046414501154,0.12142441616139811,-1.0908550783911601,-0.3445552908534809,-1.2213642924762529,-0.3422954028860434,-0.9887830331180305,0.42676720922899725,-2.365813303278123,0.5494805786831435,-1.5068738678754336,1.4032349539637756,-1.8603297920727784,0.7381237976968682,0.42919135151784266,1.2524069327478102,0.29572555593074284,2.1736811031172194,-0.7218683758680063,-0.29245236955113885,-0.6200643949530851,-0.7688850047990827
22,30_BUG,1.0,2.2540036474220337,1.1690001384985376,3.7079728078669976,0.6229005214951855,0.1566740449931954,0.6330584674525517,2.219955234349724,-0.6217552229317801,-1.4902142352912384,3.3774958232076435,-1.5924629779854376,-0.7131180920906915,-0.6388708926481962,-2.32842112397719,-2.812704199862995,-2.1866283249965317,0.8811810641056815,0.04025671159057023,-1.3147655577850457,-1.3933041973552525,1.443819576877539,-1.5931857824982942,-2.9903853771004476,1.377543815939592,-2.705998200545519,0.780727366066844,-0.15958291762854176,0.6782615327548507,-0.14733069735791654,2.025605918348894,0.0619731674310459,0.8820940560434729,-0.4091501047517728,-0.14087960971075716,-1.2308148716112357,0.1613129700624225,-0.8842563518352611,0.6056443181819224,-0.7466629357126203,1.6146239772414779,-1.0952410267063557,3.202882596892889,-1.5895769730963027,1.3123155807834972,0.8304068357953608,1.2894636179060652,0.11948456939584202,1.1686575984465475,-1.558019665574158,-0.6557181253140755,-0.6819693637956085,-0.9362991309871441
23,30_BUG,1.0,1.898692015647736,0.7333507020134094,2.9567090760332917,0.6715567336078296,0.3242498459929845,0.5959802838271169,3.2152746924224496,-1.0082828678888105,-0.8601251234591635,3.0900622567595595,-2.161852669658896,0.21857152141153935,0.33249643895510417,-2.3126755593934796,-2.5577483267509096,-1.83939763045207,1.3265412570334145,0.895746289626463,-0.9923120617544441,-1.9006725379526215,2.67693322221119,-0.7031183934859804,-2.2352508346137636,0.7942854877022419,-2.269780580821968,0.894661076154954,0.6124013318999466,1.2682975718405938,0.27360334148416104,2.730680307046757,-0.0970042713076111,0.5268317318009639,-0.839891722507362,-0.03995969248831645,-1.1124665376270197,-0.11886899464341336,-0.7399808116171003,0.404732430114291,-2.126832086213221,0.695560210289558,-1.7487246888051624,1.6484669423442135,-1.8782172353527422,0.7016806565043511,0.6436344303056244,0.8785465049719252,0.33162822709923884,1.1717976812315811,-1.4194270436698173,-0.4401855772512092,-1.3266051457918608,-1.7835918728255518
24,30_BUG,1.0,1.5224104416159348,0.6766459794715504,2.9459231201457454,2.211743027618749,2.1044053365708413,-0.019892250671356998,3.4483503470468335,1.1777634877664553,-0.21575512272626904,3.1997227594029165,-1.3964681727966581,0.5359697492714168,0.658680146056436,-2.434950661161088,-2.612895843355244,-1.6841071185637961,0.7292095841498724,0.7984103877323034,-1.1497213112622224,-2.1098735120017342,1.8501270247592523,-1.8881569091102928,-3.2167053882434855,-0.21766389970060854,-3.512943662626462,0.09104110642193902,-0.10867188537789589,0.7446553265402494,-0.539037544598774,1.875843558211371,-0.9602144164997006,0.4597368193257592,1.4482772123433985,-0.06096332085677835,-1.1051376985257255,-0.009203910853911155,-1.1331787514590486,0.46449690818628353,-1.808683923183795,0.7524103561666077,-1.4748949013201742,1.5806681458377891,-1.895801881575071,0.6063641871724919,0.2373562044949399,0.9351894764680514,-0.0022161672746419648,2.450944889613638,-1.033782091476839,-0.7337308487204196,-1.2620476684977247,-0.9196467199511167
25,30_BUG,1.0,2.0456072875877,0.917205046733321,2.981717356898918,-0.5879880245047578,-0.345865835680688,0.2586428488865745,1.6484761975545559,-1.0578176320289794,-2.123566619788904,3.3591549973105423,-2.237453873998143,-1.4888536806376569,-1.069144511003571,-3.255042209365199,-2.9526623030777253,-2.3424027823235476,0.9128230498756964,-0.13451534528795614,-1.1977694177839204,-1.548225436206997,1.5602301376623444,-2.178695715776071,-3.2688038944378803,0.9354060329012369,-3.2425915674864108,0.4637111442999126,-0.041007239728271166,0.8422781788538496,0.03321517378010346,1.7340335619222178,-0.41694999180495596,2.429613946831857,-0.5054231401027105,-0.028315732690328766,-1.0237304905568299,-0.06768291048577053,-0.6877301292993716,0.7507988713089296,-0.8907343438905977,0.5970905286880599,-1.418368900853355,1.815529632101075,-1.1060384822063762,1.306014218632573,1.0933970179849135,2.079836607824222,1.3401236579798361,3.428063544346286,1.0300042869792088,0.5797946726500954,0.6772522937250629,0.3973599176878616
26,30_BUG,1.0,2.269402767567907,1.1925461234858576,3.4722145218969573,0.34571782965515024,-0.44815237403537306,0.3905740638903936,1.6486161333932505,-1.1741764987129868,-1.804358390289812,3.35081058036951,-1.7595690028720947,-0.8822201506433254,-0.07325986730819113,-3.059660639629056,-2.6927490590606324,-1.561657767203402,0.8783726480944997,-0.20687948189923877,-1.367019109623793,-10.554090854660622,1.3346649132880806,-2.6206524670331324,-3.4590264773734907,0.6194240610728524,-3.696576792115231,0.19635878761233977,-0.2227897903525672,0.5706542564316275,-0.09447931773121593,1.5361050620551422,-0.4081278225107917,0.14003349971270915,-1.1590983105522017,0.04889864407345965,-0.8883530058280653,-0.05077827879592094,-0.6296738589434634,1.1657268210377665,-1.1629300520167511,2.3909289551763626,-0.7159421434328338,3.061372369067071,-0.4588678619699638,3.3933764818738945,2.9917294693323218,2.6928837487136685,1.7229946208659699,3.3854065664764796,1.0446452667227177,0.16637525262603875,1.0756304922233542,0.06562543787877324
27,30_BUG,1.0,2.316817237376696,0.8476517244081775,3.9730676760899875,1.0204576428974685,0.16941916905376384,0.4461849734512081,2.1557150475109927,-0.22493959661414742,-1.3933964730288557,3.3701938589701856,-1.486351300021335,-0.34028222749994597,-0.5496104687531916,-2.730316557813174,-2.776628044618201,-2.1109966476507216,1.1233966627431446,1.1010662378716476,-1.252368328092069,-2.2096128758063402,1.4888475932927323,-2.2580345042507344,-9.952882576635345,0.7023276213649577,-3.515130926898943,0.7633335740584916,0.051806856409750704,0.9226898580971346,-0.7416426094163258,1.6930954163220353,0.31805664181073173,0.3281506040108139,-0.9773788545644175,-0.014076143974861966,-1.0078106822740427,0.47317140586979384,-0.9077706840269391,0.799964994292149,-1.457321685346221,1.171626619326278,-1.326655624194985,2.1190356250713553,-1.5158154296983921,1.3894206271127738,0.9612963831964227,1.8593249203529063,1.4632125536804326,3.285423922599329,0.874625753836849,0.34679385922855127,0.8764697302092116,0.33637745066321184
28,,,2.1758161926363297,0.9839980998234702,3.6883364279122346,0.7482532236082857,0.056995791083507254,0.5386726045855491,1.9739914241708774,-0.6570056221201036,-1.608721596065116,2.977877761790138,-1.8315232085830377,-0.6173462340828602,-0.5959523583156616,-3.3112832977086057,-3.158420448065776,-2.0546667598972475,1.111313047412328,0.39880361404740244,-1.3866182572670285,-2.257191024008722,1.124774995725546,-1.5448673034865692,-3.042930991396492,1.1622584458010494,-2.3389358597527887,1.1796617051422669,-0.18201024718974068,0.7179219623425337,-0.3818929722913365,2.260750835526695,0.27818222236284595,1.392807795173201,-0.3945682318070624,0.016998901336965088,-0.9384048778850271,-0.23011746784620188,-0.5833127114203013,0.8980821751428931,-1.1682186312160783,1.8423814327408123,-0.6228435501769365,2.2091380409393313,-1.1987976789865133,1.2720894799370652,0.7628636643308985,1.345604266904777,0.27702063749877964,2.470256993963186,-1.1617233920200838,-0.7094837870197883,-1.180088732498023,-0.7079265008318761
30,1_IRG,2.0,2.2053704166429426,1.012931488461615,4.3767897725449805,0.7347888266917298,0.4588070264281716,0.4496514390423706,2.708450165854649,-0.10118857540301038,-1.5134289585154845,3.588163125477379,-2.2913701334929693,-1.3712094760600069,-1.0949303214745782,-2.614054188193983,-2.8829162013189937,-1.888618731256401,0.8858755738720362,-0.16206690329794143,-1.119811987851315,-1.4481007463931943,1.3771342968917977,-1.7092278862105272,-2.642077037627288,0.4452041122329248,-1.9605423144914333,0.20111663669762733,-0.06504088944096292,0.5611530498345204,-0.2973209492339103,1.7350642372597624,-0.029046945911295204,0.11512977773372526,-0.9785345109602629,-0.3061293184952427,-1.2386129833134827,-0.3971624527933417,-1.046410245085316,0.47238512927011383,-0.7108645779072761,0.8137576561145516,-1.4893040479038377,2.0387458542284103,-1.462466083548109,1.2780128103002804,1.036334855978539,1.6163032132375705,0.863192285610239,2.3985997923715945,-0.3966921522626396,0.17724865555796637,-0.22190628389114783,-0.11117529600155232
32,1_IRG,2.0,1.9621556913986395,1.1608796436148063,3.4574102930420256,0.7344718137465852,0.24689324594982026,0.14947333571652568,1.9834758722694585,-0.3585718535533744,-1.4688791611864214,3.199887569629786,-1.7048115426692145,-0.3744896288591812,0.12184375980918892,-2.243474654500664,-2.2998938458345872,-1.1577064032285171,1.0047491320758721,0.016143287626738466,-0.7936690854630604,-2.1696932662819153,1.5686459286140289,-2.1607103789297946,-3.3811248158955274,0.39419395618863795,-2.958575345276482,0.3575204743001384,0.04170265555261804,0.7304209244441525,-0.4598433677231512,1.8806690879122354,-0.3085635492710957,-0.04124674173248542,-1.0191951482648336,-0.21224844223941763,-1.2363512845351017,-0.03501187567419145,-1.2002744063108732,0.5574238239505337,-1.7954975521551455,0.7108104291391534,-1.472308791246455,1.9534350915055478,-2.1383427363978393,1.3933894400881457,0.9982020993818367,1.8135536656256326,0.8743235335685715,3.2731609258376224,0.31552296049371975,0.10441152972348999,0.30306451236799525,-0.3173508063441946
33,1_IRG,2.0,1.5995931723987251,0.867125393365071,2.8408170436222995,-0.08042254895676047,-0.7345512715089791,-0.06916105545091682,1.0950967877201965,-1.3869192475334855,-2.3816939796761987,2.9363369061393256,-2.1981529361770047,-1.7559000158245572,-1.913680463702394,-3.588447723728884,-3.9603066824381123,-2.7553551650416375,0.13869856452745122,-0.735816293815566,-2.0390017219227587,-2.5329455587145024,1.417733220017992,-1.6972948739232405,-3.4368318995048135,0.08997641973036893,-3.491221467461739,-0.17200844244038443,0.7323990189608584,1.7607151576435025,1.2481489150167864,1.856349020320175,-0.5931796929399883,0.3448164369847752,1.4837416847841896,2.028117752492181,1.12086197963737,1.2086252575559318,1.0616232159281924,2.960112258869396,-1.6504044836269995,0.5330768355772498,-0.37763809863111064,1.5085381571188434,1.0173214389549887,0.8216516232249698,0.2727704311836819,1.609349713273065,0.7907267461213148,3.1495107792081063,0.22516663571649434,-0.17494937622503873,1.14118543461114,-0.13430300145956744
34,1_IRG,2.0,2.9204055205130546,0.24322403928902595,4.674549361124203,2.1907497076968347,2.0516903187699413,0.5662726990699793,3.7179932919325207,0.10554800552213817,0.3216012941023404,2.598815982886621,-2.1256306991255305,0.4159723488470632,0.46588117146583957,-1.099969823126189,-1.2056772043237338,-0.8127080070369705,2.9747810695583756,-0.1510178442506143,0.29932489999077994,-1.7253125131141784,1.5175504313009802,-1.487823814482659,-2.100503749048109,-0.5091199607832463,-1.7515903355378821,-0.0029113620716124562,-0.34848578504189504,0.7176235273800161,-0.06761020899151615,1.6522171127656347,-1.3266008411462513,0.3652178181292463,-0.9733953469338955,-0.009425204855610657,-0.9548254506662607,-0.896073951079488,-1.0892709581173898,0.5779454217649862,-2.799019894249976,1.2269787210378942,-1.9555935641923554,1.0218559974740216,-1.6250624039142436,0.509343231573533,-0.18073504984617905,0.42323257626944993,-0.17637807754193985,0.8741645561477142,-1.9264220456651053,-1.304794793916714,-1.6098355236123258,-2.2171446919403204
35,1_IRG,2.0,2.446691260744432,1.4627039767199095,2.595207195835659,0.10604968638928146,-0.473530211813179,0.7953183189316733,1.203087575524688,-1.3785713839923164,-2.130268345255558,3.571470686499623,-1.542481680353439,-1.4528773991220112,-1.0702748004229858,-3.106641042240711,-2.874839428183387,-2.440197718128194,0.8632530493812031,-0.13207992091892662,-1.711819243418712,-1.4130945124749426,1.4425232856411783,-1.9058353031114763,-2.9887116258477713,0.6271941432086627,-2.4944153040329913,0.32772859580126645,0.09087521269961234,0.9718338598828533,0.2897137149456561,1.7542431899961606,-0.0991859192207129,0.19658561868384933,-0.5803328557545426,0.3658244715122747,-0.6074538859655961,0.16928486092580816,-0.4772291774761578,1.1724376231807279,-0.8593096448503131,1.0153802037084751,-1.0625673031599119,1.953549541398613,-0.23339653011905792,1.7290969771565676,1.1198560528855408,1.873702550454641,0.9347445995581237,2.8934652404133563,0.027993550150589682,-0.055614923285265475,-0.4966100009276687,-0.41247688215456807
36,1_IRG,2.0,2.2668026327323556,0.959697617047368,3.3708595747958623,0.640477279757184,-0.14556976689376927,0.45697953712866785,1.7588985228531633,-0.5378061219639874,-1.7031833779109633,3.308560811220327,-1.8297403832905408,-1.0730389147695525,-0.5851876415382951,-2.9510950207474433,-2.513933495072325,-2.016651359711844,1.1288426197246983,-0.15379838475210664,-1.206433296693325,-1.5790166627400908,1.19144204844246,-2.05023005941235,-3.726587851483088,0.890930844969753,-9.631949699537659,0.4233572460586487,0.04739380135067632,0.7922940054413686,0.007702507020968814,2.112841170558649,0.25738821739402756,0.3321624748149044,-0.7879018005951679,0.12454482925780958,-0.8599592630054167,0.01787065913396625,-0.6691736534173676,0.9046165070922955,-1.1189653528954757,0.8546748359752382,-1.2369241420956287,2.3024979328554007,-0.8204464493794191,1.6094294748901927,1.4432921712574827,1.932799419154742,1.7662156561268854,3.21081352520803,1.0459423878653487,0.4495585074907186,0.9819108142234833,0.6067950660631376
37,1_IRG,2.0,1.845020728637554,1.1542250533344738,2.041533130349305,-0.057719240423724484,-0.8652531114026123,0.30179049930605273,1.2129057170067237,-1.7412222240484134,-2.110850716987537,3.105390331245701,-1.8362921924655635,-1.252623786068143,-0.6741326267522803,-2.7290831484238205,-2.7635410283475084,-2.0583630036513196,0.3771656803797601,0.09526750837455028,-1.4925807008002328,-1.4350190375450598,1.7312849958453216,-2.447062231406778,-3.2107676372823115,1.101222360557911,-2.2118266343275392,0.86597292328037,0.3029966078074814,1.2030112653799354,0.4673821353662585,2.0685984366092893,0.5883527017404656,0.829554427550925,-0.7610688750840481,0.2504705681123765,-0.6840994866676724,0.026886382072095802,-0.6711412376527581,0.8013251501204207,-1.0740860924017344,1.3222528907809576,-1.420968312425731,1.9697536386938395,-1.3311630800965353,1.6302689971681632,1.0487446496334918,1.8529669781862883,1.056535083330771,3.0385924778735283,0.3864730874308622,-0.10383034172047192,0.4020185452886299,-0.14526820548170313
38,1_IRG,2.0,2.077707276453742,1.9083198529729455,2.5804177723255552,0.831576465119593,0.03715551029152222,0.4862110544745482,1.8649268977848175,-0.820422192596191,-1.5977596305454187,3.768666051440799,-1.9171364329721345,-1.2896932906426821,-0.5429014923994594,-2.7214853466405104,-2.5653902757670637,-1.5954004433703939,1.1763226613261806,0.2183059156715077,-1.015004795114664,-9.72545948336319,1.4499351849087492,-2.0611128512645736,-2.8742745558694476,0.2594237073769316,-2.7775224147482214,0.23388841866955956,-0.1404569124338884,0.6882735246738626,-0.5359342511009277,1.8942914237359318,-0.08106654642693077,0.30382336521724546,-0.8201508221739016,-0.13353694374217523,-1.2042742706774154,0.3347326279305768,-1.0234478549544113,0.5845259770930519,-1.0617446392841858,1.1590760482623712,-1.2771877374133747,2.4042233578440353,-1.2722716219228654,1.6026773841692923,1.4973810245389467,2.506865533311049,1.787375977556795,4.072103984730067,1.1268827919203552,0.609128434872933,1.1263599565918878,0.46305662415915505
39,3_IRG,2.0,2.1996125585097204,1.3989750823656046,3.3949174369312103,0.2081701701685039,-0.36338463749175104,1.9651822932978273,2.0176054000385704,-1.1059633068699752,-1.7247838356628276,3.1619468245952347,-1.969622081671731,-1.0922790428531395,-0.25045412890499863,-2.6285046682575803,-2.4953242143978454,-1.6830299275839757,0.5765213026659671,-0.2397096889724238,-1.0009855956420428,-2.0434507788215432,1.1876255315324167,-2.651934920065966,-3.349401761770428,0.4636535897913012,-1.628647081445579,0.08922948579863946,-0.1491102590145933,0.7994656025954322,-0.01544656889691513,1.6894979327903712,-0.005159096845107876,0.04552298171329847,-1.0919770648952354,-0.03309286445018308,-1.045951242499953,0.15377379851467649,-0.940807013206115,0.5665672717917232,-1.52802278334496,0.7271568972185275,-1.455099596024414,1.913632295809915,-1.5670660665242502,1.3317268785961922,0.9389403551212733,1.9277332382000119,1.1633587956492617,3.4296227866167923,0.5625057968785553,0.17653426056827182,-0.07016278717513648,0.039892445529356856
41,3_IRG,2.0,2.9834532182782936,1.5201621256818616,3.720496156360215,0.9657228942025484,0.29504217826853685,1.0130465714411718,2.0339514151230595,-0.2899923716667074,-1.3048798493170342,4.164065310006987,-1.8923880014753949,-0.8969417878620387,-0.7137972704208762,-2.8124452161450266,-3.568315655178328,-1.7758124149974286,1.1731555220527965,-0.02296639510451648,-1.3626938934050215,-2.0378050013338984,1.3617485178490967,-8.979961707033368,-8.979961707033368,1.098193183359855,-8.979961707033368,0.8533179504592635,0.0017199329404949152,1.3379837304459694,0.07360788899286556,2.291834427857174,0.1693539631050401,0.361933104683116,-0.5031739302521695,0.5959935284510183,-0.7750165420141614,0.7206137510927965,0.0788578573015725,1.6739508772141787,-0.8635446342391634,0.881400919202089,-1.1182346292093874,2.219704014679542,-0.8689338688396884,1.5486618154461613,1.3030233619133427,2.549299598552683,1.6391681038900763,4.1033614209331235,1.3953403341524584,0.7590049133343121,2.0344618838597017,0.8251961114295511
42,3_IRG,2.0,2.3583406996457734,1.294966590890332,3.33044242216677,0.41966528760965705,-0.18175482605086543,0.6452368281974282,1.5154385704812547,-0.8031797214732921,-1.4326560228842269,3.3554918546476893,-1.3951607939107464,-0.8305060312304555,-0.013761205167584065,-2.2601582313973507,-1.9841406045387446,-0.5185448256235924,0.9914759137815127,0.288775639402993,-0.30771256578883277,-1.4607964078626907,1.077402999646244,-0.6580714914943022,-2.997224645892132,1.298685387613131,-2.86906479706952,0.5438825524522909,-0.412303376975161,0.3228807249359618,-0.3916668174898063,1.8212531213644936,0.585783958283956,0.2532289443150936,-1.0377049049889426,-0.4190197337160612,-1.2220993593985312,-0.6152249859487205,-0.9824576890278781,0.44668681671630106,-1.0587766720737828,0.31636749045323787,-1.6328525037553927,1.4523891107609284,-1.5869845911758873,1.0446981659264871,0.7600760878097983,1.8531380932764814,0.6369453739741919,2.8754736017017137,-0.3209670325907826,-0.39483734932214176,-0.6789470010584527,-1.022152048147827
43,3_IRG,2.0,2.267680274727421,1.2152171584350446,3.195571109906608,0.6333787523717921,0.24707473149609327,0.6044786663547232,2.3197002053760243,-0.6972634129332181,-0.9400429387642866,3.2573773070777285,-2.484035340650234,-0.8610903870910083,-0.9076415675096978,-2.9096016280794856,-3.182170062721218,-2.2421628042297472,1.2511831991180038,0.0175908982873005,-1.6524971187559805,-1.8263349090860361,1.117199338271654,-1.6424395627119381,-2.922373193758973,0.39796352225708204,-2.8870159754307365,0.6070824905394976,-0.24663021272811841,0.9591375987779006,0.17216862162125232,2.7214554922909384,0.4382520907478106,1.0239146221227478,-0.7212999907614592,-0.09804542173955526,-1.090100260891909,-0.7188843590361818,-0.8643680039223122,0.50795861079315,-2.1048949114412396,1.2025404670818207,-1.037799451177894,1.955773131515688,-1.60216096097793,1.1358956617435545,0.936812910080346,1.7845597841932368,0.7656382745097171,3.0540005513932105,0.1297709997106572,0.010019496884476706,-0.014727892967867128,-0.27581560031844393
44,3_IRG,2.0,1.8881964787838628,0.42034107520724734,4.263872009431774,0.5432207257044078,-0.09545554199042619,0.13070614957521232,4.625642400462118,-0.930900409157601,-1.435511083675292,3.594294455655719,-1.5569222665395133,0.18271360757845045,0.675329996584578,-2.1615075197729836,-2.2828089440624955,-0.9959413887631958,1.2999874823323583,0.8784201399899398,-0.6754532812094752,-9.844450689651275,2.1790683721687807,-0.3984849888588271,-2.9900961873962535,1.015086624532356,-2.6160622380776712,0.906234718271723,0.2791357840128372,1.14840657018603,0.40923588322124754,2.296010859738355,-0.17510444263889846,0.13854096399745172,-0.8195968778122038,-0.008920830298374377,-1.0579940113072752,-0.405143753058094,-0.8582543693228858,0.6747899085370999,-1.4473932994750187,0.4758704377301774,-1.5917440130836302,1.6142192029783948,-1.6677779177028202,0.9291579939121574,0.5664566935160105,1.5622916992288112,0.656801361012221,2.85848657678826,-0.30920471742534505,-0.5388910510941587,-0.3786157494765567,-0.9702825992873075
46,3_IRG,2.0,2.7640023735958996,1.3474573098994787,3.3254413403551566,0.8291802352227955,-0.18419733394224885,1.0015761002914552,1.5236799342739284,-0.8283713534718768,-1.1559472954625933,3.560151775770659,-1.4427707603210322,-0.800045729175401,-0.06866671675851067,-2.354427656966926,-2.163350572070593,-0.7652950106935713,1.0810497641993417,-9.950317574685464,-0.5009603022387816,-1.6769809761809782,1.206618425637125,-0.22505996104003728,-3.1205238371730393,1.1094692443478658,-2.764173270163139,0.5200167022944346,-0.45367107643743176,0.2853114215399846,-0.5939739085894384,1.679225803004509,-0.21507117473528647,0.10782053271957312,-0.7533664398282977,-0.3197548536262102,-1.3040278099348168,-0.31850752045940156,-0.9617466984703475,0.6650653083723016,-0.9571386823459438,0.578653759925513,-1.281949555472109,1.8163194431653917,-1.4174479038842192,1.3661062699169757,1.4182639666478898,2.1172053933794337,1.970523327217078,3.592256327518668,1.041580404034177,0.45115349360335666,0.9563537463791741,0.26326157081552976
48,,,2.508988187979555,0.9571272296323374,3.6299973698951304,0.5758778595054181,0.017461370237248277,0.6696100988328212,3.25122658741659,-0.6624759940793942,-1.4594053222791976,3.770718556086657,-1.0195304150140974,-0.9307159462567867,-0.667801821204372,-2.592576762407559,-2.2542609240965525,-0.8407127944103342,1.2356433350700384,0.3175718257441736,-0.7569429113448756,-1.7396053454382627,2.215310170063108,-1.8881905018079321,-9.426685501221398,0.10877722618041118,-9.426685501221398,0.6796612593262332,0.4671556742629252,1.4157345136697101,0.7224113473446038,2.479004763278763,-0.4924939658833225,0.9721688000181756,-0.3000528783186999,0.24152265765599784,-0.6592006265719382,-0.593660193937033,-0.5557416373836743,1.050377096733831,-1.5726924139971532,1.9935104511565542,-0.646512849993751,2.8039187683314273,-1.0982344344020374,1.6054422878218075,1.2755697137383597,1.6960673274589602,1.0739062836611448,2.581277610714208,0.20604264605885744,0.16346023208237193,-0.4438732788772486,-0.6574892298103971
49,,,2.2693490671071768,0.875624376552427,3.7689074352329994,0.32905639056078734,0.3571221839154325,-0.002234844929692063,1.8919220032357495,-0.30990460420566224,-1.2511501749729894,3.1196182062373974,-1.596939878232051,-0.7516790933099246,0.1897418269914864,-1.8091431763963315,-1.6522565167501984,-0.5818055462357984,0.9648144714507915,-0.43238533743538454,-0.3145474227597851,-2.056551349710172,1.0485634156890333,-1.7624986355137837,-2.9766085643798044,0.5802477930214942,-2.957916431367652,0.3172697111830834,-0.3223041826739855,0.7868706546845804,-0.2451858423643366,2.1003953362320416,-0.9416974047134309,-0.31727305859675836,-0.6148056840540677,0.13866620236627933,-1.102004317912081,0.053190865585283964,-0.19167497093600747,1.2120164881786049,-2.1461635083998596,0.38363578692360656,-1.574403713209638,1.5135953698057658,-1.1345625967213795,0.9544521933396155,0.7943434661632279,1.6407263243854002,0.7995154680417511,2.860865143375226,-0.11394058680673572,-0.41865020538842185,-0.6838832403020468,-0.6883392919812718
50,30_BUG,2.0,2.327703184788416,1.249407524852175,3.529826212192231,0.5335056456513741,0.051318777310273025,0.5320006560003854,1.7489851590922085,-0.4834055351681475,-1.0877052331733381,3.416812709517354,-1.6162186199220416,-0.963437589422611,-0.5901327753221944,-2.5322288075385004,-3.1510676753650695,-1.365403131404511,0.9737538893222971,-0.0016312502341507935,-1.0264386816553384,-1.3919533634986319,1.2861768341127997,-1.6184658118789463,-9.101710227952797,0.8838640955814412,-2.51691883556708,0.580631775931795,-0.1999351393448185,0.6820361229707832,-0.4762008930530999,1.97394981635947,-0.047906713796840986,0.1714171321221513,-0.3660242834377765,-0.1848017604090015,-1.2446163630503038,0.14012881108275746,-1.0446495459870313,0.6158091268691798,-1.261003776203397,0.7592872729623796,-1.3472286804824132,2.1400493516767645,-1.4453730615226132,1.6449595846368483,1.454571150794061,2.2579824691134287,1.3079923357916392,3.5615783820423133,0.5466915078345387,0.13682879838206524,0.6150862352714344,-0.057896806871927234
51,,,2.1429302357289046,1.2696486494160941,2.6439260111158833,-0.6699983504363635,-0.2351141439147669,0.05125725510022526,1.1996154902503176,-0.9750974088821465,-2.0307231367067504,3.347032590514926,-1.3912341914045439,-2.0744420300619315,-1.036744393054834,-2.9064724183183466,-2.145005993780924,-2.3415795732820803,0.9431377512295851,-0.7275588764286918,-1.3082078064823714,-2.0847513997207927,1.2200644166641483,-2.1465795582283547,-2.5864894010782447,-0.0032763976859552964,-1.1504157272487254,0.08055201816055683,-0.40874150579411966,0.4478521517976891,-0.7701764745872067,1.9934256669547283,0.1314546444157131,0.1760397239478192,-1.1391390427667634,-0.37416612763556234,-1.2743970545252734,-0.7894464405916896,-1.0867681233602398,0.3714978425822782,-0.6927369381256816,0.5976076642778662,-1.2963613318433418,1.9026276091509295,-1.3820277187176389,1.506815501080176,1.339735457417394,2.510144124512188,1.8103415326118284,4.179165567980289,1.7449835961053417,1.0168667880845346,1.4726670558829293,0.928262219680992
53,,,2.075572657644099,1.007297469798504,3.082429542836219,1.0601385084757327,0.7979561997852193,0.2752975049030494,2.648626047796587,-0.23700995903490688,-1.1995217135716647,3.3994127473354414,-2.343522668053802,-0.2641588657139983,-0.1474734633422672,-2.678751896435418,-2.5484867015975166,-2.3591920579117014,1.5209183982308843,0.42349240344647854,-1.1969497465786356,-2.462939500315877,1.4364603693364915,-1.5821706544541898,-3.1373426402591944,0.7554877306064264,-9.726269117792715,0.5092522647656957,-0.3784302326308975,0.5739118504644548,-0.5448427559811733,1.8245781401760712,-0.3103790629033692,-0.07451751093489759,-0.24277672514907575,-0.4402648418955415,-1.513429533116229,-0.9525749714082701,-1.2782116652113384,0.3387844103248044,-1.7404444513737964,0.5208081391334911,-1.750704459297512,1.853417396668183,-1.5711942299812747,1.6076851715831801,1.5065720054004947,2.606317228865301,2.281212335276087,4.310279576654617,1.1752918980329112,1.3249700329718161,0.8889174606978868,0.8764719337351203
54,30_BUG,2.0,2.713394867273143,1.6249177454492139,3.775440268060017,0.4654112710586571,0.3956279645327488,0.9596207494458794,2.0188929098256225,-0.4486076713212927,-1.339564478786103,3.8656915915271775,-8.71168250712389,-0.7981614898399951,-0.44038985414447845,-2.103681881827803,-2.0982982887443304,-1.7086170483374281,1.625403992764174,-0.02542187459211381,-1.0562918622977377,-2.0549559829454984,1.5208209813569962,-1.2674338576271844,-2.833946725344251,1.2363481081629097,-8.71168250712389,0.6755480316490405,-0.04331448791053452,0.735309766191295,-0.2960791714692857,2.1597769964214084,0.46716719776092197,0.4645838845185414,0.6787268865929537,-0.08671172353422121,-1.297109625773301,-0.5748716434483537,-0.9218139480691843,0.4937458204912723,-0.45559437330898095,0.8255846886299741,-1.0520395525592074,2.108835503621393,-1.1636535371888757,1.664056147198453,1.4231945055802986,1.710866660102943,1.4266004494668953,2.9763720440587886,0.6833100369845297,0.49294155785618377,0.2092409551067954,0.09249251162973496
58,field,1.0,2.4837413231427856,1.5226470086267205,3.4870859513233388,0.4498486620741537,0.3227504085608342,0.8095380893433417,1.7579208498712044,-0.5045727701766693,-1.6831105345982742,3.3653319122090735,-1.7796711148460935,-1.6006559019535398,-0.8416642192919843,-3.355767104025856,-2.9589977028852457,-1.9254092544615393,1.1869230467486132,0.08140939550572529,-1.3410805571287705,-2.0366120457435937,1.0339409915027817,-1.8058586341152427,-3.298969505632723,0.11512996997359977,-3.039677440202202,0.3831772116895129,-0.7078208269933514,0.06190635270792329,-0.799597434216365,1.4574198105947185,-0.6202828293164232,-0.027571080932930273,-0.9066670885763448,-0.7074760984636518,-1.5532432682106427,-1.1677842342167555,-1.5732493423249199,0.09951458693555684,-1.181162973125684,0.4376039818821206,-1.6625969947651713,1.7916329859714775,-1.527350143953786,1.4383315528319311,1.5283744364167668,2.7645517218602285,2.2876125856781546,4.056021628224042,1.6373234015472153,1.2840240717499416,1.5684351582036777,1.1946520049823146
59,field,2.0,2.0436784336976435,0.9309910757314508,4.064021622740207,0.745213250410317,0.48637716199695646,0.4045442173811374,2.1029834098276394,-0.133934031686978,-1.907803936164258,3.44720598185226,-1.037470505375231,-0.7741546755109786,-0.3073900697696032,-2.427733125670742,-2.918223512796907,-1.6571464086492718,1.105184035142355,0.013662640547296682,-1.1335235352818105,-1.0110889069810085,1.2093558926086658,-0.19289913075187576,-2.6707041554845525,1.2976967874843492,-2.898930309862228,0.6822415735120697,-0.46954422521279804,0.20477054036801132,-0.5527245943922918,1.726370287836488,0.6251327105197768,0.4815117615460514,-1.1944717789404342,-0.5116587271723768,-1.4475253380944673,-1.0000602648685613,-1.2888556575148602,0.21769410303977485,-1.32978374720258,0.5059756853220766,-1.624564341032038,1.5743813328259206,-1.800318021194118,1.080870391658921,0.8255345216581845,1.4423904328930566,1.1149534636720742,2.6332815264137164,0.0022637788162870737,-0.03273378249805052,-0.4632518182381988,-0.18179201915647172
61,,,2.1054984771899843,0.9545168494994883,3.4673099094644804,-0.010331947204539931,-0.18719153892914178,0.276160046300345,1.382266474583472,-0.8239345637797025,-1.1922703507760342,3.6782689812368132,-1.4409936844898643,-0.73148425246414,-0.002472452285556127,-2.5338004416126534,-2.4049834729511166,-1.2347806153786482,1.3097670711728806,-0.10278013220450176,-0.7389103256374117,-1.527079196721866,1.1416022104593109,-1.718217934980692,-9.071940265380324,1.8466149101135696,-9.071940265380324,0.9398634306392636,-0.4398125358719864,0.5301718875720214,-0.38753915498017943,2.0124459185111396,-0.13695821616708964,0.1770437301880638,-0.8637208818834891,-0.11520265220305884,-1.1911359207054224,-0.3824758530236327,-0.705337432596587,1.0557702556895785,-0.7255353949443675,1.7159757658811765,-0.6554517780857182,3.105341882686588,-0.35180622996739563,1.8930113801884092,1.5094285340453166,2.7302984409620223,1.5018351735696673,3.8949685825541107,0.5756222463172154,0.4310697205586794,0.4465463521799942,0.06668925904185893
62,field,2.0,1.7154387168752439,0.7093476000481153,2.7892619467969264,1.443073873986778,1.3267130751561436,-0.15130843985540907,3.026408931115013,0.32550727519835926,-0.7209573717089376,2.6398347131258917,-1.7572176287690564,-0.8958545786129188,-0.15629598136644823,-2.3286995846462317,-2.2378450053858487,-0.7668934778882888,1.0622023931548237,0.10235017842898793,-0.6807372708568753,-1.831208525467514,1.497108450068742,-1.691375326482002,-2.986662504273041,0.8349720188994096,-3.0883124405343314,0.6461185469188685,-0.03384549266256968,0.8728690719554545,0.0991618977375092,2.1034365481249186,-0.26600316206916846,0.5381661237748062,-0.8146180602461502,-0.1880673171755116,-1.1462899090277379,-0.8949361362265349,-0.8843433972385772,0.5730943055346703,-1.8270029117921,0.9563259002058456,-1.3699647629312635,1.6476332865923242,-1.7890294564040707,0.9384198370225382,0.6624786306337512,1.024852529762473,0.6062913390620843,1.9909527876815878,-0.33362999664936366,-0.2384388460430416,-0.3531969879235601,-0.6992854056247187
63,field,1.0,2.5343048612376124,1.650661602161228,4.496290086346073,-0.10740919165933606,0.28905315483313815,0.8419861203400477,2.0865126751195304,-0.34151683187944265,-1.3062831536966475,4.082876036027835,-1.5262942319193926,-0.9644469555954245,-0.8031488554740525,-8.628793587694041,-8.628793587694041,-1.6533796602380897,1.4656448483340954,-0.0243223881707436,-0.962103387613956,-0.7995610501504494,1.342586230885005,-1.2454254407016585,-8.628793587694041,1.3421189411568757,-0.8790401814196045,0.8046103323961803,-0.12245913961268014,0.7480776551697719,0.011148068981249136,2.054912937233315,0.8465230191982842,0.4484724300567991,-0.8389250286393359,-0.15806327068814496,-0.9357678392761533,-0.5535220413965836,-0.8717424456620277,0.5451939548163429,-1.8000815160523573,0.785711368998548,-1.1892342785607222,2.059143303808818,-1.2306194947235765,1.6561737101997396,1.627355867290358,2.439811589199346,1.987496703060473,3.725216187768256,1.1624766617210471,0.9055125688111687,1.3364943657475332,0.9233618653138495
64,field,2.0,2.2224321912849545,0.7692419772971473,3.9470131501884445,0.39819217811725643,0.027423713162174842,0.3152280873324472,2.568973485763275,-0.7681528622467382,-1.6874592779503934,3.1497007483727213,-2.2585037617094392,-1.3288833935300515,-1.3538820246633139,-4.004034866781154,-3.7557879255681095,-3.323214498701867,0.7509932718702328,-0.2412689701904899,-2.114138458990754,-2.043789111666124,1.5374928839307282,-1.9209628634850524,-3.223684903354834,0.5308180094548076,-3.485277535782355,0.4508464938932155,-0.27478681341123484,0.6916588979117664,-0.014795620521734205,1.6250724666261056,0.15072410389004032,0.8671212423058954,-0.9086859540341555,-0.23164364374605226,-1.0002949241271752,-1.0264603260186147,-1.0562164186757992,0.6585948617714825,-1.3993620093124528,1.142925260234215,-1.2920109480857005,1.8472739008368033,-1.5102347522009543,1.9271210977684008,1.5761282785826687,2.6973383553956864,2.0563898815506585,4.0754488957329045,1.263641718829293,0.6835688525243224,1.5484913229574273,0.7436765371694711
65,field,1.0,1.8389308370646706,0.5285660834225937,3.740212936799496,0.2650757311991448,0.020816041145500796,-0.03451656795559265,2.0644960488833197,-0.4459665891925853,-1.1717511506460736,3.1759919623499524,-1.7951313287735589,-0.7943050451213034,-0.10670779420455972,-2.565753821501795,-2.749981956566331,-1.378346034050554,0.9119145733550909,-0.3479315531359989,-1.0562239444157369,-2.429448501994547,1.6298595634748756,-2.041213156553839,-9.70462082144732,0.8911635501939158,-9.70462082144732,1.272947227567587,0.5885750165845356,1.846515231286662,1.156970965776375,3.0257157480642483,0.2374622488481724,2.2458625574005593,0.3134446357962445,1.1420135871319628,0.20807421183972255,-0.16886916020934795,0.08407297308672809,1.4222891592360587,-1.7187961550284012,1.59063359073594,-1.2552782969392557,2.0107719060098224,-1.649780600346294,1.2571603707592716,1.2233300211205969,1.570948063956516,1.2961948622461585,2.516882161738213,0.05563126300205667,0.37096958768843213,0.6133246160320188,0.0024259657339714327
66,field,2.0,2.371468320796274,1.2117298712095128,2.9186593712494595,-0.7856628235802745,0.007531241098524028,0.7079486631328118,2.1985012596320903,-1.1791037387216372,-1.6806761570071447,3.533242615848171,-1.586562865436666,-1.08778558018685,-8.650466826908735,-8.650466826908735,-1.9266343860875257,-3.07831279473097,1.2821911029271735,-0.1820437998619262,-1.4711588574047,-1.3479704031814086,1.2290353628768824,-1.2443634456717194,-2.090851589415492,1.2410999547317,-2.5774222928083295,0.6241620349498102,-0.23597103373083952,0.5949510716801444,-0.5817506341939525,2.050190026593685,0.7352544041820719,0.5907906477021699,-1.1773977388765369,-0.35766796870835943,-1.098229539347933,-0.7088155739781788,-0.8726742005699043,0.6738270351432937,-1.0810550344580228,1.0996364187280367,-1.0041131044627345,2.3839872583968873,-1.0545769091901962,1.9116282199125945,1.9949580703567709,2.4799382744484273,2.5396604835871,4.204328168066078,2.3027403448725874,1.373688485352367,2.1583920572522715,1.2921933607018659
67,,,2.3657281570202997,1.1100296122171425,3.213753885695484,-0.372895125461422,-0.035583392252350965,0.5618871544152741,1.5011275001958104,-0.9637335566183891,-1.873170864766488,3.5988034326484826,-2.0752861402103355,-1.613436976929965,-1.2261725734686473,-3.6920200266412073,-2.9250100821514176,-3.11651287136915,1.141424689406636,-0.48040159433579127,-1.9347935717351221,-2.601064743224292,1.2143390014841426,-1.7247636595662954,-2.812554709602822,1.457985795725678,-3.0589970210597275,0.7783233873811265,-0.5095898216934625,0.32804639111262296,-0.43040916414527003,1.7058527087384163,0.990704295183728,0.4306013481176754,-1.1876622867880657,-0.4667573187479356,-1.4307814745660346,-0.7503549743574919,-1.1932887082324588,0.3522349004624005,-0.7251911637374338,0.9467442648337163,-1.192536687140428,2.244954504517414,-1.5265687536160504,1.7714723498817575,1.9471323895072274,2.450996206349815,2.4005936635682077,3.402315462737109,1.455713897847422,1.2825967444683597,0.36680406191138104,0.89937145699072
68,,,2.399166585837779,1.472002340464233,3.2173671668409503,0.4482747351440657,-0.027466564728536855,0.8697900984972066,1.484348260127365,-0.597512414142433,-0.9623547248798834,3.613251124083651,-1.4738041789842586,-0.8900413149055816,-0.12418567000100598,-2.3304190121625186,-1.9512195024751222,-0.9062709276612447,1.1065662813156019,-0.20409914349922764,-0.6583197220539194,-1.257443852218153,1.3683167908338967,-1.750968006348391,-3.2733945417928614,0.43355957078443264,-2.513353126402886,0.2726108209092137,-0.2987156774367029,0.4263921922138818,-0.3207962887785763,1.9049203468258382,-0.36347367936924746,-0.05087755526475744,-0.8904765074851635,-0.43676491631053305,-1.2928269124124754,-0.8408023409376577,-1.2385655817895158,0.31021174435077387,-1.6747060215147604,0.3836956370014776,-1.429555923519917,1.6687980439143766,-1.5288541445021973,1.0551226737320838,1.054479700268884,1.3897330050393863,1.4581173376686802,2.3111061331115157,0.05306573903801073,0.32783010367385773,0.18573547058101927,0.07280634931935964
70,field,2.0,2.42530650298312,1.3939549420821378,3.2562116036046516,0.7539679564717855,0.15108723252518186,0.5579013783515596,2.8879751298729324,-1.0424264410106168,-1.6536059854874412,3.2316870043072274,-2.256512295486447,-0.9035305293358958,-1.1349530867537325,-3.4802877271085633,-3.097629755316877,-2.6621936899586,0.7675350199591634,-0.032964792628481114,-1.5716170618608658,-1.6998668067645584,1.5903630067506205,-1.9052585943600047,-3.4413498593821426,0.3644950716985284,-1.7006107621615496,0.36307848480588384,-0.20142416139025404,0.675004357502467,-0.16513961856151363,1.6311329266801065,-0.3199137786758185,0.2019150759280995,-1.154876899355074,-0.24484402822689175,-1.252965118615064,-0.8913081549612016,-1.0684526334960829,0.5033990894732715,-1.3102261314748158,0.8315570416894777,-1.4928163610269691,1.8246327905730455,-1.529975516652612,1.5813015881423138,1.5796138082906106,2.468173373086206,2.0529099273631655,3.001793734028915,0.8402349930343248,0.780899736091367,0.2692509502992945,0.2293670644566055
71,field,1.0,2.6040274144496283,1.5605033654748937,2.812254318131105,1.7297918723018546,-0.05323105560840566,1.3051409259135485,1.4600220965792852,-1.1967647378002109,-1.4113303775850699,3.7364320214440556,-1.7056588720149783,-0.3636034697765212,0.7070879053849253,-1.8064893686010548,-1.9214515279157969,-0.9039780090367467,1.201440650984023,0.01860652089459216,-0.688398635667597,-1.591540001175881,1.281380792475448,-1.929228166612423,-2.8626989917638195,0.7950138701116977,-9.179863678511103,0.4418576020025481,-0.32135286547717545,0.49074559361391795,-0.5689980112322306,1.9871430720294774,-0.24041381634686454,-0.010136989420217582,-1.09038120415035,-0.33884936802721166,-1.5547565302722035,-0.8701867825233766,-1.1658586837316451,0.3375201193954804,-1.5503737621171083,0.4091870642644243,-1.5292191270742068,1.85491307591627,-1.4964599974572772,1.4607640162705982,1.4225542993406974,1.7790676672917558,1.8283507636929885,2.9390648539476696,1.0821720623454374,0.5442579450567028,0.2287536170491615,0.33317052353729826
72,field,2.0,2.743951873010234,1.453487109079736,3.6185343317011083,0.33414117689467193,0.12615521363883625,0.8055447706836918,1.8487478630421574,-0.659033684448623,-1.441162845559409,3.781426960048058,-2.081267290134873,-0.9416854163625197,-0.4259133686612035,-2.1944483848578877,-2.1317193510952617,-1.9532863280409998,1.2913585017081592,0.14159279789031862,-1.304394156485095,-0.9623620973150918,1.4253644051999752,-1.2948247054689443,-8.781998399682683,0.5406880321250375,-8.781998399682683,0.6112466923480342,-0.34818681720549743,0.5625231537595187,-0.2919708763392158,1.9861918100545042,0.05131853781663751,0.48235656059973725,-1.031814237424847,-0.3142055585615733,-1.1746169740428922,-0.5220227399144076,-0.9904755805319516,0.6042261871234482,-0.8597373413294366,0.9875005128501274,-1.0889726512647955,2.388183203072095,-1.2403152998005726,1.7815706392080546,1.6398066423777307,2.1368466361367955,1.8525581264119462,3.718957825089949,1.070301116084011,1.0565238740010852,0.7097544317316846,1.065553520523141
74,field,2.0,2.188469846602065,1.0482359590047263,2.4323896075352662,1.0039812716445689,0.936997779702358,0.3626894287494449,4.507281025008828,0.14357059436193498,-0.9178024319115822,3.2816682302737754,-1.5067405464126085,-0.8745802063578232,-0.6637651762187072,-3.2812660290066744,-2.785298442662288,-2.2782037570549396,0.9694877090237414,0.3214029045864917,-1.1839987033742378,-9.602034323257257,1.199763273117077,-1.6518844356052385,-2.5845281803160005,1.2627938057067352,-2.874602598406401,1.000731575769057,-0.2852640076652274,0.524876741400397,-0.25567814736363065,1.7677941442187481,0.47473404142067693,0.7853597636935983,-1.0335778379034777,-0.3987185662180384,-1.3938149397604223,-0.9944521321133385,-1.0583939618261708,0.4423015378662509,-1.1244139069608425,1.0450083123826623,-1.2218069869141768,2.105931470914701,-1.4853186984381446,1.6878100884457183,1.4515346302109964,1.750264538283376,1.7273288154828843,2.5038311718558854,0.6097096899662607,0.7507119123854511,0.9066158321702644,0.26286831396330224
75,field,1.0,2.3804019400512595,1.1817999016539944,3.2392565188807922,0.13670168485465503,0.24366264405375387,0.40262557677771904,1.641069950904352,-0.6586793269429393,-1.0358882666007103,3.9152047384852215,-1.13244300163724,-0.7553209966761426,0.17463023202785954,-1.915544865295085,-1.7093303760813232,-1.1624786298709981,1.321910287573053,-0.09658087982799701,-0.6427710544098775,-1.9546696597873172,1.3262790555315964,-1.4809323609895328,-8.641778267653832,0.6789400117919604,-8.641778267653832,0.6478352852168588,-0.09076352776208364,0.5210511216512993,-0.2707675864156758,2.1371780222361965,0.213314712374804,0.6474657019178169,-0.9741521760688413,-0.1954368172095454,-1.1928621651096312,-0.47017878730836843,-0.7727588911548084,0.6964274753202468,-1.1379375209548805,0.9480254098915145,-1.2010445602645707,2.2974172719040094,-1.1423549770616033,1.660183345801607,1.599038297223491,1.910015990969088,1.792190466306728,2.932759566443919,0.6852779040183117,0.7378828489390541,0.8429309477120063,0.36497605222367197
76,field,2.0,2.7536887073916763,1.2848599129969822,3.575873936465425,-0.5263006461247154,0.5725080193911951,0.7673827906736053,1.780224237923324,-0.42963892488930344,-1.0603224821478792,3.724496092912923,-2.0790466943473374,-1.0382070324246726,-0.4186008448680926,-9.349359580426363,-2.8863301235056924,-1.9835467432168903,1.2522875694932474,-0.19147106845260392,-1.3231893854799361,-2.0604318859051056,1.4407220922470838,-1.2501090186294022,-3.0143053289283035,0.3135839061153884,-9.349359580426363,1.013765559106323,-0.12916789239980556,0.5935890409906793,-0.253196253512579,2.0050155403719208,-0.22250951894920512,0.3813804377500841,-0.8406018678312267,-0.14262570404429137,-0.9650123023435542,-0.48348329500094506,-0.8267809167337872,0.7339463986856017,-0.7646946738951124,1.0853736795653202,-0.8440365615806124,2.515855225770045,-0.9507247251342603,1.84495714141159,1.931633827196577,2.5710356486525168,2.3289955736676022,4.1508551300521885,1.33193794054842,1.180226817916583,1.3120558319846238,0.9368019919171148
77,field,2.0,2.198850754518626,1.2413128565787783,3.6451213022164093,0.3353343699269666,0.1383655098236102,0.3174960374629615,1.8297365990604089,-0.47519950844580056,-1.4987744627794433,3.9488908601697337,-1.329775334502365,-0.7874315503096212,-0.2683071237289352,-2.1336059176400863,-2.874700920609704,-1.384028844893895,1.1956179643969798,-1.5336176744142762,-0.9961210989665469,-1.7899365288003877,1.2048324655440754,-1.8396235093320548,-3.201787089105656,0.18089294247980814,-2.780999464005127,0.2782365826391346,-0.4673841933558086,0.3414994226499377,-0.5893559256720216,1.8907420592699564,-0.48649703737575917,0.07190714477618988,-1.077064842892664,-0.4769842670848277,-1.499270863881719,-1.044716145577031,-1.157704516909601,0.45729307063556224,-1.8161741590172449,0.5953845464339448,-1.3356601770426106,2.0509855224297926,-1.3844714206922233,1.5648251524816623,1.6062683312586465,2.2455725637696435,1.7213313745439573,3.4711663445204244,0.5793013824934526,0.5525458284938416,0.5662963223705352,-0.000614733909633026
79,field,2.0,2.246192021957651,0.5245487960007121,3.497850298373524,0.7260340646501416,0.6829231480876007,0.39908156622233215,2.314482355702116,-0.3127449647405724,-1.1050314881695207,2.9861804982876032,-1.927318471496329,-0.6297465791442008,-0.30197701968598606,-2.5078284079097384,-2.4458420804907313,-0.8898140021277317,1.066467413911029,-0.23262960112919762,-0.9426168644965184,-1.7218953639798353,1.4988935865795638,-1.4441870392477234,-3.335206363335093,0.6986379474457095,-3.192205027132683,0.795604452268329,-0.2552838526460922,0.8084020722078843,0.25025926946287574,1.5193859143301676,0.032809742445241145,0.00308300798002723,-1.010115247543164,-0.25576417653085454,-0.9204926651834069,-1.1326065404743664,-1.1882282339155277,0.5383395329947495,-1.8466720220093749,0.5767569388183105,-1.4670848899217543,1.87936836220505,-1.5760626027355515,1.6209885055305933,1.1473238619548733,1.6333053017541423,1.3779879519194516,1.6684694462478946,0.05626727871558256,0.25770037811524926,0.27243875299807213,-0.4384289631205247
81,field,1.0,1.9377232864135243,0.8234741955557089,3.5544226569739443,0.9090175956234241,0.5464092274476791,0.43863480239757974,3.2913423732507803,-0.536264279171002,-1.3079331509816639,3.1753809116864877,-2.202636113357454,-0.5556716737858343,-0.1607788179357574,-2.712980852286094,-2.636643224805103,-1.726159969606101,1.1134371294312415,0.1911842277424065,-1.2994174630506519,-1.56588369635216,1.8850243029888476,-1.6452904739565706,-2.868735381695327,0.08042337024446548,-3.078971026599203,0.3173618562418163,-0.17103821424301927,0.6097351022694775,-0.3439060180232154,1.870968152657115,-0.4853731921574488,0.0806440639592684,-1.104986288671245,-0.3693045702386622,-1.1830649497788004,-0.2958229992659131,-1.0296582069000024,0.5534481082108639,-1.6573463256489778,0.6741354833409281,-1.4771879880091876,2.1664920357915207,-1.2947500100031566,1.3687443556630086,1.2306992006222075,1.3420388246903348,1.0283450772003848,2.300718652573917,-0.15164378051047084,0.06768811741837027,0.43976544287160774,-0.13580988623387757
82,field,2.0,3.0579917128536964,1.9594635005116536,3.373798640228881,0.5191605125929883,-0.11023500036391568,1.3848608160699525,1.8201932630615598,-0.6602692271536698,-1.354046328994287,3.8433953042310782,-1.4238496827625353,-1.2110295048461852,-0.7470516402041194,-2.242069920244265,-2.3217298527935104,-1.2788137756285025,1.265467588982869,0.1602704216872754,-0.9304727023314908,-2.2747576553738384,1.473927023140207,-2.1142978063533153,-8.723647049520697,1.4274034588703854,-8.723647049520697,0.8232369850972293,-0.04263577287506358,0.8982067690978545,-0.06982726057263346,2.045406200064615,1.8442280619039528,0.5778129158229706,-0.7678712679865094,0.012199627936886216,-1.0602393846272165,0.6632482843551044,-0.6964969426879207,0.831771280548556,-0.22563667752123248,1.0461376671239238,-1.1393822311316368,2.4868345891237724,-1.0319902267101495,1.788817720488579,1.563877663709976,1.4241582895610485,1.2785086748121335,1.8240337559974502,-0.3270408210935763,0.2280521187881197,0.045549221890304276,-0.19097428725607227
83,field,2.0,2.698001231837984,1.4107189490464647,3.2074899819091076,0.5529350665636089,0.2857893520609817,0.8822561837943673,2.10111509623452,-0.7561518209648425,-1.6688511031496145,3.5833626014167113,-2.6174338639683965,-1.1946466411119472,-0.714928685804534,-2.9273338203177692,-3.2493790793002657,-2.252518074454134,1.3265823750905237,-0.18544580443400055,-1.3190437939863706,-9.186915284382692,1.3183714092540757,-1.6484202849692269,-4.045251727880032,0.08470831601038903,-2.5085731697283604,0.28694253304597345,-0.07838617855319427,0.4465336308742502,-0.5599712290073356,1.966645909362035,-0.7030720726480089,0.08996161139373474,-0.9896519129683563,-0.25404266245131873,-1.0355819464822595,-0.33068172823953157,-0.9420558884714362,0.656450644812055,-1.150988914490901,0.9820854158341549,-1.13844654071381,2.4997449764441684,-0.9542092745217166,1.9471334479508282,1.6304400670948371,2.6870844333608925,2.0807232645876366,4.7383873553292295,1.4472319729731524,1.1405974017825105,1.2429266935370535,1.1177615813988115
85,field,1.0,1.965881987428309,0.6868758785155028,4.1170292686397945,0.8899419365289788,0.4766867805588318,0.38851866544137836,2.113942264137649,-0.412600214067705,-1.2451508597002345,2.9871767023557187,-2.5825644728379586,-0.6143379098886389,-0.5317908260276945,-3.3041310084376887,-2.5307882033142386,-2.6836400328232837,1.1872491532385498,-0.24103741233703574,-1.6418403819602434,-2.5620043414813165,1.19395418046767,-1.468135894726564,-3.186127100334245,-0.0879626227133783,-2.975070436303618,0.4154839569338628,-0.048944343056784155,0.5101892953591184,-0.09689322010319293,1.798664742532368,-0.6895107148733366,0.13462260356140257,-1.0879791115188173,-0.294970413041422,-1.2007487247841457,-0.6651446838993229,-1.0432587970769893,0.626251256699068,-1.5717543876142965,1.0304663646444718,-1.1750003410649392,2.399595135937492,-1.1632465621206112,1.9982635222466971,1.7291031920299555,2.1041055526711654,1.7130039914830755,3.0390818537556954,0.6477815489689664,0.6084882406730324,0.2169824684222935,0.12529247287665607
86,,,2.1542511982609014,0.7791816801456627,3.125271404701548,0.9230810187307152,0.8755780340719553,0.48314303902456723,2.6583432077676354,-0.4974245953135684,-0.8174116388737247,3.218264639935554,-2.2224059008105472,-0.7918056879685537,0.000886575977083525,-2.5605573989514805,-2.2393267782988846,-1.8634963190703988,1.491493498138909,-0.27537780865389305,-0.8309514975601354,-1.8453034426105053,1.341565784151842,-2.307588566531633,-2.8760742703967055,0.5269493995745277,-2.5033989851115317,0.040067702093018374,-0.4825875278831008,0.29856873176344767,-0.48889110435510574,1.8991108730870743,0.5820724231973287,0.027000216624343897,-1.3194021564390672,-0.604835597987597,-1.6841087497112317,0.5850812660494417,-1.3570552936222322,0.345464671890979,-1.362011055977217,0.6656327871084783,-1.623004129421576,2.0634768733104316,-1.5309379817703221,1.2845881429944652,1.1084394246661056,1.670566543442074,0.9359263951499676,3.1129572116807593,0.21178619520765177,0.1263025458759542,-0.3239445341004649,-0.12715046320291434
87,field,2.0,1.9165905341948015,0.48602006539602277,2.711504027474915,-0.30014019727903923,-0.06935133034807904,-0.056792970242016926,1.0089055859093825,-0.870848021917564,-2.093232111740873,3.0426604385276597,-2.104201143111447,-1.5755211554645374,-1.1577806697852624,-3.38058652500586,-3.170972825923898,-2.1130638303692924,0.3727696894452079,0.04623494184360586,-1.3044442274932435,-1.8225112526824405,0.9835437670229564,-1.606103232969674,-3.011342680332014,1.259207832489052,-2.575971037167264,1.0400462121767953,-0.37874645983104416,0.360465283649326,-0.3907344837829396,1.8083217373583502,0.8917516943518308,0.7180089803575502,-1.0827557991290877,-0.27497825424338374,-1.2042191492792158,0.2739483189584704,-1.026266864775471,0.5711384803937994,-0.5567168602334682,1.128548580819958,-1.4779481973815318,2.358922507511022,-1.1336729258250067,1.9362797446614444,1.6706367441353678,2.075280593984791,1.7635472230960316,3.5318416136084285,0.8529087676537389,0.7180089803575502,0.6820348390227874,0.5297750219127898
88,,,2.413368175128329,1.2125981687069167,2.9198524537341,0.32098149549016247,-0.10777984456175854,0.5326754812030584,2.3293649553794076,-1.1506930534460622,-1.6885354859606423,3.270558458078242,-2.2446970390279777,-1.2107765399474288,-0.32638087496396884,-2.9447646624324966,-2.964046591981947,-1.749160107777077,0.7962887745379189,-0.3602431382827498,-1.3634976269650925,-1.998375899401062,1.1101554621822014,-2.0856323443982903,-3.169645833645247,0.37389364977946854,-2.784679247085424,0.42879741310500624,-0.2957128020922425,0.6783718418069864,-0.16009641453811427,2.1411477283260663,-0.197004195662722,0.6490693337796244,-0.7143396536335378,-0.15507047228977644,-1.085865890366813,0.06098669648670434,-1.0168730188798616,0.7372335311325013,-1.3201645022587187,1.5484647635234394,-0.8430045977969653,2.7356567779670464,-1.1907455211872888,1.814362732287575,1.3927076160241647,1.677395784822504,1.1499849103543442,2.5984441572080685,-0.025680978832588876,0.3689161641540136,0.2770928239727788,-0.38490301175478275
90,field,1.0,3.057443664158444,2.134046418275416,2.747145212940925,0.7902624592553323,0.2481888988577697,1.3991569506817738,2.014012281699117,-0.8765131450409919,-0.7481819721435766,4.1006052549516685,-1.5446191810573386,-1.2413222475080274,-0.7790676884095415,-8.558534655867867,-8.558534655867867,-2.4924265657641187,1.7969834739237471,0.20176156460218458,-1.1373571272724727,-1.3536421456631933,1.7258520508311763,-1.6477838679059307,-8.558534655867867,1.2419229963487177,-8.558534655867867,0.9103164112598175,0.118052587698621,1.0971323576416112,-0.29674997635311406,2.4107148051242633,0.8879049785827421,0.7296922547653876,-0.4568569084132946,0.1886585276590673,-0.8857767592253559,0.2592074737069758,-0.52099147074917,1.2297103811559849,-0.9486724549543121,1.4819283516953394,-0.7665986989298079,3.0004152474136414,-0.6333771436431628,2.42966908014426,2.295181179570114,2.7696262706572674,2.247631401122555,1.914377562737188,1.5602255536019023,1.3871020101764198,1.124306225552639,1.0648420897127988
91,field,1.0,1.6017942080899819,-0.24931309701061571,3.313310428357194,0.45915331210105614,0.33898989910273214,0.24865574835141685,2.597202011334709,-0.9267563748281946,-0.845788627167915,2.274960730950172,-2.7868721442186772,-0.7707871902336272,-0.5874536583153603,-2.7858589729060705,-2.9340359695786042,-2.3661498032719845,1.5256704948386417,-0.5515256156197132,-1.317634688945091,-1.7596812763580574,1.119473345278849,-0.8926707579403188,-2.803739398183919,-0.2298098649147978,-2.746151523310958,0.9728948206278699,0.17689232031499072,1.288769287407631,0.6151020939161012,2.779042563581836,-0.47502947757271957,2.131273957777438,-0.044006803145474845,0.7949135816541536,-0.1561763712998241,0.036920379047932876,0.01924901698093878,1.1358787171142855,-1.1514691422019687,2.19718740866488,-1.0350533634321928,1.9230209999478378,-2.04175399727015,1.0424631651406058,0.6679148458085926,1.1824342883533607,0.3993213026370008,1.7362735185804485,-0.7361265612221257,-0.6147386932891419,-0.6101295936967424,-1.1600494800264138
92,field,2.0,2.0309350108421262,0.9948619436984992,2.8263258241188116,1.302572366163185,1.0778355746890214,0.2153411412725813,3.9148488842121463,-0.8911118148132435,-0.5741049129801339,3.4404201918695025,-1.7655208728617784,-0.22322065854228562,-0.011535061061471535,-2.3803599515603953,-2.1632172755193233,-1.797810146995959,2.3244138261372456,0.1792332067006162,-0.8607345383956367,-1.2508896745323805,1.5848999710167722,-1.8152646978603473,-9.221975428037988,0.6206999851013831,-9.221975428037988,0.5891226752047931,-0.15469743890364268,0.7284434191825728,-0.2315338772111256,1.9551555705728638,0.10401236746415707,0.2285622498182325,-0.9535000390553904,-0.18052719254409877,-1.2474425839077594,-0.12435592612592358,-0.9029893026459284,0.7319675679866336,-1.8293279073163642,1.0208374301017598,-1.203679289522467,2.4283962566118444,-1.105558355243783,1.8816877285756912,1.643330561648257,2.0909735448995654,1.638119123033772,3.302529130190883,0.4981300055068647,0.4887765293553131,0.30339463790821347,-0.03449435020788749
93,field,1.0,3.700958022557322,2.2378621167835173,4.468456901045101,0.6921032141128598,1.050098187749811,1.7952807374637159,2.4372522190807793,0.3937453469974633,-0.4127444805725339,3.7709217927127385,-0.5949096774255868,-0.6148061177524652,-0.15986755197373625,-7.566578282151377,-0.042556866945251966,-1.0911455654472866,1.9711935817938702,0.019210539580657594,-0.7027748906984222,-7.566578282151377,1.25057134259203,-7.566578282151377,-7.566578282151377,0.7587277476012052,-7.566578282151377,0.6503202987622362,-0.08953980983168,0.37720441030724894,-0.4682026435605899,2.0086135150476734,-0.04634372567674888,0.5453497811593628,-0.782121219513733,-0.36839470504943334,-1.334130265600854,-0.2513598923984021,-0.5837155306824341,0.6538248177823526,-0.4882367025937058,0.9756976896323241,-1.3050865978303343,2.451620927516649,-1.3762628762982294,1.940825024082339,1.813167254685534,2.1298235984441787,2.1383363730047464,3.756396598860406,1.1713555759627603,0.9948231639291814,1.5339472238175995,0.8574025275426822
94,field,2.0,2.529823821480874,1.5956862917493437,4.885069774120462,0.5457591696747782,0.24263210185263923,0.7071508426864119,2.2664456030792572,-0.25152766753772565,-1.6054497586275032,3.471204166903351,-1.4834520265353677,-1.212879781650047,-0.44394608928083057,-2.798650465971528,-3.078890643612923,-2.232652526337218,0.9129554688473277,-0.26344307770872877,-1.4889180659669259,-1.0052583433195876,0.9591401569453812,-2.305629466839044,-3.1967895339876193,1.28515792622677,-2.241037482631076,0.4007940912094058,-0.3739345043849955,0.27967459007356066,-0.7183339570471411,1.6265231893458407,0.8756093345740023,-10.062680608871057,-1.1798725539466166,-0.38277420338018703,-1.1677361479141715,-0.32212383533695216,-1.0194579599465567,0.5174689879651533,-0.23090390388893,0.6794171756547085,-1.2053077760452853,2.1713719231660735,-1.199064849980439,1.7519777517736113,1.608111480387938,2.3843126357560065,1.9091748988762856,3.8498250722193017,0.9733213395642626,0.7833110823551287,1.794004758770656,0.4647915954899444
96,field,2.0,2.566033761328949,1.6023481076876067,2.8994443177738307,-0.01833102957080679,-0.10954272075839971,0.8897292031668328,1.4203777100601513,-0.8827949686825975,-1.4886605750072812,3.78497694818535,-1.8950547921667666,-1.0886586044003346,-0.2360037467232318,-2.8399148550113757,-2.157586387978598,-1.6287940574201525,1.229516482051896,-0.1617668914928167,-1.1087800075997556,-9.3867002657719,1.2486502453268478,-2.1011937172491137,-9.3867002657719,0.7761470422114207,-2.3845443113682783,0.5223219422627033,-0.5196956304383324,0.07665309112077054,-1.4916367676803273,1.677293978969928,1.295630396157796,0.31644431537245493,-0.8142616001296836,-0.27188009565312915,-1.3713729567501811,-0.034339633775287905,-0.939929538652208,0.5680505807017701,-0.8487245351731337,1.1289955248188217,-0.9170180570267139,2.8780515810589824,-0.8306710505704641,2.36301915832352,2.2262786573053024,2.8024855972518363,2.5587476015070267,4.299360842804533,1.6726144691587495,1.3105035222458692,1.5952818985132373,1.2056000874566188
100,field,2.0,2.997805684088648,1.6499663088870422,5.185387222571828,0.646831976024523,0.7087323834370678,1.0492899492905767,2.5746321088841864,0.11827242840575476,-1.261949478573838,3.913346018424679,-0.890870662162406,-1.500343870140515,-0.8902740924206265,-3.1472477244945525,-2.773623222242047,-1.8120967214848496,1.1231467905884907,-0.5409768260379783,-1.035912819038763,-2.253429848472456,1.2516759461054223,-1.6750109335739374,-3.135916158485003,0.5324371672323214,-9.701181128520364,0.2937454843325458,-0.6134604700920918,0.682322263388225,-1.0823342833776266,1.6440354920237554,-0.18409162137517443,-0.02227566149279224,-0.7623870470865582,-0.44300342713002094,-1.6578389580787556,0.5013363651611071,-0.9908913071422133,0.5188310228272811,-1.1259077260276016,0.7868656641588103,-1.7549174849398224,2.793523138497179,-1.2503414376541475,2.0761526642419286,2.017155595843835,2.3830289212524773,1.5389114668482895,3.3447309178235822,-0.24805145298313674,0.5976538539356431,-0.11927720011169808,-0.05620527113623682
101,,,1.373496226663624,0.9084802480923745,3.642425940414234,1.3388718458563549,0.5945748230367389,-0.03214815985862177,4.124118341737198,-1.1611032436055098,-0.46257458712818017,2.5725419374595133,-2.6088527223955658,1.5975775717924696,1.388578838210684,-1.2162810240687474,-1.500168911657706,-1.9635604090683505,0.9701178044204425,1.313097306198639,-1.2600949942300133,-0.6449787168960472,3.6834803193585466,0.35874499314477876,-2.2323659196386987,-0.861907105481694,-2.568482807449014,0.3586360323281912,0.4314571962503304,1.4090137329063614,0.4228423010219937,1.8389034611488204,-1.6061078937050672,0.5716013167961211,-0.837025361539035,-0.42005969889055,-1.4928933377684561,-0.9547583684288673,-1.4428810362482434,0.03932684908892197,-2.809706527318448,0.307466353399867,-2.4510766609539902,2.1996329635585536,-2.7846981197115044,0.26453102474556056,0.0009781750801049758,0.8563386583559601,0.21770564721961244,2.1626235864348033,-0.6538036696640499,-0.847445684750468,-0.9983325333106389,-1.1358560009533316
102,field,1.0,2.3920760417202147,1.1733381609571758,3.357402354057219,0.8507336539983751,-0.013510642512572755,0.7441166415163761,1.8670928410553842,-0.5937994787132996,-1.7120604933512658,3.647812412347382,-1.4747135362212163,-1.3011312942652016,-1.8051075761856172,-2.534496002635286,-2.6166474369980395,-3.0325953997227906,1.4505293516924684,-0.09863232955756603,-1.3656109069759053,-1.3798494009650202,1.5940724949726672,-2.4118936805429536,-9.431190334257998,1.4655860276395962,-2.951145772331345,0.03572836511863195,-0.5208745579319828,0.3433268369811701,-1.550763989965598,1.7175463139159053,-0.11901565640054713,0.796190672692483,2.0518530762303095,-0.28731032898208503,-1.1391426968266434,0.25941335590153547,-1.2207940791532237,0.6908703410775785,-1.0300816218625626,1.035022452584878,-0.7817415637212898,2.5813703750825687,-1.266964681992171,1.8467467050300974,1.6855765819243658,2.360797661418084,1.5811403265115762,3.5373876299344325,0.5105078060418821,0.38171584004689174,0.2165013346886708,0.4646178069342607
104,field,1.0,2.3241328395595295,1.0553480753404385,3.334909317065448,0.7002264918057326,-0.2809525697195577,0.6759462548302726,1.8386196746061925,-0.8349380643955876,-1.442810903675688,3.3951978194908223,-1.8419726624485249,-1.1260972308110235,-0.7308716339414236,-2.972823201945498,-3.2845333405161443,-1.6433102518335696,1.3060760975126833,0.0021829410913758005,-1.3428008886663554,-9.52675660597131,1.086464804479155,-2.1279703305513613,-9.52675660597131,1.7039120431922028,-2.08719729683799,0.7596777432423808,-0.4569434691321034,0.334084371843346,-1.4320729572724946,1.8624406859829077,0.4106008310724339,0.6911401459442562,1.71643147980195,-0.15770454284030583,-1.1666851703272845,0.18853215259798783,-0.8257429816373815,0.7148446923152868,-0.7749657131957464,1.0121960467836792,-1.0385803636255646,2.6469477945261346,-1.0566550220889226,1.9737520889838307,1.8607190082815033,2.6612742610580993,2.2251385142588935,4.343297060011178,1.4086156531822192,0.8207755366404582,1.901231692981971,0.7244256889227705
105,field,2.0,1.7902479259388828,0.5467832571850668,4.010001773027474,0.06768693497750311,-0.1526739549043586,-0.1294985224354448,1.7054433917684655,-0.6690757303070469,-1.815620642090858,2.799036702874321,-2.4755736892495834,-1.3115196028195997,-0.26624398560338475,-2.7713731962213313,-2.3923786648805296,-1.3533007485039665,0.32066619519577083,-0.6447101181446897,-1.2073393377741586,-1.4907877221266639,0.5618607883415064,-1.250098649224694,-2.6605106034095214,0.4738117946032026,-1.4319273118987543,0.16235026913198392,-0.7634747971507363,-0.08111885988134777,-1.2488668691469602,1.516497764363751,-0.3350137934010715,0.2844303467417259,0.7859791249895001,-0.5643741831575155,-1.5441002920970843,-0.18684346153368714,-1.3391289449095847,0.36966647116578677,-1.1200655624623725,0.6155323645285167,-1.5483356358741618,2.2255636859023573,-1.4769466707147925,1.7608959089927991,1.3904346809908743,2.144687279809777,1.6599808519185726,3.8602138264767505,0.6762530028448996,0.5672593335875169,1.5207938941498917,0.41482398041700436
108,,,2.139151944122613,1.195311354518459,4.440110222912382,0.037796954642475705,0.2840618222069403,0.2280020141339357,2.3538445869553075,-0.41012603452752516,-1.7231950270259835,3.2180487958265482,-1.9099041985424792,-1.2658850770698622,-1.8418126340115404,-9.951638910030017,-3.2254055076712707,-3.289784169484706,1.004678738519093,-0.5676814218900262,-1.8910988634913777,-1.680857896867344,1.5139747973889603,-1.9651339714760223,-3.033933300194712,0.4331939609495934,-1.018634318451471,0.2715379735928713,-0.0028434397893475905,0.6701761215963545,-0.12860248189151607,1.9037550636493639,-0.24046264591721236,0.7349279305666634,-0.7498348690761208,-0.058050189673136646,-1.0645387059063294,-0.41336263245490806,-1.0040928949978363,0.6680529526414197,-0.9157709799043902,1.1198004092528333,-1.1527314179417902,2.5243654483131253,-1.3346003836440636,1.9465761662450005,1.9228694352315263,2.529885066437711,2.1222728318978175,3.820054547559122,1.0832830115414473,0.8414668029644304,1.4503214741180641,0.3824615441469273
111,,,2.5944031748083547,1.7410599132404,4.255070540723502,0.023149072263188956,0.18713572723232444,0.7469379313178124,2.1194123999514627,-0.3934238705303596,-1.3260495776715033,3.755527197599501,-1.6868324037933324,-1.5648325691315412,-1.2720151901148875,-9.398828910841,-9.398828910841,-2.3556689948526612,1.3667888146098461,-0.4482960745506199,-1.6206174363285089,-1.5195374257587309,1.3527561822528946,-1.339236581953457,-3.1035629094013553,0.891416522337595,-1.3746214250624236,0.43015058952006496,-0.29162929778433205,0.606899295641674,-0.8401099725962657,1.9022885124787627,0.41177551421507075,0.40522497197964114,-1.0336220764226456,-0.10690855187239583,-1.1966204744045539,-0.4623992072326817,-0.8880562872276867,0.678653964742606,-1.0264303043279972,1.001578020286548,-1.0042554329726747,2.5230821247974347,-1.3232462741692819,2.0847089372346352,1.9606889314999116,3.0027858468761806,2.2439311219094598,4.473195242001041,1.1763523330358998,1.0776418293682744,1.4698728621839483,0.49314258573387904
114,field,1.0,2.3142591125210816,1.1716494808798161,3.1131770069588875,0.7708621323064583,0.597325158434935,0.6755646417034119,1.8941924805813297,-0.8009905553945191,0.44457388304180606,3.2219576556947453,-2.240729955261518,0.570529760454064,0.47922447025942805,-2.495857895360492,-2.660695912634747,-2.4052478985703822,1.712371479359494,0.03312667394777026,-1.4063458644989615,-1.1731042172777502,1.2582877684724274,-0.7237956790583391,-2.680511620461212,0.39998356243358507,-9.993065118563809,0.45076802427430135,-0.2938993631013034,0.5924581097775453,-0.25722728258976724,1.7108855827191194,-0.46609085218607793,0.2997920349155965,-1.1821580824640718,-0.45904831391246964,-1.3076492947331189,-0.8855329665693086,-1.2549708883861421,0.3091985539296865,-1.5538334686172837,0.7157592585207931,-1.8063223314502908,1.8817635988893826,-1.8665469497831009,1.4653302402436816,1.341917190411084,2.4104598672567126,1.8615617442446442,3.5744019415036767,0.7235502337321347,0.7649228648900224,0.7824477495484584,0.3713222489685836
115,field,2.0,2.2136188019143175,0.927539568828466,3.5179940093543913,0.5212445851540022,-0.08133021472452254,0.5166418544007791,2.512696050197653,-0.8243274128096693,-1.7460130326374292,3.331704970151592,-2.2861908684159475,-0.8608555950602444,-0.5877341389840806,-9.632846031592486,-9.632846031592486,-2.189182348476895,1.9084044651286458,-0.005639128783696685,-1.4041352327987988,-1.9812504577348857,1.4273811982883604,-1.9026712363462646,-2.594062490203945,1.1912429484048817,-2.4436782931721637,0.8498918548234744,-0.20965489778752602,0.703819067618342,-0.09666112607017355,2.0181704152582816,0.6399957420394476,0.7890185608624669,-0.8675435428442911,-0.101727359675333,-1.2210133558340752,-0.34832626144205187,-0.8791588044939013,0.7737474241944134,-0.9579655643406549,1.1391066233351925,-1.074894847704081,2.49106165588305,-1.0768168163910508,2.0615839898511394,1.9990262360389808,2.882540522016474,2.349620455637364,4.194970496368781,1.047968991412064,1.166362131073087,1.0939393859686322,0.7372330857123834
118,field,1.0,2.2185859456645125,0.8373630636131789,4.261431062832182,0.308198602545468,0.35343012425129067,0.7077180458256758,2.3072703252978224,-0.41401017936088724,-1.3153452573879252,3.380147358303138,-1.801601557523823,-0.613655261389367,-0.44110765799377727,-3.1976775421194272,-3.1111031325826755,-2.0496303908640225,1.3441661445980555,0.029291265178941494,-1.4606893913075796,-1.2311977805874608,1.1366878780374465,-2.0990652534513172,-3.8139122240543575,0.8461551912325059,-3.446374167858254,0.18508979538019568,-0.42132788011828415,0.40270008848936506,-0.49999103820317053,1.723727783240198,-0.07456809546257355,0.017100777541165103,-1.2542043611836589,-0.378594867970564,-1.3352955412352356,-0.7673115036292965,-1.116108514161319,0.5608673401391379,-1.7577989348654302,0.7369196683279664,-1.3014754095237746,2.419736741962352,-1.325572961102835,1.7770204150292987,1.644195230729358,2.063238686822258,1.9770346633458455,2.618555587852401,0.7285300983006755,0.7401434967264726,-0.18048646972733245,0.08279999239744543
122,field,2.0,2.8647594395489873,0.8861452441800407,4.2805599451937395,0.8692849348133164,0.7796538605207495,0.7505866617678775,2.4837615814313994,-0.03595172806106282,-1.1627115703526996,3.2446576673381227,-1.6406390377365652,-0.5109200419362007,0.1117642995554163,-2.4046184823346013,-2.1162099296474546,-1.54023322729748,1.4117512611874714,0.3022682515043107,-0.6753324844653479,-1.8483304844918533,1.6151633233571012,-1.908434408561559,-8.938407320267945,0.8728004561488872,-8.938407320267945,0.8677429993792257,-0.10874188759270802,0.873239028602603,0.17707277068427751,2.0372458709213093,0.22996456688573608,0.7489743583056239,-0.8288816605150722,-0.11992505299370979,-1.0945586821154734,-0.5192680693270958,-0.9474918571766199,0.6346994052832867,-0.9628426617727435,1.285604545523947,-1.22328371663584,2.331477961673617,-1.481952765091736,1.8602698942342841,1.2885395960954849,2.012697427696395,1.1498986692607247,3.059170209818422,0.27861070646147823,-0.01321889088991813,-0.061862769709567056,-0.2261408881325899
125,,,1.6498629213191622,0.5080469799074727,4.57999632269,1.1196833002881612,0.8138627151331261,-0.32032834333771726,2.251740439137477,0.1684937523941207,-1.4549566092719664,2.7516529557293268,-1.5884294027672552,-0.4758825259922827,-0.6079752435333701,-2.619437370262522,-2.9201730766498697,-2.3182429018722983,0.6186326619702284,-0.5441777995424174,-1.2913922013726382,-2.2252519023658612,1.868667188285504,-2.3629953232418774,-3.7196281912236815,-0.6455681320591223,-3.504414895585449,-0.371749378955034,1.1164217371690988,1.5883931241785887,1.0954546425540888,2.0335435810072715,-1.2366982173115535,-0.1905068681669082,-0.6120988153798973,0.4337599648175355,-0.5682568403008966,-0.4947985614978706,0.0083846286877322,1.3307036618000605,-2.3546897959072286,-0.3728886635520394,-1.556686564211077,1.0993657904627188,-0.6463718731516379,0.9285303613843322,1.0432948451933537,1.765257232186555,1.6824405771474216,2.9462104737512234,0.3917505567399925,0.42489727755969026,0.5010636467136421,0.28348815930458543
126,field,2.0,1.6477748399486234,0.3827505212140427,3.4624058605471815,1.1120829859876862,1.059350651581099,-0.05992541784189657,2.7095499281658735,0.03184388098568576,-0.7940535808507055,2.5697408553006893,-1.9385641374821279,-0.2532447288453924,0.057534568223565556,-2.3664244101570784,-2.6879608633606895,-1.8771704193159489,0.9849425948195225,0.08092604706704287,-1.0928387715221022,-1.503036254005448,1.8620356194107286,-1.6275970143257446,-3.276124957971007,-0.48453611986669615,-3.1115130899599976,0.06204779316362299,0.5312922488162689,1.2861566412792287,0.5679804753182599,3.040657384880892,-1.3579374077021016,0.06953816484904915,-0.3817972751645396,0.6649839454529785,-0.3154273806898657,-0.10693437497148431,-0.21927521225060445,1.4122782415449235,-2.5156472910734573,0.29460332931442185,-1.5994624409295086,1.3961003985339382,-0.9449601122556182,0.7989909911127081,0.6344927569881045,0.8225514690154483,0.7820309074785499,1.9627717615787046,-0.3031293967584177,-0.3127918700718575,-0.7166789994182944,-0.44038333578824806
129,field,1.0,1.8234840966256598,0.23949232379701252,3.8692825031543343,0.8293658808161796,0.23364636830418,0.17034944288161716,4.257860189413189,-1.0289862923184874,-1.114305380226418,2.811198804290471,-2.2249204122802544,0.08213092659822363,0.1892448542842243,-2.725949539513817,-2.8628594978282735,-2.0537747486016427,1.3825242335039882,0.5839483950859343,-1.1397030821272187,-1.4887570610254255,1.948191684770357,-1.1051521713461339,-2.762796833831435,-0.24964797198560473,-2.7932845541479376,0.14556481571081317,0.3718552912568176,1.1989077371870946,0.44290688159253805,1.7464027409611171,-1.3268848208601927,-0.22623807085717132,-0.2614645204462803,0.7537661592827782,-0.17789766550843408,-0.10481378732871434,-0.058784802831283726,1.4919440326839335,-2.8511380699441826,0.12171910105737145,-1.4644122093569711,0.9725087950861923,-0.6992855374345424,0.4396508297628418,0.4514535333135636,0.7918849787837426,1.1288137970042598,1.829781566549407,0.0937778188569231,0.015283498589516019,-1.2194210575396482,-0.47646319386420094
130,field,2.0,2.9785065168984057,1.7951491734080924,3.776786786694274,0.9454812563377553,0.45391556720843135,1.2077227787475262,2.0053031283302194,-0.375988244084798,-1.358864580718249,3.6957353057445155,-1.9686957282596889,-0.7554896638772318,-0.045339239872444995,-2.481534437758361,-9.158617899005497,-1.8414054906456576,1.35300345976362,-0.43538662417798835,-1.1616274931678467,-9.158617899005497,1.3161034050916822,-1.6389254948889573,-9.158617899005497,0.8686347608645624,-2.3429779089311653,0.45911904792859787,0.17057160680906736,0.9087301826810023,0.3344171289114203,1.9481572231368727,0.17447093822973953,0.3098469931801416,-0.4782859702120784,0.4447100595677379,-0.3958154115593859,-0.29429517649405823,-0.39393982488889123,1.241789032122053,-1.0949252647359804,0.48875084553496895,-1.1015572170397316,1.9650799139462287,-0.5831557994652834,1.6271484828130807,1.71750291094282,2.3771057022407103,2.5153799497195126,3.899865940084378,1.479014813124649,1.2255659123151104,1.6234377495731247,0.9170566958439884
131,field,2.0,2.455964802164541,0.5984516482398002,6.244538530102246,2.2614993300045336,1.9259607692238556,-0.0816136572414455,4.5145345027148105,1.0543840624284198,-0.43393858595531193,2.800921835737541,-1.105933959672103,0.008054118164023308,-0.03584343076348876,-2.171761569536913,-2.3819683298204035,-1.793991261261959,1.80046331041055,-0.012464303475792818,-0.5809214549420262,-1.7324617844171113,1.2942057879565907,-1.9995215250395422,-2.0474157539680062,0.2761256462079067,-2.9952705679601017,-0.1389337427669716,-0.5144157161930718,0.24720640239669445,-0.5016118931138683,1.0841602408052406,-0.8757668139923314,-0.5789424692327793,-1.12818576458914,-0.13999536229128068,-0.8830136831622591,-0.8163202506036583,-0.8799559664213672,0.712469976606205,-1.9909844145943325,-0.7322775650881056,-2.337553824379657,0.5842554115795238,-1.6054224025076775,0.580216907704622,0.33634983555192643,1.0587316959677502,1.1653087289692003,1.6316445953510934,0.018597933220693,0.04676233583069751,-1.6610748443057661,-0.5432475100419988
132,field,1.0,2.6959991718897,0.95993233095683,3.7016411975444865,0.7383132953179017,0.031218492284583867,0.8266986527727178,1.7548979431621516,-0.9039769384744005,-1.6736008986598,3.29498252364897,-2.4487098384243113,-0.7031191141734984,-0.4118032359507549,-3.424632495444002,-3.2661881207420445,-2.2033406556608552,1.401932726143458,0.38740374935163946,-1.4532324361752504,-1.8368121092513359,1.3212682574174057,-1.4618686141271997,-3.370406757885846,0.8532878567729708,-9.922914644920436,0.8277064687922335,-0.3584024592236397,0.7349092564880597,-0.22233918679427178,1.9210756055817064,0.1610594484639168,1.5502091381668557,2.0573797314727718,0.5691092914083568,-0.5598531859265895,-0.23590540582975705,-0.4052366428340313,0.966184457196558,-1.1004450726514667,1.1405311265222084,-1.568946514607165,1.7565586227277061,-1.357693484493617,1.367404624334199,1.1379256913064018,1.519234215799876,1.6981564536634575,2.5251311569678685,0.8543109815685935,0.3583584466171139,-0.1577126251886512,-0.06568047690177015
133,,,2.137798412789688,0.7011028571266521,3.4016402366819642,0.3520513265447449,-0.14000839854347444,0.6247407875718323,1.6272978862955032,-0.9609378147581102,-1.7587710465283122,3.268018838548423,-2.211094190826237,-0.6077738743140412,-0.5740020424437623,-2.6521421596032773,-3.025470277739802,-2.5303850144923743,0.9326925474032439,-0.05228242202131196,-1.7039943537845026,-2.183222933138667,1.2934497795689146,-1.5657428753114013,-4.079740326864404,1.1604117406498813,-3.87753739951662,0.5373822403631425,-0.23370267185925378,0.8041927556462684,0.28113035554346716,1.7628257874440192,-0.1939376063481041,0.8125997522412525,-0.6451314734354676,0.10159218503140992,-0.5729896770380425,-1.1169545149066398,-0.9423620827455593,0.7414541526502197,-1.5431790022115115,1.3554642410612598,-1.2901286461495889,2.0010526898160736,-1.5504517615405913,1.8005907141281854,1.2744675818407631,1.9859539577891017,1.7949534732549102,3.3572645069356235,0.8341894368685298,0.35485589582144705,0.49412567917456884,0.21864274732996372
134,field,2.0,2.704222247691505,1.2080368224736302,4.12926482886193,1.205202882439762,0.893090616528605,0.8656699689370068,2.9908873151929534,-0.06953437821683656,-1.1782270210496195,3.5367024346535163,-1.5383923699281206,-0.007308614881353043,0.27127112938608344,-2.139118767635055,-2.2369333068223853,-1.9221738882078347,1.3456086507273848,0.0441679194506911,-1.2217496571455386,-1.222533817154354,1.3019624540520482,-2.087041082580755,-9.75933353820951,1.9098689158179836,-3.1745421458237937,0.8009224395428486,-0.4803070084448802,0.19750518982361281,-0.8557901025447902,1.565453484645199,1.055512603155211,0.22291898296227236,-1.2734246368330386,-0.5580339108854764,-1.4563241567360103,-1.0181971153084983,-1.3582248258140743,0.24797334296561527,-0.9255793147911149,0.3018839950925026,-1.9567154747668383,1.625133359856915,-1.7341442163186753,1.2661084105676477,1.074801197417392,1.8091306963514213,1.650916691397345,2.6696786378240436,0.41608772981026,0.34595134762122953,0.4468109024531004,0.070884152398843
135,field,1.0,2.731009742753034,1.6859474559181709,4.838957158379318,0.8891518016205285,0.4793363323773623,0.8214536113841603,2.0949710113489743,-0.15717056906925198,-1.3861725575484398,3.738326519946087,-1.6723222761446197,-0.7192980745624783,-0.35473248890702724,-2.659855464878536,-2.659855464878536,-1.8352343131623623,1.3846108975317795,0.1548996392674937,-1.2275507981098124,-2.1634835706031432,1.3852391862511046,-1.7126571955413044,-9.165639525006764,1.9214140220776368,-9.165639525006764,0.9322216653474594,-0.30004552610404045,0.7621015193300681,-0.2789538859411804,2.2137659758450643,1.0157070110323818,0.3818871143242881,-0.8055680893627397,-0.16232332246490844,-1.2886216293843669,-0.42578289751319476,-0.9473915983210187,0.6206960427185051,-1.1306845005046053,0.5811942174839866,-1.5449344381685024,1.9976859096966932,-1.2672284321951657,1.5500663027303234,1.5366156899529926,1.8150323687838528,1.7957424829189141,2.518521271019853,0.38701314007231385,0.9279310527170824,1.2070075506177151,0.6626394499316086
136,field,2.0,2.422431677146717,1.1068555683467534,3.3148846886353467,0.525889123595866,-0.14857218922352639,0.7697254930095435,2.397030700694393,-1.1366778372691348,-1.5539754120414635,3.428850808932675,-1.6377765134008448,-0.5563644260414838,-0.3269004017988783,-3.5827669530194908,-4.20992878315644,-2.7147259908136405,1.686158714441609,0.2278060845004974,-1.6150337884336685,-2.062659707366111,1.4448827881064135,-1.5313859799945078,-3.2759638391209314,3.7162056972534474,-10.238207303387139,0.7965049255445764,0.08727465920836486,0.9102414341522367,-0.017357524297818516,1.9097965140017252,0.007308451340884024,0.46294509026417335,-0.7468319016809678,-0.01841377906266387,-1.1072348667945282,-0.6532047324578361,-0.8064047928792838,0.6870474899534916,-1.2167298362483323,1.1661079268590415,-1.3791279855056076,3.0006867702682753,-1.3295127108801226,1.4334639818483392,1.2658993902748723,2.007004321186945,1.6694053965193763,3.2792260056763882,0.6017264872267094,0.45689172097891867,0.747170161672711,0.3363351832341193
137,field,1.0,2.783639790189894,2.1537689450771746,2.4346387570153247,0.633172944633931,-0.03103054209166616,1.0513790878663367,1.3377891061278573,-1.0664030862544827,-1.5721269037001344,3.7089568803041035,-1.386051798594684,-1.2083242776444432,-0.415387626476127,-2.276377263737425,-2.263834889960334,-1.6335019270165656,1.3049007622969255,0.11354277848657557,-1.0145019858830389,-9.213691344961106,1.3875577256857123,-2.249555732542862,-2.7064136325760946,1.2216296144979926,-2.2657542763461374,0.5940009101201548,-0.3382644251421433,0.44127074365776214,-0.5758747112211303,1.9615351312350866,0.8728258469526565,0.31335577850747354,-0.8934867473822277,-0.4818707619989991,-1.406181302744914,-0.881623637671558,-0.8649168051698322,0.47288320601144795,-0.7308825804066998,0.5443657293648158,-1.507978521066679,1.8617518904673407,-1.3944568911020365,1.521487197583026,1.4790714152291873,2.0074101483900058,1.8452140700645834,2.7698313230550684,0.8521276194924738,0.9762525291009839,1.3006481454081367,0.4334835948692979
139,field,1.0,1.7299969009760807,0.7042560852955189,2.7134381094340307,-0.2181387224260069,-0.4071250387494868,0.12003397579064141,1.2803716629332387,-0.9570841574924354,-2.090771569148012,2.7901497699033966,-1.8669706482275592,-1.0437245457929651,-0.13232541542294118,-2.4244295449999798,-2.392168682781758,-0.9377707343598002,0.6336154136998184,-0.591454716006972,-0.7471797860833388,-1.8654697098594772,1.65915791292733,-1.5970954490126212,-3.094885314357854,0.4129410089388918,-2.626485534694093,0.12034284020162121,0.8667333915141053,1.8739036003161853,1.0839103701400445,2.184216560188645,-0.6363928436759166,-0.31542920107859934,0.18332319708191416,1.281838825366207,0.31270186540307215,0.5947310476599258,0.3649840549613253,1.9181573361395854,-2.311686511247051,0.12245086432475381,-1.485191024534835,1.3894491042030164,-0.8484636552474017,0.8740026145527113,0.647443761444109,1.401628331756962,0.9484583083976499,2.1615277414076997,-0.6457608517906929,-0.23679543613490797,-0.38794684210833447,-0.5130187197254227
140,field,2.0,1.8767137740339597,0.712201084697584,3.3364456293841958,1.1850479749774667,0.8537117246574679,6.0745511245763e-05,3.9649786645506944,-0.8439193330734837,-0.008607712317903912,2.7983352506293286,-1.8515525911416701,0.7051031377773431,0.9175461921101926,-1.7435303757489833,-1.7914118619821973,-1.1092236952119714,2.421676654204579,0.4248630148761246,-0.9358102886405127,-2.070289175366003,1.794939398642288,-1.1324728814340488,-3.235109307966193,0.3855960246218077,-2.8786166406631386,0.020132425261620845,-0.13185300421857601,0.718666485876634,0.0551542502918403,1.5068441161785886,-0.8961934574388751,-0.760686748304427,-1.1647459077409612,-0.11730995227323368,-1.0647719326411376,-0.5787575055714343,-1.0091402366549889,0.6029047950805361,-3.014642482912548,-0.40221765098271794,-2.41785378972395,0.7510242733269182,-2.0792373550150773,0.49855995712610224,0.1665942234258552,1.3766309850685445,0.5943901913762722,2.977769471014319,0.2158806475878858,-0.08978454894521387,0.4948934318487635,-0.02892608816891227
143,field,2.0,2.09989200543777,0.874212276653952,2.529538056517349,-0.3571377125694192,-0.46915612904148996,0.44532946244414756,1.2087983509886806,-1.3652441535981255,-1.8310704734507621,2.99450306086107,-2.2899275638171765,-1.388477076240464,-0.4255662552990707,-3.048566449588035,-2.501775677128529,-1.3555528938326338,0.8288424304476815,-0.4462245902341142,-1.0553896580165765,-2.091491282584416,1.054632898421559,-2.1029752407660975,-3.0611650414243563,0.32193507256896664,-3.2938628055433776,0.19335935546986158,-0.25310936634186654,0.45792102271695245,-0.2776908527519308,1.6787936705950959,-0.42284377616302804,-0.11923149199676206,-0.9935803616120077,-0.09964859374603868,-1.0775984190158592,-0.525470375435006,-0.7855652029648018,0.7944469169422992,-1.1278995900922963,0.5989569929003322,-1.408461213611695,2.003874392739593,-1.127326557012608,1.6676452675861853,1.557620433785566,2.452171041585507,1.9820964712939875,3.8747186325515197,1.4281566469410059,1.2406810327044067,1.7480127242889345,1.2658705874361067
144,field,1.0,3.1721792848749257,2.1836587414719606,4.52390192374897,1.1572465568032855,0.874592276150367,1.4571233622038178,2.752430484949337,-0.0649437261983695,-0.8731799142227107,3.863258696212848,-1.220619518278073,-0.46673467258714263,-0.5676672600444963,-9.26684861935345,-9.26684861935345,-2.0944240422286056,1.5021625480031795,0.01180439280481947,-1.2995684404112506,-1.0638183776385914,1.7972552839586957,-1.71513640400214,-2.843601655819931,0.32827784952249567,-2.009845912261378,0.29464146051862655,-0.05830986932389593,1.0800097876900736,0.0840359976150405,1.6625371495619816,-0.20872746035477902,0.1438169338562617,-0.7316190654511147,-0.23575453765429455,-1.146259907613181,-0.13988985631631895,-1.2419864690670395,0.38503160486788707,-1.1123484442015086,0.7605807423768551,-1.5085151518625397,2.040994209620223,-1.7892443761558616,1.610311387294938,1.538343806728414,2.1315073908736415,1.7537458044869514,2.7639714253366554,0.33762624438851196,0.9397759601893189,0.3337755387352326,-0.5587045444452041
146,field,2.0,2.5016963014532183,1.0998153646956093,3.43955542938256,0.5945518737966348,0.2953917364230324,0.9679150323221763,1.970815318331856,-0.4620071256930685,-1.4019908522811606,3.2752309761957883,-2.503921894938192,-1.0560967044183285,-1.350908423497693,-3.2539608724383275,-3.19074280044526,-2.347313416835977,1.0698793842951202,-0.25124726703378364,-1.4887831952101183,-2.1133756203908867,1.5082458718348077,-1.8226307584085601,-9.509710914191695,1.9300845617818088,-2.82634996842542,0.7603276529533721,-0.2284462038788132,0.6092911624941519,-0.2956773703778944,1.836486776506704,0.27132647858786907,0.26412343011756256,-0.9233648640871406,-0.22937817039547695,-1.088588191526191,-0.1718572219165523,-0.9506083196982477,0.5509940395424763,-0.5797460394848547,0.8799303993047742,-1.2169120559913196,2.1971764287291635,-1.3714382756615093,1.6922502040748952,1.6471679808000965,2.3675173286810454,1.8684252244298953,3.5663299518820057,1.2269031289578196,0.9137899259694178,0.669778259146822,0.6600563045357782
148,field,2.0,1.8604476408338202,0.0785841447838549,2.6979884910439136,1.1026596830246742,0.7746678454834969,0.7515392509134465,2.9306001878008603,-1.0002527595338564,-0.27371724143787046,2.492271832833313,-2.5192372433487895,0.26110829770312827,0.20665460755553694,-2.186505076538429,-2.2782418559767783,-1.8976527289384575,0.9292752393027978,0.7061873202961378,-0.8044294825892598,-1.4964853418426785,2.5212875206008665,-0.23870088201688386,-2.277875219859014,0.15143510400208615,-2.396299956962911,0.7501974329924425,0.4696588374538386,1.1103762277212295,0.4067185706787227,1.9617358906541356,-0.8150973763138808,0.4149075091124078,-1.0097992897528207,-0.12509623391881552,-1.0051343982584466,-0.5257471052706665,-0.8071208969252288,0.5217607066921145,-1.8762460683011064,0.6777870063524674,-1.9246642352705352,1.2324877457135905,-1.9871735175335128,0.6175073148976952,0.6115117478706632,0.8727772321036548,0.721966389608121,1.9341582423119166,-0.19053787941664324,-0.5085011336359914,-0.676091156976362,-0.9476509397219905
150,,,2.7456627095279598,1.4512743227959692,3.578860381361429,0.6915879286030784,0.2336546046288514,0.8498904499005716,1.745545385403677,-0.5784301922921395,-1.216093988865024,3.830270301986564,-1.4596204114464342,-1.0660229579980554,-1.055013672489686,-2.6967406028713485,-2.4005032139899223,-2.10134560577128,0.9657686960003848,-0.24824265911392057,-1.2923188571589013,-9.501355122933973,1.5515328851023706,-1.8569143613774066,-3.18058682868339,0.00857118849681509,-2.5553411318347448,0.21532080753533644,-0.13880881806845846,0.6362159209546998,-0.23217996523689702,1.873124033834796,-0.31581986987676064,0.38412119680030393,-0.8904894556550997,-0.19606827364883594,-0.9470588435662327,0.01977331020846651,-0.9569359452641434,0.6708610141368492,-1.1741125154761807,0.8072974927013182,-1.1707325026011044,2.308997278689824,-1.3529094566907365,1.848851392535814,1.738776882078226,2.2819409317131476,1.9582750449780326,3.2920123999239657,1.1219945666796753,0.7696187197525381,0.563358023101376,0.4404873834786197
154,field,1.0,2.532953687115499,1.2384843317806837,3.375071562737796,0.34963024679664323,-0.22667310076560404,0.9503600053254799,1.7597078332397729,-1.1717396009009067,-1.937301338284753,3.462889718302741,-2.31830364716228,-1.4827256661453918,-1.3362930591047224,-3.2978203917824107,-3.4240334035992537,-3.4616363783781208,0.819209976295157,-0.2846647155625451,-1.8746994152348584,-1.7173391544053422,1.6237447443192983,-2.2330011105490524,-3.0858619312250806,0.04837660628816639,-3.361729520263099,0.29319052352382546,-0.08496475054571065,0.8725552909084724,0.2360423202773675,1.8595449226018945,-0.19083210858640945,0.30532512910313286,-0.8095964102747963,-0.13776598861107497,-0.9957600954417111,-0.04251246671843565,-0.9684207101751824,0.6572701438243795,-0.8750533705954595,1.103394007206827,-1.1125593631879618,2.4587317265853876,-1.2509063778420944,1.8181229506981214,1.779633089563732,2.425126685965152,2.021368922939367,3.163478895703879,0.8914208971093981,0.7914219843719055,0.6052433969330976,0.23989447582509268
156,field,1.0,2.583799659632647,1.301267028728566,2.9830394919119017,0.690417996857373,-0.41041339176716923,0.8181219739232222,2.669009684626673,-1.6629048726320672,-1.7490842962886728,3.4381342449227437,-1.9212523404770914,-0.19998861286073408,-0.4938229047977132,-2.9646091654513382,-3.428914773582436,-2.7449000765857634,0.5783633137134385,0.9355340298274728,-2.1354337120682834,-1.3666656324429731,2.522650648484768,-0.47579481675824975,-2.8535506286788745,0.7834223047852028,-10.326619716711072,0.762315097035557,0.31968574512458237,1.3695768540886994,0.531821432976603,1.9985151459738657,0.26366992882516094,0.6643180597869739,-0.7864721272324611,0.08519032937292835,-0.9112183009714452,-0.41590831908562426,-0.859933152592961,0.647166380178559,-1.4340083385389668,1.4322278864627058,-1.3111999371053589,2.0470795418643037,-1.8374145618350033,1.137199534151204,0.8977566333680245,1.601919187419136,1.231059204446329,3.271335397342885,0.4528156250819347,0.37801704018627963,1.654789473035062,0.23989080432944962
157,field,2.0,2.699054643909104,1.4000212570907795,4.130311609762942,0.5694304784275412,-0.012965337839701531,0.828155850655773,1.7318183812293246,-0.8755401776426507,-1.754822914045634,3.25388813128182,-1.7347436711396549,-1.135403910724097,-1.3281843765075112,-3.219221827003732,-3.5832244135074736,-2.51923311462707,0.7424699656085695,0.4307328274547209,-1.4369144654450607,-1.6909459873748014,1.4179997384124001,-1.9490671157964947,-3.265269759107388,0.15679464590673392,-3.475123419291544,0.15903452182691827,-0.28260168502637206,0.4566828951741289,-0.302750720686436,1.4628528965607486,-0.3800140121029604,-0.14835236283933553,-1.266903140293046,-0.4843789335540412,-1.3634483830367239,-0.4522265220003043,-1.279871229182529,0.2672734549927019,-1.1145482933786763,0.523592357368597,-1.757825654092141,1.9896639280561348,-1.6276387832292483,1.611864569407904,1.4334591463846065,2.397291280240343,1.9940584968583925,3.777178378311722,1.3344302209826249,0.892427017833851,1.8996029294497314,0.8811305862865081
161,,,2.751163138867675,1.48764315488087,3.5062277025920254,0.6217622462670899,0.45186161873740155,0.8164057483252865,1.9390499305145479,-0.4140525024556841,-1.484272093004533,3.621108648423041,-2.4352068710045573,-0.3963019764325682,-0.366323150598909,-2.2536466389523624,-2.5160109034198537,-2.0729766101968807,1.2010806809352634,0.17466145100039177,-1.4643587712388126,-1.2200638102251602,2.5514849970664697,-0.9951337224208328,-9.433716513255158,0.08491705507691495,-9.433716513255158,0.7129524843316866,0.3472078468578442,1.3733614625768922,0.4660641773496429,1.9825438544244671,-0.49662947707863586,0.45465740147092126,-0.6660759359973661,0.16677226271729517,-0.6962639257045744,-0.8127039931999241,-0.9219379545404202,0.8479334648611249,-1.5859539757815504,0.6188804618688104,-1.7185929096230537,1.8238262592582097,-1.7009089828331376,1.8146703250344742,1.7169757319989059,2.565670159028444,2.1993979795384906,3.293908023401327,0.843607871930957,1.164966121458215,1.1539783782714406,0.3301065921529946
162,,,3.407463613708793,1.9935798626880918,4.675959309822584,1.770705980356842,1.1915773781978374,1.5809758546386505,3.246008854513764,0.24258035382642468,-0.8874632815363614,4.217986533017817,-0.8271923707417125,0.12402831463924952,0.15106281748899983,-4.243599171067396,-2.5969319168649405,-2.2797878116828434,1.7241966643720705,0.6238910697460556,-1.344010758066308,-1.0710682266511722,2.216359245482668,-1.298857757300133,-9.402654470281925,0.5820904365611359,-9.402654470281925,0.6225196005108016,0.17031309579232123,0.8152422816336399,0.035856794722492036,1.6552269113810725,-0.30212896431294956,0.10956669354585086,-1.224857787004148,-0.5226253528134831,-1.598811166743153,-1.0228859547773606,-1.343378246976277,0.14136853670672228,-1.2687735823327193,0.3202100820958292,-1.5494380821258538,1.504200189005579,-2.1042093687737786,1.1380446304838443,1.1711976999169038,1.7326496267100808,2.304356418402499,2.957468850075173,0.6639293450630244,0.8553907864218001,-0.021980780823855225,0.3673016896296797
163,field,2.0,1.881058231004111,0.8182160139510808,4.918287937694752,1.7913611781940624,1.2247713057520178,0.4299018778573062,4.69447191121053,-0.32622666018412316,-0.23602739446164273,3.221474712603794,-1.7065520421811076,0.3802271233683002,0.2967920012917612,-2.031898148088305,-2.5366086613001717,-2.154154232526819,2.14064515625251,0.24461532644442463,-0.8516598875702827,-1.6296424324923817,2.0043844790048855,-1.408558311149947,-2.831291218892604,-0.4391882207124654,-2.806553909236587,-0.1209223884033575,-0.45143969462415745,0.2534002381880687,-0.5336664839061334,1.3635885523301596,-1.1050617347865812,0.05185979918329527,-1.535735949319061,-0.8796379283988892,-1.7133195839337936,-1.4962258517487186,-1.4859906752393905,-0.06095763377673665,-2.138755098541101,0.5439563970270563,-2.0002696162903275,1.3455459398245297,-2.2916840311180366,0.6915596144830837,0.8654073115214332,1.486612202404938,1.544292899080369,2.6030814600269307,0.2769294358816659,0.10886247670350989,-0.20333463288878878,-0.20594115951306197
164,,,3.024696203175988,1.4166569282608938,3.9251818540104466,0.8035647846905163,0.24945239308615194,0.9877832441903576,2.27543128174033,-0.5464380241775744,-1.4425032205505335,4.174157031029782,-1.7924891763384692,-1.1978915436589392,-0.7871125012992399,-2.7461768885526134,-2.7638396853956517,-2.366091206248632,1.1046935493351064,-0.23668647973700044,-1.8743191945861013,-2.350717038999044,1.3100846584408594,-1.6761180717320388,-3.3573028083025758,-0.6538170883089549,-3.1217133109283144,-0.0293088306637155,-0.5710507404048999,0.12775424637590904,-0.4606258592780962,1.4569004576983442,-0.7269577581346116,0.8611718821938271,1.5275096270671844,-0.7908948741530473,-1.5782742557685607,-1.410308941991375,-1.4399896038102173,0.057713888759660555,-1.1077102454490404,0.5768640931204168,-1.385702190972389,1.682332311377908,-1.9587499249822393,1.2091383842254988,1.4113052396741788,2.2888947747114106,2.075449242968563,3.169433728341598,1.0065811109813607,0.8861649077009435,0.05590314242493667,0.7079704988417002
165,,,2.9713395570021532,1.5769365933709678,3.9505694731789633,0.7684461695235847,0.09773398477345262,1.1316655406540317,1.8203645836023377,-0.7012497885778052,-1.1462884057504776,3.7189328561733377,-1.5135036317246422,-0.5207916168177009,0.02576758906084304,-2.53148245500436,-2.4159828977500837,-1.665096878172464,1.2996739452776513,0.16674448439490708,-1.1717473669568241,-9.749659293407767,1.3726502663045026,-0.3593334244351779,-9.749659293407767,0.8987848508646701,-2.77237795177702,0.6256115538296826,-0.17530100323759362,0.5276306867276838,-0.2946487395730947,1.7402533972533882,-0.20077739868899505,0.4381045384453087,-0.7003096075237103,-0.2705903368968912,-1.0897519997923546,-0.8860435345171489,-1.0032609592987247,0.5993790907758108,-1.1831046724538057,0.7756673902439154,-1.4446697132674053,1.8939347201568018,-1.464145984328026,1.7114148267568945,1.6605466099579456,2.3496907982003394,2.2800042820800543,3.5399458433554223,1.4583836831239256,1.0749473158591565,1.5675188917300107,0.9671334306820923
166,field,2.0,2.4106437951315933,1.1635739138015133,4.658079810277147,0.8832659606637411,0.7969739057670413,0.5694098325703224,2.9379996798797134,-0.03902983146436624,-1.0888701090113952,3.354585260596203,-1.1515466348584407,-0.5238919156679985,-0.2480418442500794,-2.832548505166047,-2.866330746455618,-2.3177170745378417,1.456867589591577,-0.06442475338888531,-1.40490633623285,-1.4280811769191613,1.6478898174026684,-1.5531537134898856,-3.626835976436148,-0.07048207662696059,-3.818697534803582,0.11654181419345598,-0.19265119230106317,0.6636234647122428,-0.38488989039672794,2.0879071393749102,-0.7639789992556979,0.6106825933316711,-0.7081137498132308,-0.27063809654183274,-1.4354134631581423,-0.9623979442929541,-1.0152809346419376,0.42133368184186226,-1.2733481706815035,1.3596928017858345,-0.9535854436666553,1.861797956095336,-1.7756236372946212,1.0950753550028385,1.2950545723472557,1.5821563265004925,1.4646662820773961,1.3416258062024584,-0.2979184200256159,0.1831899165965999,-0.01125200804627262,-0.8829870963183558
167,field,1.0,2.617576967349034,1.4112486325509483,3.1840829654155867,0.7398699461916338,0.05805085675500808,0.7461270872458787,1.5015962997317431,-0.6792481013727716,-1.5664227589155397,3.6894287219981323,-1.8365372998025233,-1.1059325567076776,-1.1112314978014755,-2.7959686312966943,-3.0417831787752574,-1.835107025422823,1.5197744986234547,-0.1751336092251044,-1.4231519855525354,-1.3087757492224292,1.2607098410145108,-1.7132562591780507,-2.524924833109481,1.1498961481798886,-2.89953195285774,0.28996626882098997,-0.41727614309374966,0.37112875825411495,-0.522444332565773,1.5386896175409885,-0.23716900014455713,0.045996865483669644,-1.3416781593006615,-0.5200113971189421,-1.4425886337559182,-0.8741864081844808,-1.3510294840208226,0.23060322570869812,-0.9763727351941512,0.530571404866803,-1.5115125611220521,1.8179551597418449,-1.7410536444144518,1.350540576584868,1.4444707660272638,2.0316674168994338,2.0340572136097066,3.0861284901609385,0.7052074375759273,0.701255681431208,0.7435277139637947,0.1521993764296126
168,,,2.3434560848944717,1.1051654297264786,3.93498979266013,0.6428755510837363,0.3145151476815908,0.4220775717242058,2.2950766777908034,-0.5139991060906017,-1.5521814060733425,3.5112310426820357,-1.605077693056349,0.093484944748075,-0.1623561795550561,-2.647329334181308,-2.741841747688835,-1.6558822686918084,1.1554237769982934,0.3276381574147766,-0.9794568871406844,-9.780625289077376,2.1018686400032545,-1.7031781397461774,-3.26000416151868,0.4948050583160796,-9.780625289077376,0.444184603454488,0.9309662674748848,1.264837316156868,0.7888437759459277,2.3357031577962175,1.7557823000400556,0.6995037172558726,-0.44515118634442785,0.30530881244085734,-0.7019894080986218,-0.6787613934372774,-0.3417161091419193,1.0639236536581187,-0.8445901925113359,1.6586643999292674,-1.1987685843354166,2.4433216551296,-1.2550671813295111,1.7560557642472487,1.5425309539637402,1.8197064748905192,1.8294904054773533,2.433782522242715,0.027782057208481956,0.596266354575109,-0.0640096304340209,-0.5266508800811323
169,field,1.0,2.207697215236118,0.8276722535057099,2.31509661551085,-0.15968847878578593,-0.7025672379285522,0.5409068491993951,1.5616590908734624,-1.4569373992498589,-2.023793681704278,3.162438330954905,-1.9857158193523283,-0.9939432667165717,-0.5583164581916861,-3.290770688740613,-2.7476941441518745,-1.8513710016329998,0.7273974931033327,-0.4238093108708203,-1.3655015738190006,-2.31059404946999,1.4402777227963703,-2.032653751477413,-3.467263752764712,-0.44796333299724744,-3.171828501453339,-0.15043209435051133,0.1286657477171049,0.9702906602190506,0.254084097032962,1.719982900376604,-0.7887017876931941,-0.1629302687170434,-0.4518631612290941,0.6167117525114987,-0.28289944784698196,-0.012130245794712863,-0.08108097741945536,1.604627907491224,-1.560723767631384,0.3358501762693472,-1.010029971964988,1.6782013849166333,-0.25483456574966035,1.2902372763336518,1.3853695360236384,2.2536439714169525,2.080469187661798,3.8644088357229442,0.8035042816376238,0.6705394246628487,0.868846076348242,0.4374599501818226
171,,,2.889049514359894,1.7866256473456685,3.736040424234063,0.5129794067661871,0.0443022362845071,1.2904336937861265,1.8350491916109515,-0.7210929154328508,-1.7155588836361817,3.808380074666217,-9.322443414855812,-1.2556081004384751,-0.7899675999084171,-2.631601137437248,-3.1912169253726708,-2.2662681307554013,1.4707649960118534,0.1537167827150174,-1.5231000166398911,-9.322443414855812,1.4930255979663731,-1.3768879866023223,-2.3058337309615924,1.052796237460169,-2.1647079306059047,0.4859639314300466,-0.05345684744689538,0.8090558203913868,-0.18714991720254,1.9753190691661455,0.2608388735229756,0.3785606890624096,-0.900440410443323,-0.22437628536241463,-1.0229088445232142,-0.6019829021301569,-0.8791120720380294,0.5745732465500047,-0.9514327336176555,1.045721105420327,-1.1917954466952276,3.670467098550126,-1.332882965521946,1.6547658775033,1.718251944107789,2.501167504331161,2.4594551969602203,3.8644316083249493,1.060100417757322,1.0959016225596778,1.5261943982350248,0.7783364054040928
172,field,2.0,2.3539354927985006,1.0829777427857483,3.176602424505562,0.25912948873080954,-0.15739476035637304,0.677341160612616,1.6718234474337392,-0.9111030592453321,-1.938541816332294,3.3541582611926226,-2.2770939624557083,-1.109603733420464,-0.6811934366691812,-3.521196841719734,-3.14273805938109,-2.1967258222251966,1.133291606365629,-0.09407416941780614,-1.5193201123161586,-2.2177700008384096,1.267273215179147,-2.07514187266138,-2.8118680783085472,0.43704953146216174,-2.652001137346222,0.23878852986970417,-0.4130976595966787,0.28390561363112565,-0.6338203209165099,1.6610631608445126,-0.6150002615897397,0.025585155266910267,-1.1288038506297717,-0.2836385509757092,-1.4029581927198849,-0.8290417409619737,-1.0638553330273357,0.4950832976180915,-1.6183834701656652,0.8026008514050702,-1.2551606672558016,1.9822961106647565,-1.3435574058154183,1.546280218904541,1.7995984558895233,2.69276177993269,2.4336511026725187,3.90521336451471,1.429747326201924,1.2341637338537554,0.9703679485761619,0.9783952954358641
173,,,2.3510337857591423,1.1626284411504906,2.6608609213990273,0.25870578619616486,-0.35700349536296433,0.3991366812303276,0.9886757700512735,-1.2135820142431062,-0.9708237878933959,3.3500741875127567,-1.4965589099184446,-0.44148108721322193,0.7763035273138907,-1.8739540950754445,-1.8044313286719167,-0.3894025676654994,1.1149972895982603,-0.5403721117604614,-0.19285314541751852,-2.731909249936636,1.083304536021769,-2.254769683825452,-3.0378118685019455,0.33614368519698096,-9.598842534398518,0.14400667217479737,-0.30204927469213616,0.4537975135400507,-0.3991587426108641,1.8326016887038272,-0.566433370914997,-0.16888482088468368,-1.09372192421655,-0.2238355408671014,-1.274506201691618,-0.7249543992435455,-0.9717192836100845,0.604305067348798,-1.8413637678143389,0.7207862662430089,-1.3803249569089273,2.059498426669685,-1.299556627501244,1.839133065664178,1.8584222181462824,2.595825323068217,2.7921898515236108,3.523208794323685,1.3424097434730051,1.55501942199662,0.4000006514543629,0.947235475080403
177,,,2.918331054126387,1.659820795000316,4.5067532232934076,1.7093356574761254,1.2305767001489134,1.2757758660400424,3.482047697197876,0.08897173636387931,-1.0052237613456412,3.9396015483754754,-1.679715905972785,-0.24244288902689515,-0.31588993212022093,-2.4101195484160773,-2.5491470666691147,-2.285196530328155,1.549067421111793,-9.520815671394905,-1.212370151009145,-2.2470293535500105,1.5962929905171062,-2.0488835931497826,-2.9318891938613856,0.6855134653508266,-2.6291897743426516,0.48446102704325716,-0.23249625810213348,0.5498374980459761,-0.47181844982748505,1.7128058596340534,-0.1869311133272671,0.09272056924539893,-1.3235522999805691,-0.6095554168228724,-1.5759689603929086,-1.0417398020917954,-1.370925126992483,0.16619356769577426,-1.7350947748602807,0.3399209440735903,-1.5942130722135206,1.5888522470091597,-1.6959699803680484,1.1535899599996258,1.245182017330731,2.016255915403402,2.2105302084204004,3.19895147872447,1.013917061884727,0.9843614512123336,0.8978579841841763,0.6186526812569249
178,,,2.8432708541298117,1.5278841752004162,3.200994106651798,0.46827720254380617,-0.05470231948021743,1.2564785051184775,1.7598633667164094,-0.9549311885830758,-1.7734260877274155,3.541273097504913,-2.2685687332314455,-1.184361764250887,-0.9771698781795186,-3.7284431298451937,-3.512220021375558,-1.9115505987614034,1.1050394917383355,0.12891039307735722,-1.2421007296310893,-1.4248733001886085,1.3496666421824344,-1.5814465314480337,-3.186577186684554,0.49218680833011547,-2.8814971962608484,0.5283567309504417,-0.22731868624820764,0.42855239733857425,-0.3688206259392948,1.6288051619124542,-0.6268209241487713,0.03704380902320214,-1.0787110991640705,-0.5575991360639978,-1.3737891812200178,-1.1092869545472301,-1.2114222389556077,0.36269432465699414,-1.1233844227917071,0.5296818810955365,-1.527394456070571,1.7315615397069672,-1.5892466576633428,1.4015430269655145,1.4493750772960565,2.3991786696428172,2.218884204409914,3.419794171827364,0.9169183099161018,0.9422195555959594,1.0969500907392107,0.7102594541897063
180,field,2.0,2.4677146902032727,1.3130166094998372,2.5392734063402687,0.443963837799207,-0.2772765605405205,0.852316450801131,1.5784468982895545,-1.3505175094666122,-1.4116750672835228,3.637917713735779,-2.2848900119559206,-1.443238837257308,-0.8110861694002046,-3.2966016472130995,-2.9771518449591414,-1.7856458093983356,0.9737344237678428,-0.35904571603088486,-1.518948514319783,-1.7813539573167945,1.4150331949497745,-1.957697699554834,-3.034518505363774,0.5986926860051982,-2.0301859997060934,0.3707629960187382,-0.012243775700189093,0.8318088867844966,0.054989159153019905,1.590197002276732,0.10142383963404425,0.1450181363535335,-0.9067108640679493,-0.04602889150908638,-1.0285903465822082,-0.5864424252123442,-0.7500916566973627,0.7356428853785064,-1.4738613850717959,0.3660851355581374,-1.7135752416051824,1.4994304612968572,-1.5166863025581099,1.2524556482573697,1.2894217256183447,2.0216735732922047,2.0615174763601085,3.135842887420566,1.1646756641427818,0.7251765878520792,0.934145233330831,0.2536875286508297
182,field,2.0,2.535573710767781,1.310698231561775,3.6899969693122334,0.38969623209159826,0.0010261789188110385,0.8626790773014857,2.345115169115939,-0.8201700763442628,-1.371274031993474,3.6406431153290653,-2.1396095417621575,-0.8656274335392128,-0.6781268514335286,-3.187473478685853,-3.1955613332875523,-2.319995926205702,1.7689692826193586,0.3399018966652227,-1.6630194989025113,-1.5945111680721522,1.300749053342353,-1.3571500283851308,-2.831143818746638,0.6443648834114041,-2.771704902207964,0.574395452827394,-0.15336177698026862,0.6204157228843922,-0.1642178334937349,1.7115249854121584,-0.6515324863323244,0.10306445606997612,-1.2348458471736707,-0.4294465380050442,-1.3842722370380132,-0.9910163610956683,-1.1731076181150664,0.1663596492161288,-1.81566792506718,0.20051856802744783,-1.7753364185923535,1.448718012246619,-1.8470965420407108,1.0697294260828227,1.0395198466351585,2.0957769798429697,1.8548745522038066,3.6591284138523132,0.43746566428005157,0.5649640822846081,1.6363468642696148,0.4030531969276616
184,field,2.0,2.836641244980345,1.2262851264975239,2.9730667377437396,0.583578405353725,-0.19715215325085367,1.054489210784081,1.6432828849540253,-0.9413283488535454,-1.4741389961261415,3.9032994813119184,-1.8235248693847246,-1.0133930564044202,-0.8533265458998234,-2.6441789855872355,-3.1471779589251145,-2.2228238714321225,1.2177048046787915,0.7795785521019698,-1.4871666513486645,-1.40143888004052,1.3661169209301622,-1.8088682394186184,-3.254706406725289,0.46179308634287114,-9.649968004840739,0.23947133196933085,-0.4348391161327582,0.2983016904672832,-0.6252345806500393,1.692382639488062,-0.15092108536658658,0.20427678111693842,-1.0628756860448334,-0.3853288594571767,-1.4314504273511475,-0.7107804033651258,-1.0610124471976101,0.4112068235309837,-1.2379131315478054,0.6056893587453307,-1.5018115649191137,2.8672407541403215,-1.3095119919245546,1.6879133583057648,1.8257020145721574,2.438041565825733,2.5736350806789443,3.9211166302313956,1.3516483861869597,1.1820352491921138,1.5675926172982861,0.9187815247657996
186,field,2.0,2.526140281553049,1.175045990871625,3.874475897217216,0.8404888521865117,0.3799900272249846,0.7866271478125034,3.4713433753141847,-0.5151056042938508,-1.1930606962366688,3.7653616962581102,-1.7353472945948658,0.12731210461150852,0.20088430885138428,-2.945280560891268,-2.888242927291819,-2.212703658921454,1.4229282193445325,1.0288799878064343,-1.4523764647131192,-9.769654230934353,2.565813765580369,-1.4308702594921556,-9.769654230934353,0.22650365644308235,-2.7057502694622855,0.6431478041688133,0.4146418251103829,1.2830119738405716,0.4463787237782444,2.3730472118769215,-0.46527721703178815,0.5381978242659055,-0.7665840611160908,0.05321961760752859,-0.8949264651675021,-0.4740540150073477,-0.7530199746187638,0.8182928737641539,-1.688797811293368,0.9460959830518816,-1.1593350615286329,2.1231997067999853,-1.4204064303675639,1.4437999410091171,1.5896420848545303,1.9541721491714628,2.322622420116892,3.1451460864727543,0.7116538221920434,0.5692778554511244,0.41739441446925146,0.055709604820195165
187,field,1.0,2.6470860115430117,1.4163844680103181,2.931623138059818,0.5121583320315143,-0.12629896223181072,0.7833215807809351,1.6310597805587788,-1.1224962454718508,-1.5882107297542776,3.757160291945796,-2.0492715849071446,-0.8185128716087575,-0.3848423376558682,-2.7588416108258755,-2.6922759249965353,-1.7481856555134831,1.0616640130366417,-10.09837930623355,-0.9916232505139382,-0.9931772523806724,1.7365282034841032,-1.987051302946817,-2.8685405280823,0.12595910202083382,-2.5403843477027443,0.36400949330013155,-0.14781734631149362,0.47324526385835525,-0.2918983716395728,1.6810633264135235,-0.41841037534171527,0.2832040454456495,-0.9862031830445991,-0.3467617030355487,-1.2041204812308466,-0.7450647653062609,-1.0818664312375246,0.3869327282182567,-1.4067287330801603,0.6288669357725845,-1.1775894177691761,2.032824308380367,-1.5055222108963235,1.7064318834490326,1.8790471763455288,2.6213579293814755,2.6264365361937134,4.466953145833155,1.4608857035422358,1.1963652730022132,2.6963684982598575,0.9731377608510201
191,,,2.3839480711223247,1.039742060912772,4.216418505853226,0.4588258952430884,-0.03816726335083209,0.5004576003733121,1.925970191873823,-0.7320635331214671,-1.6711964549703378,3.4961481625284656,-1.969916747250548,-0.7799956963802626,-0.491992063284733,-3.1685012288287937,-3.1176363751185017,-1.680826223861709,0.7219034832871907,-0.30372245412093135,-1.219702509828107,-1.6778398360471185,1.2055988241161681,-2.1833007026464344,-3.181040578081529,0.03692000157910422,-3.1087932813821677,0.10572972346073632,-0.3113866926891116,0.46715652738687025,-0.3495451682841564,1.6637486768223877,-0.45403345058233857,0.4816916373743462,-1.2036352554105245,-0.3525237156530754,-1.3574584779407455,-0.5211892333558249,-1.145119199779421,0.4289603826170968,-1.5881424829010333,0.5521689057792064,-1.4821888141362098,1.884788647485431,-1.4996488823050322,1.4341345957287026,1.4263117678495165,2.285740943788023,1.9566210321848947,3.899452493454163,0.7673782369613106,0.6345027942822236,1.3235770039536496,0.29167015529291274
192,,,3.0856696855886736,1.9336824049927201,3.3557963503473656,-0.20540454194040933,0.2475446696093054,1.3534632290845032,2.1924688089656628,-0.5378818751666903,-1.2732670938340638,4.299678822242116,-2.006856357458287,-0.9594476615636794,-0.6585271065643927,-2.1114866795823914,-2.4431045377388063,-1.8628793455372639,1.0741753342416085,0.8838805638525616,-1.2110550228382584,-9.228692182746736,1.4828325162232932,-1.0077510144653465,-9.228692182746736,0.8692925025134802,-9.228692182746736,1.0188105155813338,-0.2155839803002619,0.5715437399789176,-0.255721069348745,1.909350723993051,0.1939329972087807,0.760743681925757,-1.04585347198071,-0.3101757823896691,-1.0658908292546623,0.0997867172464884,-0.9893627548449411,0.5876567119726288,-0.6829115344785859,1.0098737783405578,-1.1063209393401832,2.1919535061041966,-1.3159029620560554,1.9350587114593958,1.8112973579999112,2.9070491960450067,2.324069190720692,4.4913223781502545,1.6174163969095772,1.074979893453631,2.627269642057343,1.0408610821148183
193,field,2.0,2.04341821984884,0.5224008448088112,4.274916385303354,0.17498244275216426,-0.1551819863602966,0.11933555624450809,3.799286064902244,-1.0184050272083642,-1.4160190632827845,3.0966391098000408,-2.144680180085743,-0.078546198284967,-0.005800234589095083,-3.2528958828521364,-3.6520874446630627,-2.5907465507921845,1.1913533262319833,0.27261283718314333,-1.8559597937622545,-2.001662448147245,1.8959039602250753,-2.0127082825009905,-3.398274576606558,-0.23960315618162462,-2.5663785608308607,0.0048617295602717886,-0.2538337284215417,0.5351338425795741,-0.22810594991724745,1.8704235783061829,-1.1409487707673691,0.4219778288354467,-1.1830979223504594,-0.22746428768455232,-1.26611699039179,-0.44829668685659235,-0.9879518827978161,0.4878258024323825,-2.1993362581249696,0.9085994244443215,-1.5806515967885832,4.1500014395166085,-1.5022468911192852,1.1317076678638787,1.1920109997909796,2.1456397888650662,1.6080038358772974,3.7221303748500545,0.418989770845823,0.41258417497008626,0.8514987005601061,0.15476264477012822
195,,,2.2342606421362965,1.1038760452898315,3.155022165232262,0.8304232902038196,-0.6129597008640167,0.5022988786485114,1.341089820210669,-1.335833553878245,-2.1106913028297725,3.4051885862351337,-2.298902007357414,0.17606843577145703,-0.9273537419227155,-3.3999826712374692,-3.1416902772386424,-2.2619952173345297,0.5778870817106112,-0.23816277404748487,-1.7714510999877893,-1.7886929064222952,1.2348632828967387,-2.3605479517789343,-3.307118821051653,2.184857616131458,-2.9389393626034104,0.3853437331124512,-0.2152704885699601,0.6917944954793855,-0.1735727412259487,1.6260661230272175,-0.27522404019603197,-0.05730755076668041,-0.9139953575079426,-0.08854709647131208,-1.1163905241522243,-0.02150040242109474,-0.9809128827490206,0.5685590624745126,-1.1138434731077638,0.5754718944022045,-1.3670170135920865,1.96345663056637,-1.3795957957989469,1.519355387516805,1.4969229921854759,2.144466838064987,1.9376088753455838,3.2220965540197524,0.920996406968663,0.7223418150420947,1.1978296500230554,0.4793524524180451
197,,,2.183578614123397,0.8827263832389931,2.717866631441491,0.02510839532629026,-0.5571145905984118,0.6117459308645434,2.303839896351814,-1.6327692615123575,-1.7634010443528372,3.160070420139771,-2.2754590125728265,-0.9971106476561342,-1.29590517535635,-3.6366964486801776,-6.359658389278071,-2.621318304995735,0.5785714491836085,0.7758831679898635,-2.104745154881822,-2.0328244133235227,2.3576593817968776,-0.645553784721801,-3.706614817688072,1.362008572421696,-2.0322664294905763,1.3687573905629713,0.607746720078505,1.5487287700119723,0.7382166002048826,3.0148933524500166,0.45253174782220845,0.8141272319559456,-0.6279593735951907,0.19204549377358954,-0.7984893364434748,-0.2407549146401863,-0.7271349333709556,0.6539783963830621,-1.4364955259436036,0.9166349901323354,-1.8390953025784815,2.0185932273947973,-1.68118538415882,1.2628194969428759,1.4102318204850253,1.7221911223578037,1.4630853655601055,2.650419028824195,0.46760455044496513,0.48275428951301635,0.05647535273433116,0.21165845532845265
198,field,2.0,2.415200330812306,1.4972930946527392,2.676094135538231,0.47423777595197303,-0.2217713624728364,0.9656082864629242,2.208879261990348,-1.3397249133977998,-1.7143780134131756,3.6479622878622,-1.5490386622061108,-0.6400522437750455,-0.7948645910282964,-3.455780714456054,-4.276426482458479,-2.4192136387323058,0.5369477623946206,0.29547677946422285,-2.066727730897084,-1.4380578551054335,1.696104724685552,-1.4749697762178455,-9.75289003438999,0.2500807966310886,-1.919686085748932,0.7654317441466727,0.04562581577951581,0.9071419438358753,0.27285939767909373,2.081836281112337,-0.3890563414566982,0.8440696459050236,-1.0472275555935635,-0.00016723374359881927,-0.95111958547545,0.0773276562183633,-0.9330768981577642,0.6731342978401403,-1.2752696180935754,1.0333728306824765,-1.3395030116993414,2.8624106306088763,-1.3171238416694815,1.68316518532204,1.581901095126554,2.588526110906365,1.8496018739392817,3.582907510445328,0.9977739425888676,0.9627714051277247,0.2414432014457148,0.6009403850323881
199,,,2.404611592922122,-0.08573596587611747,6.757157157724586,3.4815453717612233,3.2669462982028064,-0.43462159952396456,5.662272826850869,2.007349258879523,0.6340595704475871,2.5591617677935514,-1.349964305941103,0.5694261307508727,0.711999771109001,-1.6333127245620045,-1.7234819528615666,-1.3854857937791876,3.0214889698831535,0.4097563196499909,0.030219076311731617,-2.1524525199972215,1.9741047031916417,-0.8804543278037663,-2.643204314933849,-0.08149479424934478,-2.4261710072329783,-0.406282899504817,-0.5940967179545429,0.01776103824507771,-1.0969745009174205,1.0410598203353916,-1.080638988379157,-0.36475499063576905,1.161201253054769,-1.1960831450867915,-2.297501488383817,-1.3331941116082975,-2.07729293302887,-0.6800729553278502,-3.1316844066931924,-0.7452732432871451,-1.8917912429503816,0.5927633959719344,-2.7995958920573947,-0.1370341515347871,-0.1948034909843815,0.5794536204534106,0.39838259548940075,1.5938187280055773,-0.7578852409831339,-0.9835953300211531,-1.0880557107668551,-1.221548520167359
201,,,1.9443582043566818,0.6002345997993275,2.211421253246466,0.40582782194424677,0.24193377650436892,0.0889397545279113,2.307959101035156,-0.8459728810290731,-1.5931796495337212,3.361565206094994,-2.3883892693195152,-1.3369141590404796,-0.21387119952016978,-3.0709915367028455,-3.253949023565926,-2.9001790583538343,0.9563901510436716,-0.26765042046394755,-1.3876818075063675,-2.4890138991873325,1.3326762171946716,-2.0079701931374383,-3.6337910267861933,0.07040028767790558,-2.657716362510396,0.025238846206975207,-0.4702580380263421,0.4595299462710241,-0.29025113306057965,1.559835242850426,-0.41277463741888115,-0.11852118886418973,-1.076425297534755,-0.24396760790804728,-1.0799783148346171,-0.6410766954993389,-0.9462624614047797,0.8403064761660558,-1.3988444931820347,1.240656287856977,-0.9771124439407725,2.434931619679638,-0.8557068296886209,2.419605060857033,1.9007271302327016,2.724219506698169,2.2881703145548156,3.5199991432142004,0.9663554005171683,1.0226640830187017,0.9789065606669588,0.6555976358039508
202,,,2.4125529159417423,1.376715443679942,3.679575795074548,0.15320426157697106,0.10469712477302867,0.7353500890671129,1.86554986408404,-0.7007596642421487,-1.9553376649988505,3.6913747972142015,-2.085626316591712,-0.7057175326029356,-0.6479947638914892,-2.5449757537114714,-3.506761182372323,-2.7019100122323763,1.096279465029898,-0.20628861321599137,-1.8743172229245053,-1.3115588504168711,1.3074905098261718,-1.9822871576884031,-3.1459131397529654,-0.19158393360739967,-2.929126888934222,0.09844017616699617,-0.6582641614875763,0.06292515147395646,-1.0983429581480597,1.570546717718032,-0.6628036256037835,-0.1966163902618512,-1.3225502087811536,-0.5932254494772737,-1.4039582907793133,-0.8075988464368623,-1.2322015223770055,0.26474505041341906,-1.0574817102274738,0.5936558143340556,-1.2348227558568798,2.0744906408774226,-1.5613706488132424,1.7060775162846782,1.6693988223624094,2.616970890835436,2.2748685848031847,4.324644587980994,1.5886719294869094,0.9586243337096142,1.2358599773634678,0.8566848053559073
203,,,2.481083070942728,1.3753174478109047,3.241611029946072,0.3635141781467397,-0.12319233337116214,0.8973312067145273,1.8306577968652284,-1.0347368265261616,-1.4226390305128802,3.349161051544249,-2.2185985727624975,-1.0632437917344608,-0.8641172993844655,-2.8057866144800236,-3.148201067199599,-3.039306978960462,1.1934018554073798,-0.18647933595910163,-1.7259003335890635,-1.4822370520436774,1.1710722197704824,-2.105483768324666,-3.2189111427779165,0.13822706401606452,-2.506946202643173,0.21621341966010668,-0.4686179762089601,0.32430704826912593,-0.49827650593439776,1.947486247758748,-0.6959543146957865,0.6072494491311216,-0.9925655060061637,-0.35581901346054357,-1.2706776625710314,-0.9389685265336304,-0.9912484647680063,0.5046712152941042,-1.817801695872885,1.4420672318703536,-0.8726533056892033,2.263399832832428,-1.2864659254226845,1.671723597727107,1.62779416475812,2.2683936642718767,2.1957409021533087,3.0137367828812645,0.7359789829276264,0.8913619670969526,0.9432104156152179,0.4401174040207454
204,field,2.0,2.345016631343743,1.2858011975324664,2.8239737552179953,-0.2719247804184361,-0.026571841786287655,0.6707768951816658,1.8713546373915941,-1.0857352938231102,-1.2330505140587822,3.2833323912596626,-3.007767239835094,0.14240769287609314,0.04963763682527075,-2.1938434168110708,-2.336108489404348,-2.444071478879756,1.1852392464411834,0.4465329183102345,-1.3901859599238215,-1.3235207480257134,2.1577987125034124,-0.38146466038028,-2.7669556707839296,0.38458767349162104,-3.0217649982351356,0.686433273510085,-0.09965605858232186,0.8583274060675301,0.061900698072052035,1.5938069543847402,-0.37686125281749666,0.12170082082548041,-1.1315093148731534,-0.2538513663243481,-1.4024260148183236,-0.7185996424486655,-1.1520059838371857,0.3744726193079632,-1.2795837316237972,0.0662954768825359,-2.0440500423527683,1.3104837333720398,-2.1101285300818993,0.9558065901856179,1.0665637161723989,1.8400187991009747,1.614773683202571,2.916748688761343,0.8698522129535907,0.6104607434528547,-0.011667086287581724,0.4691993117865827
205,,,2.1969631514244496,1.0567206686402761,3.2400824863064175,1.31715396883833,1.1672967296133268,0.38001069263374415,4.551434139189569,0.21317255790858827,-1.0829693033963532,3.651316405771462,-1.667312091130481,-1.058730143858689,-9.896556507866393,-2.921142580410441,-2.8490392865090977,-2.3921649487051546,0.7865540421659565,-0.29053203963715135,-1.1864315805441856,-1.922023663736165,1.383566407495006,-1.9292763289241932,-2.7505720401520053,0.3440102399114343,-2.7088993437514373,0.14551838442577772,-0.33008133780398735,0.3928055030128951,-0.5395217567394069,1.6691511425428047,-0.2002161335598755,0.000409827679469279,-1.0923814891127681,-0.39049149179524484,-1.4382644243703167,-0.1928012023840136,-1.0905818485550738,0.44415318439109097,-1.0874402497411204,0.785361025758138,-1.2000462686764999,2.195552050531787,-1.411266865463164,1.7117882218672704,1.5339977071454234,2.6531554862116367,2.3038953707078207,3.685752587143898,1.3532624172180956,1.0610339933518873,0.5239971560251798,0.8806273789114695
207,field,2.0,1.9672123871928557,1.076466449191186,2.6622095048169023,0.7255792001846989,0.4869613415647485,0.2366765038037218,2.4313595044072303,-0.6929623661829883,-1.3035010171550019,3.364879932901033,-1.6030152610665858,-1.2808585404052422,-0.848809177932303,-3.2194734831446254,-2.9943748969946125,-2.23656713243457,0.7645697701092202,-0.4843946096544961,-1.1744988057438561,-2.2231099371707153,1.151422452103769,-2.2704560577679134,-2.75326864530623,-0.051005568648059205,-2.547587919324542,-0.2727197476657002,-0.5853907652945295,0.290873703237849,-1.089472771666676,1.4430328569206032,-0.6857145458101463,-0.3889689963974285,-1.2880655241892345,-0.5243571852212491,-1.615530090028166,0.41713372398277604,-1.2620282190421475,0.3501694578039621,-1.564886357209411,0.7246699714510502,-1.4902975002183383,2.3682807753367388,-1.222472744058153,1.8601729471119641,1.9692452192116134,2.7093242408558402,2.390295752442459,3.8806731599196644,1.451506431310097,1.1267054127726701,1.0573421137184118,0.7670250533818327
209,,,2.089909854137766,0.9230034647754596,2.5773672161517185,0.0832378874345692,-0.21157541018927845,0.08581718021514845,0.9141943405456767,-0.8417356488935147,-1.996422544472692,3.487062587269648,-1.4951697396390717,-0.4965962412457677,-0.7512439313766776,-3.0957356040174124,-3.0081986028369685,-2.1172750848412365,1.0239083643372258,-0.272530735635811,-0.8122593727214131,-1.9939737064464065,1.1684537742872674,-2.3608835380430064,-3.319931233282426,0.1763769462673337,-2.590604396144978,-0.019184413562536324,-0.4445840620363591,0.23804495061325742,-0.9171436411979554,1.6231575113198475,-0.7114106275272488,-0.2794268823311498,-1.0647688188399873,-0.34386475428137814,-1.3076632603781662,-0.41188041763147304,-1.0120967844022364,0.4462442448409654,-1.7068158804024383,0.6344704491436968,-1.3851732648319954,2.1983773527776505,-1.0799216770603421,1.7717098673118055,1.7257155226270977,2.76320050235138,2.583970349332807,4.066405908050355,1.555808329380936,1.3562735980022325,1.3732618793099405,1.1820981937861523
210,field,2.0,2.586470521500007,1.306551326449087,3.3039924744076052,0.5861502594153394,-0.17397835832558028,0.6991344240333387,1.3010192156756526,-0.886589365385965,-1.885780121367676,3.6735208588214747,-1.6605306625464735,-1.2906158493210689,-1.041888258823575,-3.279240525779234,-2.992929255461232,-2.6770977397429623,1.0063280102095047,-0.30988035656443913,-1.5608867814850302,-1.9865796686786512,1.1914114794992172,-2.4839572003445642,-3.1095555529897916,0.3886321516840646,-2.840543801158543,0.20507176259342777,-0.5487945900128325,0.18739394578936744,-0.6054698410175092,1.7440450091578672,0.18478158054275773,0.07339954131424546,-1.0830819654479482,-0.39313967126339644,-1.2277546200442384,-0.9840801884666485,-1.0691613290924589,0.5131346927254665,-1.295691525223986,0.887743220082838,-1.1448309430222374,2.3922923149810655,-1.1197035907747865,1.9664705001422005,2.009503767512161,2.460424641818509,2.4060710371935197,3.37349346299067,1.1500584877596092,0.8918959443862026,0.6442777984088438,0.5184933332467841
211,field,2.0,2.583015029653507,0.9486241291108439,3.9703523701064483,0.5870429578115138,0.16063548213692183,0.8297757223905279,2.040526591502722,-0.7394959129943771,-1.495896892348313,3.394077337212437,-2.5524849326350663,-0.6561277019153053,-0.8548535464641533,-3.0775859649584167,-3.2930742128048727,-2.373590551778228,1.0330928169139304,0.2508576750752258,-1.356343298545501,-1.6598140751577077,1.5332350568692081,-0.8731161723291468,-2.916729298753843,0.6280706532966224,-2.8641072126328555,0.6291061338216095,0.17515703651109285,0.5486635734996081,-0.24992916558421804,1.7655152687257223,-0.5383251011903946,0.021044698036905684,-1.1509119912971437,-0.562804479356097,-1.4527003108901329,-0.27981501035960515,-1.3016509285487834,0.07252360768927271,-1.7033872684847053,0.4685405884843083,-1.4850476097575473,1.8438848268042543,-1.7186836921361743,1.491846577232085,1.2236813981493864,2.2399530130155014,1.7722651166490044,3.1771167638659246,0.6094573970336111,0.45178847398246746,0.29477454848367207,0.4118504868582528
212,field,2.0,2.6650970556579194,1.7457105799035877,3.297162494402251,1.0781506966949832,0.7296447783650167,0.8854970091485965,2.561076591063329,-0.17036042312354266,-0.9171241105638378,3.4736370974673214,-1.4104103879630248,-0.9332349308365361,-1.1752621582620493,-2.872208635895192,-9.995075294494274,-2.864176464197928,1.0157530092738025,0.187973949260862,-1.6180641336778998,-1.2977295635689228,2.1074518539016327,-1.951411942100331,-3.7259790107880133,0.17442370958323886,-9.995075294494274,0.5930483215833713,0.3605382809490661,1.5154773575807001,1.1612752215375544,2.211387275005666,-0.4710196730194955,0.8215580497719294,-0.2562265638997935,0.5935776688601407,-0.12178925069126822,-0.31579435812562145,-0.504379625452772,1.302835986135394,-1.7444552123195831,1.4328694575644365,-0.8055500622320122,2.412279677595428,-1.0804491666671374,1.8100271257889946,1.7754106073252058,2.1811359030017363,1.9446722528125349,2.7812902212353956,0.5548346400955628,0.5367275411002567,0.3005894718230823,0.014662377884512431
213,field,2.0,2.1747778696127837,1.023357908072834,2.8762431072545978,-0.3313730104373379,-0.10912328539728249,0.26875475952417716,1.4236090463695714,-0.5528029701632047,-1.990778391150753,3.807228609719832,-2.192148142915402,-1.422752425702624,-1.58573265817979,-9.767732794473195,-3.0050032875413155,-3.031952780230868,1.3010594964979543,-0.25699157763745645,-1.2360451569065047,-2.8284788484316867,1.4415302564988144,-1.5966986052677141,-3.587716140820622,0.732666330742053,-2.5313934517188508,0.23740841178943334,-0.11001791131163792,0.7897972187421177,-0.4376557408946785,2.086901173913493,-0.20279964476260415,0.31690896710488115,-0.6926395719050379,-0.010369883419202976,-0.8960871269713239,-0.5490275061653843,-0.7439629935803814,0.852081211570284,-1.667874883735609,1.6030067927627483,-0.9313588635458053,3.0084630989202,-0.9117842604211757,2.1774490005817775,2.1504244180454073,2.7528220697865766,2.74412457725659,4.145786118127449,1.514457878487003,1.5760637074890622,0.9254840364691227,1.2498958483486702
214,field,2.0,2.815485409908709,1.7515049278287003,3.444417408633655,0.7711426182745461,0.0893780025872073,1.030748915884307,1.8703636361378422,-0.5542835848828831,-1.3807657351463472,3.799022856857315,-1.275475054329151,-0.8704290577107764,-1.219259888476132,-9.340740263226884,-9.340740263226884,-2.136590971190944,1.422721605704496,-0.10414752010663496,-1.2574116544405085,-1.6717119746372007,1.7226584822182136,-1.7969373957253738,-9.340740263226884,0.2689800732015156,-2.377550277356646,0.5264463095829129,0.10118790684617213,0.870783307641417,0.14995540581461936,2.1652512171404155,-0.17111772452925966,0.4245765802505783,-0.7054085437936044,0.1453361101826797,-0.769437746163614,-0.3218025567808479,-0.6985015828364215,0.9261048547118396,-1.2761037874526608,1.3277033726156227,-0.9171986278921014,2.8744853656564406,-1.0407085514473082,2.445504623359289,2.4067908119609873,3.126915572580971,2.857461487922721,4.034264883373733,1.3851887736975816,1.3964387148614983,1.4662972005325643,0.9499465886105165
215,field,1.0,2.8614422861984994,1.7823196932719474,3.232318696065861,0.6510489160571995,-0.11863044318992937,1.1963061863029543,1.8841654219206416,-1.0654223764176944,-1.6877824679090878,3.877621191494571,-2.156191487624778,-1.1523960794005006,-1.4554661858012883,-3.6854601821694732,-9.952660730710836,-9.952660730710836,1.3363834108582735,0.2035291753810465,-1.5253922468225853,-1.281202580283169,1.5899982785142157,-1.5744997479901557,-2.9209194719477076,0.9450040923565186,-2.838704621144801,0.6671044197740921,-0.02927251646837149,0.8168132437896996,-0.012600197943867474,1.8761041419195141,-0.10468588810496643,0.3635323215889506,-0.46264525668478845,0.030931066066953897,-0.8889659390761376,-0.21081014377582968,-0.760688016092838,0.8258579634481448,-0.9977288706361382,1.3498769807338606,-0.7148997631586609,2.8414846499105892,-1.0453191352983273,2.361544085889166,2.218054130938242,2.661347302606048,2.690168950271438,3.5784025173115865,1.4400951029478581,1.2928165686384212,1.1687912847779647,0.8519430003285005
216,field,2.0,1.5778887497245941,0.5493103985500125,2.4727210957882355,1.1983547012323748,1.090913659175609,-0.24365166755688836,3.2398600196144174,0.18637273897042347,-1.2875833619074484,3.2882519020165493,-1.9122403098450083,-1.4502501001409887,-1.2358235575442724,-3.0876326605518383,-3.0194363422045094,-2.9958822590542526,0.7160939275826516,-0.5520504424174691,-1.2604948683847044,-2.4901214457577243,1.1808491959789802,-2.352491534038588,-3.2870374185992413,-0.3214774555240154,-2.8699327808188047,-0.21903071875703034,-0.46125818030415905,0.4564061512051324,-0.579119764385687,1.7401771495833385,-0.7259697760071466,0.005849810283843674,-1.0424999195860956,-0.21795245188936166,-1.1594054697085598,-0.5558852490214096,-1.0318815871969165,0.5807476696968249,-1.303411485955756,1.2529242626399313,-1.1209987673038595,2.628932407425958,-1.1095182786721745,1.8423670972692254,1.8869796974513007,2.4699036298303905,2.5049088502696417,3.4358690571241346,0.9609559461343805,1.123320000364455,0.9741759976265932,0.528903737594912
217,field,1.0,1.710966967281244,0.4072711360038915,3.544126008256715,0.18719399704637923,-0.35638400787804847,0.25974077997054756,2.9454449695940155,-1.643471718914491,-1.926161269763151,2.6754021540669135,-2.8101120936594532,0.5098722110825953,0.44404523677089025,-3.5584342912682687,-3.6200784543794753,-3.218958030875322,0.7077891315903941,1.694404507315571,-1.9571819634206078,-2.644592207060256,2.50366376444093,-0.265974699941128,-3.034381318486434,0.16789735552120147,-3.4927076175679383,0.6536228532427669,0.5123096796447438,1.3789385482628576,0.6094519596109101,2.6505657198833146,-0.6149611674059464,0.5686343482776264,-0.6892315829285506,0.16907453794054914,-0.7263805067094196,-0.7125932131982368,-0.6214961996399503,0.8125688316007992,-1.886455435766969,1.1029582576781005,-1.4689381678200322,1.7693792172635603,-1.5629209398228985,1.1871946641978621,1.1517260972549899,1.5236702741033383,1.783285433448607,2.170897622152437,0.2632863547005592,0.38207845634645754,0.46357573925990037,-0.09962192730409519
218,field,1.0,1.8818712856622661,0.7619340188192667,2.808052493507835,-0.05153538887656609,-0.13719861719172055,-0.08067781060731719,1.1859851467591658,-0.6844015428119978,-1.7547528197618967,3.373734051474724,-0.9677064534257412,-0.8396194345369951,-0.16963561221795448,-2.425029980681227,-2.2758837269591745,-1.79937188434911,0.8796180158575823,-0.19329309839750933,-0.17709752636964027,-2.443179299186905,1.1868457797939642,-1.4038516095831117,-2.32116081291237,-0.06289695919582824,-1.7347131120582713,-0.11762609536156113,-0.4575511511997771,0.2645917769701906,-0.9965989705647312,1.4904095865801925,-1.0486769576491843,-0.31491021644776324,-1.2332587546789824,-0.38669685257609293,-1.4007101489934857,-0.5754509405643459,-1.0187667525319668,0.4285003256971077,-1.509356088551109,0.7141439485914166,-1.5684521589180533,2.3467297184794447,-1.3084236570295824,1.7819379699781706,1.7765438535824087,2.280101794743789,2.0996366172065053,2.986143378353384,0.5614095052973043,1.2465501337287364,0.6602733407482454,0.7434716923582527
220,field,2.0,3.344200041867582,2.3718148263307373,3.67806063761206,1.037887763977472,0.4536373750534823,1.577288679219252,2.328185130250879,-0.5307111226584309,-1.2484793876087243,4.172581923563688,-1.7305369411982725,-1.0079758754320338,-0.5677678188799966,-9.026272013947555,-2.1448607103050192,-2.9214787815325693,1.6904320281779415,0.040659774733272,-1.3300593746011473,-9.026272013947555,1.6846507655500416,-1.4542835645701144,-9.026272013947555,0.40976863812452774,-1.6617249996919126,0.7040519195793845,0.10578243963008406,0.8401365303471527,-0.33344625388815896,2.1079957908341007,-0.35327237139311735,0.4353716751366942,-0.82023425116874,-0.2312955822587837,-1.5218804547863158,-0.25288741717090685,-0.8566524522237039,0.6067182908908936,-0.6879662825909896,1.0402268468480285,-1.3151707621073965,2.6804588157579143,-1.2700766699994368,2.0705924037011063,2.334539029946009,2.600071418058231,2.787616933780369,3.4346133780511168,1.3530459093573015,1.3925808423965962,1.4333681939396063,0.6032391131929046
221,field,1.0,3.033248758509054,1.869058568299576,3.5822822370010967,0.7453137372284776,0.3913425180365738,1.150699165422199,2.5100831243086787,-0.6086259968445268,-1.527498742136344,3.8029132191451374,-2.0074288377536824,-0.7119022304578974,-0.6049301109057295,-9.539516981295405,-9.539516981295405,-2.5211151822262043,1.4902466638913063,0.2857387229711494,-1.010197610081327,-1.2200432888532189,1.9325864891545683,-0.835512327812361,-9.539516981295405,0.5567786187588135,-2.3670924041705597,0.8299348030946903,0.7452795894711283,0.9306470877467194,0.05968474962216191,2.154362439061473,-0.2500882030002585,0.6643343893484461,-0.5688307127604217,0.0027854718241045145,-1.0329803700676965,-0.38173386005789833,-0.8101198586033433,0.7043992565010516,-1.5123668744626297,1.4350232246672743,-1.065857791902896,2.773367626034832,-1.0531954535462544,2.0681457721355083,2.0762899289754664,2.359514066302697,2.8450490696651127,3.3274223922206683,1.3349009920732018,1.511722169469125,0.4568687536074536,1.0780471949816983
222,field,1.0,2.447753838937778,1.2683660938069563,3.0265569775264987,0.7231147384599308,0.22944951258204543,0.6863755181043377,1.6055966598086469,-0.9102764149966623,-1.6146679086010598,3.273494164555506,-1.877212458083257,-0.4425643414620501,-0.6308931453595766,-2.595606421377986,-2.6756491290515223,-1.8678804709539227,0.7270149794710096,0.06007642082024152,-0.8323675406082138,-1.5247654890959488,1.2863267842109845,-1.375591651530282,-2.9427119143005678,0.02304557687395761,-2.322009088807944,-0.048431088572984046,1.559863117374494,0.06628999738403069,-0.9679783148838279,1.30443070385043,-0.8540366966737862,-0.34348684622387904,-0.5641167807977728,-0.7986159027323785,-1.7278523892945763,-1.2637617847433296,-1.6469771302264042,-0.10957132926650258,-1.8780651547880884,0.20730355084129415,-1.5244659533740748,1.6362615910149783,-2.0666764441460073,1.2943479297144442,1.2737991996440725,2.220432992985989,2.0692829993117274,3.97857843810473,1.0850443396429983,0.9475042303515404,1.598481950762437,0.8074394838115538
223,,,1.8963613897572507,0.9066086913109158,3.2618107019043623,0.25526959962354134,0.14753761880519434,-0.20401411175517287,1.50703062323454,-0.4155876835065556,-1.7888884982141173,3.3025819115096042,-1.3578418745302143,-0.9061356015955809,-0.8000059743384879,-2.6301892008013317,-2.685115344177237,-2.0565973918164695,1.0148251593369353,-0.4441162192986792,-0.8218265404663219,-2.4677024675720123,1.164959885540751,-1.8536861682341712,-2.9579423156380935,-0.4019003189854951,-2.3128483054786684,-0.24081812646847467,0.8135338102991888,0.3226866534640845,-0.8615540317883105,1.6702145451227701,-0.5640358144598167,-0.3053172891488922,-0.8536773911310057,-0.36713910086289386,-1.3601899294336386,-0.5762636144289686,-1.0152288958570908,0.4426591184498089,-2.095818104969751,0.7510857782012624,-1.2539256631494553,2.3552636634036936,-1.122184489898,1.762533408005024,1.883912921721465,2.2199830518636987,2.7797910590938506,2.6508188859421065,0.820442052809161,1.3987665110514982,0.6968969065734281,0.6949765209807616
224,,,2.4437378354450736,1.1733454365738967,2.82459996201424,0.9403032661969402,0.4552904381273106,0.79265691104907,3.0500500592786706,-0.832877021899634,-0.727186255248053,3.471133669842658,-1.6074958138219626,-0.33098882348657177,-0.4892199702450748,-2.604202596663145,-2.8452543329989237,-2.5464375707330147,1.6396964541254004,0.23895542375275455,-1.3027155120152774,-1.5523800471649418,1.3521043649396955,-2.056446033869866,-2.874241869872176,0.3494237375113512,-2.8421702904619623,0.06234273117912009,-0.5293224130515698,0.331447232099008,-0.6180253920585329,1.6183167027451677,-0.009364582799732683,-0.24677771427384404,-1.3809984304093215,-0.6202760494500454,-1.5621777826244991,-1.1597137485801112,-1.5225208500871066,0.06465925322167748,-1.1147953896346647,0.45904086870814337,-1.5757541144120537,1.9470968832642488,-2.009495488916452,1.42738179748888,1.373060291900444,1.7746941450018088,1.9853856540141963,2.8585332896491744,0.8240328963930833,0.5771830556372312,0.599633512062714,0.32673222255659234
225,,,2.4023750083203987,1.2314923301536282,2.97848652303857,0.27795998710423026,-0.214354057487042,0.5100460414092,1.4098846088076935,-1.083856804565515,-2.0581200458063504,3.3764354334028623,-2.024208228296904,-1.1766127045647432,-1.1698752482007941,-2.796951654732658,-3.1985557541833627,-2.1987601069072005,1.035494900092743,-0.01394032551533747,-1.0286766307376722,-2.0012525410593627,1.112501966256669,-1.8055402923903947,-2.7708604515048685,0.9763649438899303,-2.491536071792715,0.24125695016763418,-0.2673363116666216,0.08127559093887061,-0.6501949860389161,1.3405281495977694,-0.9295732740953963,-0.04545749649450913,0.5305212220518738,-0.6955101822509586,-1.6716202193310383,-1.2260280641280932,-1.4762709680632395,0.04336651494730291,-1.6583171755059676,0.4287096075356704,-1.8226718490257867,2.3879854455520535,-1.6182470638265658,1.503045020675526,1.5375412794754848,2.435738267906941,2.2628605759223035,4.355054623705432,1.5385465211771385,1.2317333341084074,1.7298073095217217,1.1353163524119463
227,field,2.0,2.11740316313343,1.081593104441452,2.4150041506167366,-0.906894275987215,-0.6309343584140554,0.3784180981294142,1.1258290379304614,-1.4934608198350787,-2.609517361651519,3.548521459597497,-2.5934042235083874,-1.5846226488799768,-1.2066104865978442,-2.9173676104378914,-3.34730090880719,-2.740586234019552,0.9360367019417584,-0.2450304693486661,-1.5300378739019522,-1.714776976338907,1.3571668643891748,-1.9148484968009922,-2.913232525290088,0.6230711201111021,-2.3297344256987627,0.5011286347896973,-0.10020702714637762,0.7517036915027246,-0.2924188109194574,1.9830560505780306,0.5107657444108956,0.37195123100184363,-0.8228469619309351,0.02226191545888674,-1.1069074822126128,-0.4017451102260292,-0.82710772679179,0.7820568775882705,-0.9610539913610574,1.0634751391526776,-1.185614284894209,2.4931370542920908,-1.1219316664805277,1.947784062956352,1.9628149462134281,2.1050670415668566,2.627437483995952,2.7882455999216074,0.9274761895762957,1.0836169869375898,1.365304073152086,0.6278663340947457
228,,,1.9050582871468016,1.0751262229958725,2.9085590549647407,-0.7616495911435719,-0.48146743517766044,0.06858714817812028,1.4689453446192318,-1.2526225168188323,-2.078969997062488,3.186161517217467,-2.1764364547662147,-1.03068507039639,-0.9420246844994714,-3.003949497137655,-3.5026787940326365,-2.797869673724848,0.7448314637073135,-0.15964084457123082,-1.619883797515226,-1.853005569406637,1.1346803342575196,-1.7612869788915448,-2.774238069191571,0.7395758175701154,-1.7309125861060455,0.607762305005173,-0.3927541529529904,0.6918737360548423,-0.1764093310855565,1.8050661338399343,0.4575197473956235,0.8423826464077738,-0.8880051594993563,0.1762910175499112,-0.9527297178305921,-0.29139771880747173,-0.5548499811116844,1.0401167059452756,-0.972269041117878,1.8472456006745663,-0.9276294741574529,2.31839566492045,-1.3303627209507465,1.688304785071886,1.5010805196822972,2.0585497210260986,1.9954144395855242,2.6383679908214774,0.5585223475045821,0.6663025070986959,0.14175222994959494,0.14725556876487722
241,field,2.0,2.683316402269902,1.3747282213556973,2.9513361506837246,0.4915482400623769,-0.4358893640351365,0.9530307900701467,1.7636695917620104,-1.3239599141402976,-1.6623753663141532,3.6026245546317806,-2.001908257758743,-0.6206189653908092,-0.6064147833931904,-3.087854132623169,-3.3166777244530823,-2.0338557189464437,0.8295038925199506,0.5550835197901622,-1.8823092481118016,-1.7667278173704848,2.0643273394469626,-0.4688197188830184,-3.486108047858132,0.09326296839176644,-2.880568826740419,0.46304278936181403,0.08628497575412465,0.9750056076293682,0.26532371296956214,1.6238225452436796,-0.7520326976186853,0.3264518363327021,-1.0061338801785042,-0.1721435894087232,-1.0958245287234178,-0.8753631426291477,-1.104879827544973,0.4338868462881593,-1.8597568059410081,0.35629262037150694,-1.5674778696438234,1.6451594940500411,-1.6921641496135347,1.0679266766962847,1.2241480143908663,1.6691751587172545,2.04541640164684,3.0551288457859127,0.9385870480128008,0.9399444406815206,0.7174508877091661,0.50438480469462
245,field,1.0,2.7428729727376697,2.124609127439287,3.2794030379610697,0.7611874279853881,0.19264210220839417,1.006717145611263,2.2111828823621495,-0.5322076913136249,-1.1365857526126262,3.833483985039916,-1.9783120418562368,-0.8631380322977694,-0.10656057360808797,-2.4762567976481753,-2.5285781348471543,-1.3220942003351,1.472982577519624,-0.03155471432506491,-0.9207415037800282,-9.30280202120477,1.6763873684163624,-2.042982410841583,-9.30280202120477,0.8053799389770389,-9.30280202120477,0.6034317569993842,0.2591806521820713,1.1763433830988368,0.4277596961777666,2.273314182051631,-0.37708174764454744,1.3963893002163963,-0.5229369203409184,0.37735446243682663,-0.4444333848967507,-0.2661010056397071,-0.4376316015529951,1.1504529832119672,-1.381992341916169,1.1353643911195093,-1.146578698010145,2.5950388455834137,-0.7824139388920124,2.229465180554199,2.2201034771478,2.6864197326342154,2.5884913839892567,2.9573894232129008,0.9375505479472667,1.3719967328606588,0.28432959829497056,0.4293632599957734
246,field,2.0,2.534195544517642,1.294126721673789,3.7460048683514144,0.5015276783494333,-0.19139500452314243,0.7635560615813705,1.7453302924900165,-0.8709176586417372,-1.8792515969768864,3.4361419596783556,-1.6300675423169462,-0.8290923294252192,-0.7038181524669352,-2.6000225769243013,-3.970360616013434,-1.6142140605129678,0.8325143788844785,0.22572438015248747,-1.5163109178308365,-10.097229800127618,1.449265828281941,-1.6002393160289006,-3.6969723548187976,1.7118368578360246,-2.363984153597823,1.2169763974389243,-0.6623069126429717,0.33723888237806443,-0.8821009114196388,1.2851768726342219,0.5032973476837984,0.9772682190316184,1.5264675127964886,-0.25259032340069604,-1.2965131714084592,-0.6245251636839448,-1.1961356785190573,0.34532091758573963,-1.3610617342693914,0.8708477924621827,-1.1775091445905597,2.0681302199012905,-1.4907445012326195,1.8998240681337415,1.5088398642404266,2.668764300902602,2.3048741591935413,3.5916126162735043,1.1275067973252344,0.9680169693978944,0.6473722494317818,0.41960386276489986
247,field,2.0,2.053880800578005,1.1297670879595594,3.6115936101251505,0.3631081557176037,-0.1735700665866697,0.19402535747296126,1.6104878865239298,-1.2614365323695007,-1.7235611145542382,2.8269744702027335,-2.254862993125883,-1.1243089935493995,-0.544555767477461,-2.8127114757412217,-2.686268122242663,-0.9873840399980018,0.6397301506456906,0.013762455604498392,-0.951880660569611,-10.250506597413153,2.2226193020706426,-1.8972450976792803,-3.6547260834518425,0.6708892063761209,-1.944281381380993,0.44118828423203493,0.6807236122912721,1.383786581680689,0.5859714662195425,2.0845615440986034,-0.6194841515239464,-0.027184449408836266,-0.6652290556977652,0.1905848199215697,-0.8713521520015177,-0.40005069142883154,-0.3523834073761767,0.851906041127283,-1.5410415183497939,0.5595647265269867,-1.8156086487237468,2.8929624794885123,-1.3792819530036018,1.1947608190830796,1.44036419595005,2.021367833500214,2.3432676485108366,3.59194088206339,1.0389252549785692,0.8431996032162472,1.8173264463930987,0.6396742310952692
249,field,2.0,2.9691467550183583,1.2786905159352617,3.9362039816129486,0.7523579776823107,0.4703204508030465,0.8676752389177311,2.264544592753105,-0.42678305368900554,-1.1968824052614297,3.409860008384549,-1.004848852684899,-0.05660067859637864,-0.1704241453479896,-2.3420660306548458,-2.3435726222769193,-1.9644600034040023,1.429842316832859,0.42360665925001834,-1.2240718456614543,-10.227018976414659,1.9523554215833443,-0.037413073402932956,-2.923848925177859,1.073270043759256,-10.227018976414659,0.9747783595728075,0.06210505659544766,0.9402703917320533,0.26639184574610947,1.6314729612553822,0.07097384399329132,0.5707386226263553,-0.9854706773142833,-0.21163233138112242,-1.08249794547577,-1.0531351414490915,-1.1506672444417931,0.5916987457983028,-0.9904262332944107,1.0489428786404964,-1.405139113730817,2.1913950868956373,-1.4766526980470334,1.6410392439325956,1.418144545181537,1.9734379303298788,2.0805130853702853,2.9940143848713467,1.0232811900216505,1.3509636251888733,-0.6471170506766664,1.489712264513193
251,field,2.0,2.5207060310431317,1.118421072154052,3.3634474926825133,0.025515510802810365,-0.6278477158797885,0.3955188251478181,1.1284779617918999,-1.3555609218000546,-1.8136060992559986,3.085573320234084,-1.9686232551794052,-1.0890837961282993,-0.497768772719347,-3.14611590142177,-3.077604651695918,-1.9841148002095141,0.49559141564575454,-0.2681133162931789,-1.492620263330058,-1.437971208474216,1.6936617486570016,-1.6545923530308726,-3.4252984130610953,0.18143470447865462,-1.995893012617478,0.30427802775994484,0.1970266004254247,1.1001726115587434,0.5036977848553162,1.5999004543930484,-0.6465438429567605,-0.05310558911421367,-0.7311170899290307,0.18873494933366172,-0.9576845220926085,-0.5902994908961031,-0.8192706836903847,0.8597238992256379,-1.7379032994444799,0.35214105913508065,-1.7315002040922562,1.7918898630892575,-1.4974067695084603,1.375908167038274,1.276719595709779,1.7696096579603768,2.1765705303533696,3.405013208344332,0.9648548332948992,0.8938203147453084,1.215999432946835,0.6152369000142943
252,field,1.0,2.621465277958195,1.560935955871281,3.4657193877674155,0.7751811671978988,0.08077877016854768,0.9167814394002687,1.7413314761980405,-0.7515884344948343,-1.8730512486138653,3.264262355472284,-1.7205009959086885,-1.1724690895664018,-1.303886316498589,-3.100939604336359,-2.9819777402987393,-2.9014276575554265,0.833920427474021,-0.32226540227649686,-1.9068884688539685,-1.6697551017177186,1.3299782914084204,-1.7382768477497457,-2.55138334338867,0.020096304362844646,-2.9386330116054933,0.1338597213970616,-0.5352555829505092,0.25719956174988806,-0.5209158063052935,1.3638453027922162,-0.15220769632347492,0.1455348649205305,-1.3761277837484878,-0.6817516953437568,-1.5795558822648792,-1.186611838310379,-1.48178262110205,0.0843421111582502,-1.3965776124888307,0.4482323114426617,-1.6881935242122093,1.8919813263819345,-1.9886212497638824,1.5131819061701393,1.6024221495987008,2.259759301091391,3.4459021579664224,3.559363659345823,1.6163168363773885,1.4357266715863701,1.60007140620186,1.5524544142188832
253,,,2.4156840564862816,1.179654909002197,2.9157798540516735,0.3146184043680398,-0.2578333097433913,0.7057655134073514,1.368800401441924,-0.9975005059382296,-1.2527970736900222,3.102828619276073,-1.823677951575252,-0.9679903702335839,-0.5898656565131843,-2.404048723962618,-2.787006876203375,-0.9660455537703432,0.8782844751545749,-0.2236168156417643,-1.0049214569178042,-1.4870421358427266,1.3416025958612123,-1.9885742015543397,-3.347560838520398,0.1643963852078577,-3.164363624927934,1.1354491375362483,-0.4504227119077463,0.48640828179174617,-0.42366478411746694,1.4716710474585997,-0.86704401140965,-0.16116476628647794,-1.2641848655357275,-0.4367396523942594,-1.2274024326820523,-0.8786598287237105,-1.1952792578910585,0.35291342173905965,-1.6581004349316795,0.535478494910694,-1.5887518124020215,2.130600203566485,-1.4089988148505617,1.6733586668379006,1.8388995581647412,2.076195971989196,2.4986196485295697,3.1347344395321994,1.0675681893404618,1.0793059881036013,0.3096462146522459,0.6449939897574458
256,field,1.0,2.764169407163676,1.060387646593598,3.3610883531705817,0.7439288793803579,0.2681943710579107,0.3743413931663082,1.7366332740130426,-0.664641160775067,-1.3402712237521148,3.083197478984893,-1.9771496561118558,-0.46473102975450314,-0.5322830982228048,-2.379108354693525,-2.352015064037999,-2.0230394101673386,0.8191195745928803,0.12169178490674713,-1.139938392471778,-0.9310496622597223,2.1996042331154904,-0.9827676965005021,-3.019549668741218,-0.42755984998394503,-10.193507988498013,0.6135294752614359,0.5119363054553366,1.2489199020588393,0.5652030761638206,1.7533728549800085,-0.9281114107737506,-0.05392117348745807,-0.9730192854700139,-0.1921226976854239,-1.0769289963363033,-1.0170346860334063,-1.0075627733565506,0.46186723962066173,-2.077090915703807,0.2820884162210055,-1.9714915512958158,1.7943899903385345,-1.9902039617027292,1.3613364690699983,1.3151383339873277,2.2993325617599285,2.1815265360823863,3.526807982980772,1.1283053959886706,1.1423222386498435,1.9133132206697498,1.0833533123818355
258,field,2.0,2.248675710661718,1.2949255752724367,2.5945535895044904,0.2302188765547765,-0.4045864811593468,0.34342417078196175,0.9395132395654117,-1.6563005081612372,-1.7387924597275346,3.654451776441151,-1.8995364158769419,-0.6907966663863154,-0.37949516811165385,-2.6737120114351827,-2.9086773017145595,-1.5203579652148975,1.027827351402461,-0.09513145894931783,-1.0528016978388457,-2.1783905742051575,1.7081142826590443,-1.6436348235891298,-9.515327487912774,0.020640818929942843,-2.195462558103805,0.34159242880701834,-0.09740400274043828,0.9330972180181115,-0.2230385332894248,1.8754981373953292,-0.5567873765006063,0.19736268934835466,-0.9200627610763821,-0.05081012204220942,-1.1890527005160103,-0.45198013967725226,-0.6605198552965476,0.8751129895777854,-1.8177521411104318,0.9045402333026726,-1.512967941660067,2.8227510122002597,-1.105719507176475,2.0779052651111294,2.128749038941237,2.5132499353114786,2.842555959206331,3.2980130474089497,1.437372002996336,1.5868439070156783,0.48456055890966826,0.7575488441488274
259,field,1.0,2.6127107158171223,1.1623103865930673,2.9577769619960055,1.0699025425965722,0.577562343700011,0.9485086932918799,2.5659244607277327,-0.5602379521966988,-1.2358604266903022,3.060929147089065,-1.9951563783244401,-0.7757575784002492,-0.9329055825362031,-2.6106783968538494,-2.868534626638695,-2.4179607825089136,1.1014870653300852,-0.01785571666988097,-1.2812983983219333,-1.7147879812297804,1.4194533941498184,-1.6260527630961485,-2.380643019501718,-0.13240194635990163,-3.0065081929783415,0.13305753250565322,-0.35452111535466524,0.610591976957377,-0.21018789446993597,1.6955587093649966,-0.4277972704601647,0.10828483841006238,-1.1927325931859114,-0.3667661663147656,-1.2405349706704174,-1.0114351973678422,-1.149461339245277,0.5034821628743728,-1.348149661740223,1.131241326411878,-1.4233017477972056,2.298182655332581,-1.6603939091639819,1.6655201675602849,1.4235581612729233,1.828468230759006,1.9775205576732018,2.564397599667254,0.5900156165001567,0.28597450003835684,-0.2456749401483995,-0.10482319839360789
260,field,1.0,1.5958743265543982,0.57152320841931,2.7637409848696453,0.33781402206486566,-0.3054748554794863,0.05226142512531732,2.110137231831162,-1.13649248748083,-1.6487939981319049,3.193836685538689,-1.8863032028481377,0.12088251631780415,0.01549732788268527,-2.886039413877087,-2.7729246094392557,-1.8568121465735057,0.7648909732885176,0.11322951251270562,-1.584852962142876,-2.532463078045061,1.5567116380327024,-1.7639198374632887,-3.3790604130095714,-0.10376718952614108,-2.1068793586571015,0.3360050382797994,-0.1994758920214125,0.720282529715759,-0.1728792039781723,2.1124128524981303,-0.8037949179188826,0.7626338116826349,0.3249812888440427,-0.19337645255656624,-1.2890539620095185,-0.753397714395162,-0.870737271397774,0.669493974036841,-1.8178246023933484,1.4150204127876762,-0.9845875079590093,2.203999661267663,-1.4799815636383569,1.4588217793544476,1.3497795869387337,2.0502207143806843,2.0028641906163447,2.8973373338198396,0.5655151954563232,0.6223132790189178,-0.2628254937465546,0.10363663355337668
262,field,2.0,1.9166916612209495,0.422041254197539,3.158837673444422,0.39297717843778973,-0.00454851589818213,-0.04169830777017588,1.9380510531204889,-0.7517411328971803,-1.662425369957785,2.899975505695174,-1.801878665062879,-0.7139037202641068,-0.6644021329813614,-2.7230115428671033,-2.6495051809235113,-2.31837226683164,0.6837013909541184,-0.10090165492383966,-1.681470266911412,-1.5570477047299838,1.7970905341310812,-1.6155234562850254,-3.479014658924919,-0.17873386092000582,-10.333369161179942,0.559213388784946,0.3237490072956431,1.555489609292414,1.1828309363239446,2.206110313120207,-0.7604711821068704,0.8877323321711714,-0.3197276001519206,0.6404169357096898,-0.009265196768304715,-0.7940128532590001,-0.6986765053771116,1.298423196306003,-1.9747028779919409,1.7940984926675834,-1.14691172966709,2.188510078527656,-1.2016391897856695,2.1266788137361097,1.5893254694729575,2.3260631175676436,2.0313042478511023,3.1884586898160494,0.6371368084331182,0.8966760176213286,0.22525212971791617,0.31611889881993455
263,field,1.0,2.6828201386442485,1.2373832511958631,3.3004028526658145,0.5319252230300905,0.06484363066223334,0.6158586881813897,1.8519414999494843,-0.5546883099540083,-1.315843140246335,3.5848130469219552,-1.0041841034755958,-0.35381153330410003,-0.17468002948900113,-2.594037546633507,-2.378193297800909,-1.5846429237705646,0.9813041094017837,-0.31894823385992965,-1.028741527429332,-1.445433315018948,1.5867047784296366,-1.7347982824465862,-2.627155706181384,-0.4696009117527905,-1.7837809579266524,0.017201348538111217,-0.19181281650035834,0.8509108690547836,-0.3488247941033939,1.7222983882483116,-0.9358094700299745,-0.1056017779822707,-1.057007420786427,-0.24816078400615785,-1.403794935119473,-0.6616381718483485,-1.109510283780022,0.48205207040566717,-9.779424562213924,0.6063965426869459,-1.350188649556828,2.151954625745112,-1.3884750973719364,2.0303632076313636,1.8947435181115888,2.7044464726938506,2.7431981855005896,3.166433113477485,0.8663098109684938,1.3622343022280528,1.019109656526865,-0.10686074831096737
264,field,1.0,3.295092824950163,1.8024527682331322,3.9495126107367526,1.031156925465882,0.5228973890857649,1.4313394797176624,2.29745527705988,-0.13306302200400555,-1.2525732068378317,4.137125525621278,-0.9633903496033701,-0.12233454210044802,0.2648260663325587,-2.960055782595854,-2.2820834000551438,-1.4243551973890678,1.4573685229648312,0.2117663214194381,-0.811345303121206,-9.458337932072288,1.5960696887552948,-1.5985387515101779,-9.458337932072288,0.5204426044992715,-9.458337932072288,0.9848833493770387,-0.14084864457906202,0.5896394989487875,-0.4018482849143654,2.2392563327602435,-0.5391523220268587,0.3035860561420533,-1.129886865252928,-0.27239271693082673,-1.1474311749038373,-0.4629249566389745,-0.8376860322878205,0.6601803516674996,-1.4766046453804018,0.7918550333650821,-1.4647179372445438,2.349486004394938,-1.248485450771016,1.9473920012943846,2.0055653418123454,2.663929101598822,2.752254483889548,3.8844597298952364,1.5853196329370278,1.3168613089400278,1.3069630469947389,1.1455951035048972
290,field,2.0,1.7909135458242447,0.38041133318265874,2.8212949047758857,-0.40737676374793796,-0.7206408639257801,0.10632960512439454,1.1967719426032863,-1.4467819094924608,-2.2194170434678453,3.389414115127008,-1.6508804068305092,-1.204348336250838,-0.9750318454396596,-3.0213753710434976,-3.4236302035214137,-2.0115298723377317,0.7594103469185947,0.15093450236215364,-1.2436474326197002,-2.0828261685683995,1.170177597441793,-2.0910358768196384,-3.130852960448403,2.335843931398634,-3.1664569036208925,0.6471414115189402,-0.3097944328437877,0.6020648348565936,-0.024799402053669928,1.732762125635837,-0.3527859976646737,0.4852870224242887,-0.4310278229763503,0.1005361736313301,-0.6335422447618857,-0.4575396683403806,-0.9831662108678463,0.8903099567992113,-1.432402684796968,1.4168876063697895,-0.8017176353602364,2.352021876919366,-1.0128161167356398,1.6964486055885206,1.412966443271573,1.978548960012624,1.8272452482142658,2.806361364091526,0.5826753559824586,0.8796549598369033,1.2823746468931039,0.4406357577311648
291,,,1.530064292255819,0.1085674676139334,2.9943962106272544,-0.5392482838686906,-0.7043229383102242,-0.35615414274184237,1.1625263172751568,-1.2372432343236182,-1.9746243388961113,3.3859135986228894,-2.021926604135021,-1.327904405289699,-1.2720588061667821,-3.093195125621588,-3.3645434077347747,-2.6636054253870607,0.7856603593161167,-0.19092210534862084,-1.4774737587023947,-1.6611166553237044,1.3188491795508936,-2.0485396472582558,-2.600765963241073,-0.05857799664486296,-2.6553249474915077,0.5186432160074944,-0.32808746851699844,0.46353917342823897,-0.39978881965619484,1.8008872107151506,-0.43068653789887107,0.6109421211586045,-1.06834739660999,-0.14129725839363716,-1.1882692297271584,0.011727628250747711,-0.7768213778417502,0.645812122824138,-1.016098750777162,1.1616198468274745,-1.3299473069194994,2.674337655012557,-0.8810343822134121,2.24774431790322,2.147465155822058,2.7990653842484785,2.292635337576024,3.586880135318991,1.096343456646319,1.319840607908463,1.5323286932618165,0.6121368268686637
293,field,2.0,1.7324602321302593,0.9857677562307213,3.5238985449729827,2.0871615913458545,1.3828531788099696,0.1916098399929145,3.7381180206260654,-0.49317998182926825,-0.2379625074622377,2.789058671414616,-2.569348696444942,1.633418557485518,1.4190573002332978,-0.8232636828751536,-1.1757859810979605,-1.4955607413013967,0.9578279918305215,1.3107077878163151,-0.8730919280851305,-0.8055343372262233,3.592625263451136,0.22700552775159785,-2.3318407240836962,-0.9499905478053425,-2.4526244221368003,0.3254262766170291,0.31712037537838944,1.2140438989129716,0.17204678321328387,1.4374464422519513,-1.7162492005267886,-0.5443515720100497,-1.7423155761906368,-0.6791217147260699,-1.828521631571842,-1.1466432704728988,-1.518250790357106,-0.26332474095404607,-2.8498294725070417,-0.6662285117336351,-2.836506600251069,0.6789659167745272,-2.91608620712575,0.234582581614326,0.19865760737753022,1.1640807489732214,0.9057530374716463,2.5082184025485703,-0.46158853457586096,-0.38023981737020623,-0.2603606406661626,-0.7101105038378996
294,field,1.0,1.587843155895601,0.4136260799320789,2.3312955843918592,1.5925840194102805,1.4781972462784798,-0.5728442725282902,3.6400977438304856,0.40248850897587757,-1.4547490270039738,3.531683429985511,-1.5841423906309475,-1.4634478005578497,-1.199268818234568,-3.458478746948113,-3.4110122097091895,-3.1438200867981303,0.6130821867052719,-0.7552433592197502,-1.7306407053483832,-2.6227806424441362,0.9495523088955999,-2.319878144508326,-3.3314790561868057,-0.21609664976934534,-2.7921640536837415,-0.14407180708760417,-0.8063622197899559,0.23766591815723545,-0.8184298456105595,1.3679512728273866,-0.2801356066024895,-0.17571565462866126,-1.4339004608824302,-0.45902078351504266,-1.5125685978927998,-0.5479129623276608,-1.2161819608029438,0.36150130491892585,-1.207186948341618,0.6657251611647367,-1.5588878589259003,2.175827108281586,-1.2533763308109926,1.8796767969974462,1.9223262526727107,2.9547880811078904,2.6095750354306464,4.513972302439358,1.4892894678792026,1.6952793812877638,1.8636077028873288,1.1921609504369437
295,,,1.6679422054724666,0.49179586487394833,2.3252343648411222,-0.17526839458681287,-0.800928542093383,0.29258290918119323,1.062326148702405,-1.623921589595151,-1.7484669719117503,3.1969627953293185,-2.4876260274323228,0.44536895997572185,0.048325015609901024,-2.8817956975376298,-3.261243514096314,-3.0165700984017496,1.1767245511436426,0.5809295636949751,-2.0218452998995615,-0.6958665582042678,1.9515531682896556,0.4531031609853841,-2.3306003554258794,0.8579034333899755,-2.6864255866505315,0.9484512147140107,0.5459483563110377,1.7168806227852327,0.8198282859159168,2.0780724795049728,-0.5675398431585337,0.4366499964661463,-0.9330944162624953,0.3619211912556864,-0.7633163607707949,-0.3438807393324749,-0.6141621825663979,0.8920640868790545,-2.0283058669025054,0.3939124010360853,-1.8333331925549918,1.4322662635806682,-1.8574307441340523,0.7981718809070795,0.6282398414229753,1.6552178355582459,1.1380771139967787,3.3244218637899423,0.32865341778543394,0.1722311195787683,0.5666724060512179,-0.11681053751135238
296,field,1.0,1.6097892894927641,0.3627715026515812,2.9095350733056113,0.73412323678767,0.47343723080512956,-0.2776547115015727,2.65176357598682,-0.6743780884006679,-1.4764580096412032,3.1784164906043966,-2.0786840496850654,-0.5683958518849632,-0.5817213585557379,-2.7614445240562007,-3.0864254428713673,-2.652416802821663,0.9935508516801196,-0.1499069092476003,-1.3444364910833713,-2.11953021309754,1.5760738109443584,-1.6948484492870495,-2.765663130504363,-0.5637948127963943,-2.738742073437894,0.14829870748490284,-0.3227481316031939,0.460289821373211,-0.5959288667777632,2.2873339405243027,-0.6296291391944412,0.8306799642282027,-0.754919401177429,-0.14076063193611404,-1.21332033418936,-0.5728465803343921,-0.7265112820496873,0.7207783316397021,-1.3475960513737397,1.4552903798302979,-0.9048595484683437,2.1989724913075226,-1.267839769961721,1.339695369260971,1.391182184317434,1.992280923220608,1.6669592551765147,3.146131829806322,0.3906992799088001,0.5909473852443432,0.6803390799789939,0.22212065037826487
297,field,1.0,1.4362941815903751,1.3643987318683624,2.457278600136705,0.9374629854628697,0.4219430152676579,-0.22178935408292924,2.584414086055939,-1.2543312686778603,-0.4993977091339247,2.5891515330805217,-2.68312211091055,1.3835618901872357,0.9789046258797046,-1.2294523473178887,-1.4843008931708643,-1.5983958632585074,0.9436226061107942,0.9156726173378211,-0.9457812641687212,-0.8418825844191254,3.109252616096952,0.04472210618895428,-2.5528569160726486,1.0221051992897685,-2.7111800637057075,0.4683067953731462,0.33117199877616577,1.3337806622235744,0.4694787717522343,1.5791271588565003,-1.2072833517252997,-0.30123645239116253,-1.3387345441756195,-0.24397662052427563,-1.315915217854413,-0.8695126313956155,-1.1881328783321947,0.3373863219863022,-2.342330213144821,-0.04508167308395338,-2.3280030539433025,1.8029113568077173,-2.314060432190391,0.6931019863655228,0.5315816501309634,1.0418758033095983,0.7801899080381487,1.6489728980978502,-0.6127465744825112,-0.2515680595454579,-0.16951405590192806,-0.6560839726617061
298,field,2.0,1.6069728566020254,-0.10248220245513821,3.00663151257442,0.33799490575190505,0.05028623366453753,-0.8518038783752876,2.150801873208807,-0.7287847341423203,-1.4692583597216338,3.1583171793224736,-1.1914105295539983,-1.1461664320481642,-0.36024568706483023,-2.1811389606329747,-2.1473640340947546,-0.6195667842923056,0.45033988392469176,-0.255559123196823,-0.5651494765908676,-1.6021069017076615,1.3361260675383742,-2.321892310888412,-3.167986839802632,0.715853642284271,-3.008218699563269,0.04466674276824153,-0.5946882619690241,0.19991992906313838,-0.7835951480389349,1.5246244048850115,-0.7512979964126806,0.18971427115784253,-0.11784694166710401,-0.32288170178805065,-1.3848302121214708,-0.5051620520548856,-1.072502760903105,0.5170527303384833,-1.6158063843992114,1.0753110469673466,-1.3651385842879338,2.1235530701578957,-1.275307359548957,1.4325915172427137,1.6124575321270818,2.30474168802982,2.2186379546515367,3.3229612279875425,0.7861496607576155,0.7053625779158036,0.3664465135070083,0.2706773348938401
299,,,2.520715520309575,-0.5418499338709587,4.288968278826221,0.832101218825941,0.5010958105461522,0.45987975253397484,2.2322710318197396,-0.15345008631698112,-1.1676977234502854,3.323144046027636,-1.0214230141328446,-0.6279388015700731,-0.15994601838108505,-2.671097383840062,-2.9553976471844616,-1.59025726491775,1.0582869413450717,-0.10006898030214294,-0.8959039155202655,-1.0544699310455523,1.8249960401993806,-1.9489045960836866,-3.211837564177576,0.9820258771895024,-2.7296915481061146,0.4486091985945595,-0.35208295390713473,0.24312387900112445,-0.5121996103700178,1.4592853911186365,-0.8865624583804323,-0.2677201210374236,-0.9024692466354259,-0.4802162804260175,-1.4744685537698845,-1.115094552861987,-1.362709632716882,0.30806027847068534,-2.2339576824665515,0.396931917056999,-1.7200518059128582,1.9050165159005936,-1.6506663927133098,1.4438747615516903,1.4307645834633584,1.9853521228607127,1.8729430985309616,2.891156259821432,0.393925819758045,0.5332011621788603,0.3539025847840401,0.0985016093828916
300,field,2.0,2.0275560456633124,0.04751771702386446,3.7134501546263925,-0.08493765016885604,-0.31670443255025066,-0.5685271774668796,1.362945926519974,-0.9563254160535457,-2.1985702537076035,3.1907200193740923,-2.0995446401307416,-1.4684840401002317,-1.6271607172786369,-3.9748787717799394,-3.76787845271521,-2.9715198786113213,0.6002360662209474,-0.23154662420994396,-1.9098074505767655,-1.5751267755640508,0.965082998633157,-2.5056628734662247,-3.4282454074569078,0.6554409797610906,-3.173649059590892,0.6683976289342097,-0.6476757968861135,0.35636999200542646,-0.3850387593970047,1.4802093485715382,0.5009469123566576,1.1724869379778913,-1.009763782097009,-0.18040458753052235,-1.0051197430823626,-0.2937807926483137,-1.1341777473555155,0.6486399333934245,-1.0904873819852607,0.985413193496742,-1.4821943835686502,2.22458282740624,-1.1620133484694453,1.701495737544187,1.6032812456707244,2.8344199859190637,2.1068227083845454,4.852527631306932,1.6087328100388834,1.5334192328098564,2.5320632540721046,1.876466656736937
301,field,2.0,1.6726960655638639,0.41028558490630784,3.1966710639571234,1.066818852402658,0.9327227897623944,-0.4304233334941358,3.00661700239724,-0.11483367694909151,-1.603954428957347,3.5424863835248823,-1.727421629651439,-1.358937403884912,-0.9075994986351997,-3.2821427592464683,-3.4733347107540755,-2.215642312604068,0.5614623485121637,-0.4985354200886371,-1.683542584281355,-2.8771106452996476,1.1745349514649839,-2.466892881885623,-3.469411598621604,-0.5157419740288947,-2.8392901190666833,-0.10598466406342173,-0.5084183185427595,0.32865229572821164,-0.6000543741009734,2.05194907929118,-0.48843129850222994,0.07728520953939205,-1.0244463601552312,-0.132463908325362,-1.1168810259471555,-0.4251875236348886,-0.9409615237271515,0.6475287852960474,-1.1991361514021361,1.170723525417178,-1.0512908381002786,2.36627571814286,-1.0288024792135004,1.6272744615690253,1.6789293447000198,2.2514725650737013,2.298671996246169,3.611525449557395,1.43330182351203,1.12533641459479,1.106993283847231,0.7466584481574222
302,,,2.0891856239888353,1.5770285038483842,3.0390744470383475,1.4890570006572825,0.8789806149229253,0.5220455277770637,2.0438390153925883,-0.8876509124657784,-0.9778681976920774,2.8376980872138913,-2.347663559431933,0.921463898601977,0.9003880762931529,-1.322549781913146,-1.541812264192995,-1.4284121796392235,0.6230305873030648,0.8179708103533347,-0.9113809509322068,-1.2244610000979106,3.0136154737837626,-0.2931454262045541,-3.111803612145497,-0.1735477680168982,-2.3654430598050338,0.23363342402847798,-0.058000761652925725,0.8276358983616546,-0.1802815852886993,1.706921962946889,-0.9372566618302711,-0.13759255894021108,-1.6089949544796827,-0.5930421251529658,-1.6493548970915985,-1.0402005187992818,-1.4849801701284904,-0.1061804749124752,-2.3723002295311706,0.2816763792305192,-1.9554324893251949,1.5021209351486051,-2.2089359006034823,0.7840533886943227,0.8461741386172745,1.4394334777112743,1.373391949219351,2.3852686109026555,0.01337514556671443,0.041240363103801525,-0.6180275036452179,-0.6519837967872315
303,field,2.0,1.6298182268084178,0.09077895258250278,3.01926346936099,-0.09979684629228655,-0.35792898724224675,-0.2822931224061237,1.3172043647690723,-1.048739354151176,-1.8622013652034544,3.170365525749522,-1.4674403527112343,-1.094589008080468,-0.969924290782697,-2.6800437977274685,-2.994182795046182,-2.3213827558171065,0.7732139796510086,-0.4449758125287668,-1.4574385043151608,-1.7624020901640687,1.2804095608616923,-1.7679766845159977,-2.9453148673555787,-0.37984724090084,-2.4888157001173106,0.26066320796964393,-0.4566138011488847,0.41563275968921626,-0.7834408450880761,1.9527299516957073,-0.6568781217796468,1.0565270442546963,-0.6183533113251788,0.04362925544957849,-0.8356830760780635,-0.3712750795120989,-0.5615631620776596,0.9699584230046511,-1.7399433527231245,1.726893628711236,-0.7483207180404262,2.5004969943759154,-0.9197893574080469,1.599941304823899,1.5380068764323098,2.2140919309465863,1.9626596408323755,3.8459689183217525,0.6187780792792266,0.8388158553595216,0.9986648240874658,0.2926416255223828
304,field,1.0,0.7367250896161426,-0.16898690850306883,2.592683758464818,1.3851858012386047,1.3202340223895375,-1.0889839840499382,3.814862768272873,0.26233311776936086,-1.7093165726004544,1.9852235240624474,-2.1154885729369948,-1.9654013815831024,-1.403378973042124,-4.207433454125261,-4.093841768568353,-3.746781930449806,0.05602986919788894,-0.6394925820027194,-2.3931526365554125,-2.613001182309031,1.035611655514085,-2.781234049034037,-3.6930136425332067,-0.5393915325226529,-3.0758201828382012,0.058250136656997395,-0.7656104965770634,0.22026102542242715,-0.5582003356438983,1.6583110574041453,-0.32711902321923164,0.45301348924489127,-0.9964116319374454,-0.11838110338930488,-1.0999007257760518,0.487593892101367,-0.8947662335264562,0.8129576971180152,-1.3626382624914262,1.843783090021534,-0.7242815588089304,3.334762653019211,-0.47403997509362533,2.74857564383167,2.728449511220022,3.149971385920146,2.9998995160774817,3.8157636038406113,1.3912036723636512,1.618815259672687,1.9376526405598864,1.1079148191172914
331,,,1.4860171546239305,0.25631425618129255,3.441138664443402,0.9344582701491891,0.7703174852728902,-0.6459767720255105,2.7884545864132173,-0.22950861495251082,-1.877909460596609,2.931579803771908,-1.109830267112751,-1.689032125483602,-1.2991816567295391,-3.164907823428146,-3.044610870125313,-2.132441483999436,0.39863587305047693,-1.0172558090278496,-1.4950864503061445,-2.0618108200947978,1.0251554520505946,-2.5294903220764415,-3.1536446311494357,-0.957250027775966,-2.982047037718457,-0.3225040219600388,-0.7459070441325637,-0.02133228359290293,-0.8531951502858115,1.3798147072846554,-0.8763363213401826,-0.10241458111002251,-1.3482891195213842,-0.3816560889816868,-1.3409502782659415,-0.12946744410611216,-1.0785458389037366,0.49621675594377157,-1.6972025101274633,1.0952086420372211,-0.9889432455187762,2.6068407462098593,-0.9452823094027604,1.9156117103203538,2.0503825685374877,2.7742210421030498,2.5152408540184843,4.660499504213042,1.8800229277326193,1.41295103285888,2.2490687861095977,1.1538595865259638
333,,,1.4598461053823024,0.5387304542140607,2.1531105898715306,0.6170928797769449,0.39818860428943265,-0.23894049549021748,2.5801479231516398,-0.6639334494014454,-1.642881681355423,3.7204678829167905,-2.2538823879688925,-1.8422169112269768,-1.3447307817407805,-3.557938650851811,-3.1855975901686793,-3.2294775493570205,0.6305762301142319,-0.733929091338011,-1.769765986043042,-2.6478972658974387,1.1121056605324633,-2.3473284171693014,-2.859969601854788,-0.15309593439276017,-2.821694943108494,-0.06645622558800386,-0.5069413887031673,0.41924030053520617,-0.4343300421566425,1.7765687316938077,-0.19625131886194544,0.13051106539560633,-0.6471302948640517,-0.08407928084461633,-1.0564322678974567,0.031351880099228326,-0.8480998604693513,0.7913755837089892,-1.1733133422770243,1.3482188981116947,-0.9211087502461263,2.7233498729775465,-0.9195720615073104,1.9582192944458328,2.1133672351264816,2.6104939074034044,2.2460179811959544,3.702755277497158,1.0977592304051538,1.4115911618335597,1.5381744424699335,1.0377343776318184
